Post Id,Published At,Channel Name,Channel Type,Network,Post Type,Post Text (Excerpt),Post URL,Tags,Reactions,Comments,Replies,Eng. Rate,Impressions,Shares,Reach,Clicks,engagements,impressions,organicImpressions,uniqueOrganicImpressions,views
6a888dcd89955d07050cf926,2026-08-21T17:41:41.457Z,Union Coop تعاونية الاتحاد,page,facebook,Post,"حضّر. شارك. اربح 

هل تعتقد أنك وطفلك تستطيعان تحضير صندوق الغداء المثالي؟ 

شارك الآن لتحصل على فرصة الفوز ببطاقة هدايا من ""بطاقة الأفضل"" بقيمة 250 درهم! Act as a senior frontend engineer and data engineer. Implement **only the Creative tab** from `GP-BizCom-Dashboard.html`, using the available files in:

`docs/data/creative-tab`

The result must visually match the reference HTML and display real values from the supplied CSV files. Add **Month, Year, and Brand dropdown filters**.

## 1. Inspect the sources first

Before implementation:

- Locate and read `GP-BizCom-Dashboard.html`.
- Inspect the Creative tab’s HTML, CSS, JavaScript, calculation formulas, benchmarks, galleries, subtabs, and methodology tables.
- Read `Creative-Section-Build-Brief-Tech-Team.docx`.
- Inspect the actual CSV headers, records, platforms, date ranges, and missing fields.
- Identify which HTML values are directly available, calculable, or unavailable.
- Treat the HTML as the visual reference and the CSV files as the source of actual performance data.
- Never use the HTML’s cached Pocari Sweat or Marah Kids demo values as client data.

Use the existing project architecture and stack. If this is an empty project, use React, TypeScript, Tailwind CSS, and CSS. Do not build other dashboard tabs.

## 2. Match the Creative tab UI

Reproduce the reference’s:

- Dark background and panel colours.
- Typography, font sizes, spacing, borders, radii, and score colours.
- Creative heading and overall layout.
- Organic and Paid summary panels.
- Organic and Paid subtabs.
- Meta ads and Google Shopping subtabs inside Paid.
- KPI cards.
- Post and creative galleries.
- Metric labels and formatting.
- Expandable methodology sections and detail tables.
- Responsive behaviour.

Reuse or carefully adapt the reference CSS. Do not replace the design with a generic dashboard or the six-card layout described in the build brief.

Preserve the reference’s metric labels. Replace demo brand names with the selected real brand. Replace “live” badges and fixed “last 30d/90d” text with accurate uploaded-data and selected-period labels.

Place the Month, Year, and Brand dropdowns near the Creative heading without disrupting the reference layout.

## 3. Load and normalise the available data

Support both source formats:

- Buffer CSV files, generally UTF-8.
- Meta exports encoded as UTF-16, containing a `sep=,` line and multiple tables separated by blank lines.

Inspect file contents rather than relying exclusively on filenames. Some filenames and the build brief misidentify platforms.

Create a configurable mapping for:

- Union Coop.
- Souq Al Bahar.
- Souq Al Jubair.
- Account/platform identifiers and filename aliases.

Store a normalised post record containing the available fields:

- Brand and account.
- Platform.
- Post ID.
- Publication timestamp.
- Post type.
- Caption.
- Post URL.
- Reach and views.
- Shares, saves, comments, and reactions.
- Average watch time.
- Available story behaviour metrics.
- Source file and reporting-period information.

Preserve missing values as missing during normalisation. Distinguish zero, missing, and unsupported fields.

## 4. Prevent duplicate counting

The two Union Coop Instagram exports contain the same 1,324 Post IDs, with differing metric values for some posts.

- Do not concatenate these exports and double-count posts.
- Identify posts using brand/account, platform, and Post ID.
- Use a documented source-precedence or export-version rule.
- Report conflicting values during import.
- Do not choose the largest metric value merely to resolve a conflict.
- Do not mix account summaries, selected-post extracts, and complete post exports into one total.

Document the source-selection rule used.

## 5. Implement the dropdown filters

**Year**
- Generate options from available dated data.
- Do not fabricate records for other years.

**Month**
- Filter post records by publication month.
- Label these results as performance of posts published during the selected period.
- Do not claim that all exported engagements occurred during that month.
- Mark incomplete periods, including September, using source coverage.

**Brand**
- Show the available brands.
- Update all supported Creative metrics and sections consistently.
- When a brand lacks post-level data, display an informative unavailable state.

Use the source account’s reporting timezone when supplied. Otherwise, document one consistent assumption.

Do not add a segmentation dropdown.

## 6. Populate supported Organic post metrics

For eligible Union Coop Instagram Posts/Reels:

- Caption: from `Post Text (Excerpt)`.
- Post link: from `Post URL`.
- Format badge: from `Post Type`.
- Reach: from `Reach`.
- Active actions: `Shares + Saves + Comments`.
- Active engagement rate: `Active actions / Reach`.
- Frequency: `Views / Reach`.
- Watch time: from `Avg. Watch Time (sec)`, where available.

Exclude zero or missing reach from calculations that divide by reach. Never replace unavailable action fields with measured zero without a documented source rule.

Populate **“Posts, ranked by active engagement rate”** by sorting eligible posts from highest to lowest rate.

Calculate the overall engagement rate from matching totals:

`Sum of active actions / Sum of reach`

Do not average individual percentages.

Summed post reach must not be described as unique monthly audience reach.

Only three of the 179 Instagram Reels have average watch time populated. Do not estimate missing watch time.

The Souq exports currently lack individual post records. Do not manufacture post cards from daily account totals.

## 7. Implement Organic scoring transparently

The HTML contains the attention, engagement, and overall score formulas. The supplied brief postpones scoring.

Implement the reference scoring formulas behind a configuration option such as:

`creativeScoringMode: "disabled" | "html-reference"`

Default to `disabled`, preserving the score-card layout and displaying “Score not available”.

When `html-reference` is enabled:

- Use the exact benchmarks, weighting, clamping, and rounding found in the HTML.
- Use only eligible records with the required inputs.
- Preserve the HTML’s frequency fallback when reel watch time is unavailable.
- Exclude missing inputs instead of silently inventing zero performance.
- Explain exclusions and watch-time coverage in the methodology section.
- Label results as provisional scores using reference benchmarks.

Show **“Organic + boosted combined”** because the supplied exports do not establish a clean organic/paid split.

Do not treat a single available Organic score as a complete Organic + Paid score.

## 8. Preserve unavailable reference sections

Keep these sections visually consistent with the HTML, but display “Data not available” until their required inputs exist:

- Paid creative score.
- Paid Attention · 50%.
- Paid Active engagement · 50%.
- Earned actions.
- Video creatives ranked by budget.
- Static creatives ranked by budget.
- Full ad-level detail.
- Paid-score methodology values.
- Product-image CTR.
- Top product.
- Products (>50 clicks).
- Product creatives ranked by click-through.
- Google product-score methodology values.

Do not substitute organic post metrics for paid-ad metrics.

Do not substitute account totals for product-level metrics.

Do not fill missing sections with demo numbers, random values, or misleading zeros.

## 9. Handle images correctly

The CSV files lack structured thumbnail/image URLs.

- Preserve the gallery’s card dimensions and appearance.
- Use reference-style placeholders where images are unavailable.
- Retain working post links.
- Support future images mapped by Post ID, Ad ID, or Product ID.
- Do not assume a social post URL is a directly loadable image URL.
- Do not use unrelated stock images as client creatives.

## 10. Verify the implementation

Check:

- Filtered counts and calculations against the source records.
- Duplicate prevention and conflicting-export handling.
- Missing data, measured zero, and division-by-zero behaviour.
- Unsupported-brand states.
- Partial-period labels.
- Subtabs, dropdowns, links, and expandable tables.
- Desktop, tablet, and mobile layouts.

Use browser screenshots to compare the implemented Creative tab with the reference at matching viewport sizes. Fix differences in spacing, typography, card sizes, colours, and gallery layout.

## 11. Deliverables

Provide:

- The implemented Creative tab.
- Reusable UI components and typed data models.
- CSV parsing, normalisation, filtering, and calculation modules.
- Brand/account configuration and source-precedence rules.
- `CREATIVE_TAB_IMPLEMENTATION.md` explaining source mappings, formulas, supported labels, unavailable sections, scoring configuration, and the monthly data-update workflow.

Complete the working implementation and verify it. Do not stop after producing a plan.Act as a senior frontend engineer and data engineer. Implement **only the Creative tab** from `GP-BizCom-Dashboard.html`, using the available files in:

`docs/data/creative-tab`

The result must visually match the reference HTML and display real values from the supplied CSV files. Add **Month, Year, and Brand dropdown filters**.

## 1. Inspect the sources first

Before implementation:

- Locate and read `GP-BizCom-Dashboard.html`.
- Inspect the Creative tab’s HTML, CSS, JavaScript, calculation formulas, benchmarks, galleries, subtabs, and methodology tables.
- Read `Creative-Section-Build-Brief-Tech-Team.docx`.
- Inspect the actual CSV headers, records, platforms, date ranges, and missing fields.
- Identify which HTML values are directly available, calculable, or unavailable.
- Treat the HTML as the visual reference and the CSV files as the source of actual performance data.
- Never use the HTML’s cached Pocari Sweat or Marah Kids demo values as client data.

Use the existing project architecture and stack. If this is an empty project, use React, TypeScript, Tailwind CSS, and CSS. Do not build other dashboard tabs.

## 2. Match the Creative tab UI

Reproduce the reference’s:

- Dark background and panel colours.
- Typography, font sizes, spacing, borders, radii, and score colours.
- Creative heading and overall layout.
- Organic and Paid summary panels.
- Organic and Paid subtabs.
- Meta ads and Google Shopping subtabs inside Paid.
- KPI cards.
- Post and creative galleries.
- Metric labels and formatting.
- Expandable methodology sections and detail tables.
- Responsive behaviour.

Reuse or carefully adapt the reference CSS. Do not replace the design with a generic dashboard or the six-card layout described in the build brief.

Preserve the reference’s metric labels. Replace demo brand names with the selected real brand. Replace “live” badges and fixed “last 30d/90d” text with accurate uploaded-data and selected-period labels.

Place the Month, Year, and Brand dropdowns near the Creative heading without disrupting the reference layout.

## 3. Load and normalise the available data

Support both source formats:

- Buffer CSV files, generally UTF-8.
- Meta exports encoded as UTF-16, containing a `sep=,` line and multiple tables separated by blank lines.

Inspect file contents rather than relying exclusively on filenames. Some filenames and the build brief misidentify platforms.

Create a configurable mapping for:

- Union Coop.
- Souq Al Bahar.
- Souq Al Jubair.
- Account/platform identifiers and filename aliases.

Store a normalised post record containing the available fields:

- Brand and account.
- Platform.
- Post ID.
- Publication timestamp.
- Post type.
- Caption.
- Post URL.
- Reach and views.
- Shares, saves, comments, and reactions.
- Average watch time.
- Available story behaviour metrics.
- Source file and reporting-period information.

Preserve missing values as missing during normalisation. Distinguish zero, missing, and unsupported fields.

## 4. Prevent duplicate counting

The two Union Coop Instagram exports contain the same 1,324 Post IDs, with differing metric values for some posts.

- Do not concatenate these exports and double-count posts.
- Identify posts using brand/account, platform, and Post ID.
- Use a documented source-precedence or export-version rule.
- Report conflicting values during import.
- Do not choose the largest metric value merely to resolve a conflict.
- Do not mix account summaries, selected-post extracts, and complete post exports into one total.

Document the source-selection rule used.

## 5. Implement the dropdown filters

**Year**
- Generate options from available dated data.
- Do not fabricate records for other years.

**Month**
- Filter post records by publication month.
- Label these results as performance of posts published during the selected period.
- Do not claim that all exported engagements occurred during that month.
- Mark incomplete periods, including September, using source coverage.

**Brand**
- Show the available brands.
- Update all supported Creative metrics and sections consistently.
- When a brand lacks post-level data, display an informative unavailable state.

Use the source account’s reporting timezone when supplied. Otherwise, document one consistent assumption.

Do not add a segmentation dropdown.

## 6. Populate supported Organic post metrics

For eligible Union Coop Instagram Posts/Reels:

- Caption: from `Post Text (Excerpt)`.
- Post link: from `Post URL`.
- Format badge: from `Post Type`.
- Reach: from `Reach`.
- Active actions: `Shares + Saves + Comments`.
- Active engagement rate: `Active actions / Reach`.
- Frequency: `Views / Reach`.
- Watch time: from `Avg. Watch Time (sec)`, where available.

Exclude zero or missing reach from calculations that divide by reach. Never replace unavailable action fields with measured zero without a documented source rule.

Populate **“Posts, ranked by active engagement rate”** by sorting eligible posts from highest to lowest rate.

Calculate the overall engagement rate from matching totals:

`Sum of active actions / Sum of reach`

Do not average individual percentages.

Summed post reach must not be described as unique monthly audience reach.

Only three of the 179 Instagram Reels have average watch time populated. Do not estimate missing watch time.

The Souq exports currently lack individual post records. Do not manufacture post cards from daily account totals.

## 7. Implement Organic scoring transparently

The HTML contains the attention, engagement, and overall score formulas. The supplied brief postpones scoring.

Implement the reference scoring formulas behind a configuration option such as:

`creativeScoringMode: "disabled" | "html-reference"`

Default to `disabled`, preserving the score-card layout and displaying “Score not available”.

When `html-reference` is enabled:

- Use the exact benchmarks, weighting, clamping, and rounding found in the HTML.
- Use only eligible records with the required inputs.
- Preserve the HTML’s frequency fallback when reel watch time is unavailable.
- Exclude missing inputs instead of silently inventing zero performance.
- Explain exclusions and watch-time coverage in the methodology section.
- Label results as provisional scores using reference benchmarks.

Show **“Organic + boosted combined”** because the supplied exports do not establish a clean organic/paid split.

Do not treat a single available Organic score as a complete Organic + Paid score.

## 8. Preserve unavailable reference sections

Keep these sections visually consistent with the HTML, but display “Data not available” until their required inputs exist:

- Paid creative score.
- Paid Attention · 50%.
- Paid Active engagement · 50%.
- Earned actions.
- Video creatives ranked by budget.
- Static creatives ranked by budget.
- Full ad-level detail.
- Paid-score methodology values.
- Product-image CTR.
- Top product.
- Products (>50 clicks).
- Product creatives ranked by click-through.
- Google product-score methodology values.

Do not substitute organic post metrics for paid-ad metrics.

Do not substitute account totals for product-level metrics.

Do not fill missing sections with demo numbers, random values, or misleading zeros.

## 9. Handle images correctly

The CSV files lack structured thumbnail/image URLs.

- Preserve the gallery’s card dimensions and appearance.
- Use reference-style placeholders where images are unavailable.
- Retain working post links.
- Support future images mapped by Post ID, Ad ID, or Product ID.
- Do not assume a social post URL is a directly loadable image URL.
- Do not use unrelated stock images as client creatives.

## 10. Verify the implementation

Check:

- Filtered counts and calculations against the source records.
- Duplicate prevention and conflicting-export handling.
- Missing data, measured zero, and division-by-zero behaviour.
- Unsupported-brand states.
- Partial-period labels.
- Subtabs, dropdowns, links, and expandable tables.
- Desktop, tablet, and mobile layouts.

Use browser screenshots to compare the implemented Creative tab with the reference at matching viewport sizes. Fix differences in spacing, typography, card sizes, colours, and gallery layout.

## 11. Deliverables

Provide:

- The implemented Creative tab.
- Reusable UI components and typed data models.
- CSV parsing, normalisation, filtering, and calculation modules.
- Brand/account configuration and source-precedence rules.
- `CREATIVE_TAB_IMPLEMENTATION.md` explaining source mappings, formulas, supported labels, unavailable sections, scoring configuration, and the monthly data-update workflow.

Complete the working implementation and verify it. Do not stop after producing a plan.Act as a senior frontend engineer and data engineer. Implement **only the Creative tab** from `GP-BizCom-Dashboard.html`, using the available files in:

`docs/data/creative-tab`

The result must visually match the reference HTML and display real values from the supplied CSV files. Add **Month, Year, and Brand dropdown filters**.

## 1. Inspect the sources first

Before implementation:

- Locate and read `GP-BizCom-Dashboard.html`.
- Inspect the Creative tab’s HTML, CSS, JavaScript, calculation formulas, benchmarks, galleries, subtabs, and methodology tables.
- Read `Creative-Section-Build-Brief-Tech-Team.docx`.
- Inspect the actual CSV headers, records, platforms, date ranges, and missing fields.
- Identify which HTML values are directly available, calculable, or unavailable.
- Treat the HTML as the visual reference and the CSV files as the source of actual performance data.
- Never use the HTML’s cached Pocari Sweat or Marah Kids demo values as client data.

Use the existing project architecture and stack. If this is an empty project, use React, TypeScript, Tailwind CSS, and CSS. Do not build other dashboard tabs.

## 2. Match the Creative tab UI

Reproduce the reference’s:

- Dark background and panel colours.
- Typography, font sizes, spacing, borders, radii, and score colours.
- Creative heading and overall layout.
- Organic and Paid summary panels.
- Organic and Paid subtabs.
- Meta ads and Google Shopping subtabs inside Paid.
- KPI cards.
- Post and creative galleries.
- Metric labels and formatting.
- Expandable methodology sections and detail tables.
- Responsive behaviour.

Reuse or carefully adapt the reference CSS. Do not replace the design with a generic dashboard or the six-card layout described in the build brief.

Preserve the reference’s metric labels. Replace demo brand names with the selected real brand. Replace “live” badges and fixed “last 30d/90d” text with accurate uploaded-data and selected-period labels.

Place the Month, Year, and Brand dropdowns near the Creative heading without disrupting the reference layout.

## 3. Load and normalise the available data

Support both source formats:

- Buffer CSV files, generally UTF-8.
- Meta exports encoded as UTF-16, containing a `sep=,` line and multiple tables separated by blank lines.

Inspect file contents rather than relying exclusively on filenames. Some filenames and the build brief misidentify platforms.

Create a configurable mapping for:

- Union Coop.
- Souq Al Bahar.
- Souq Al Jubair.
- Account/platform identifiers and filename aliases.

Store a normalised post record containing the available fields:

- Brand and account.
- Platform.
- Post ID.
- Publication timestamp.
- Post type.
- Caption.
- Post URL.
- Reach and views.
- Shares, saves, comments, and reactions.
- Average watch time.
- Available story behaviour metrics.
- Source file and reporting-period information.

Preserve missing values as missing during normalisation. Distinguish zero, missing, and unsupported fields.

## 4. Prevent duplicate counting

The two Union Coop Instagram exports contain the same 1,324 Post IDs, with differing metric values for some posts.

- Do not concatenate these exports and double-count posts.
- Identify posts using brand/account, platform, and Post ID.
- Use a documented source-precedence or export-version rule.
- Report conflicting values during import.
- Do not choose the largest metric value merely to resolve a conflict.
- Do not mix account summaries, selected-post extracts, and complete post exports into one total.

Document the source-selection rule used.

## 5. Implement the dropdown filters

**Year**
- Generate options from available dated data.
- Do not fabricate records for other years.

**Month**
- Filter post records by publication month.
- Label these results as performance of posts published during the selected period.
- Do not claim that all exported engagements occurred during that month.
- Mark incomplete periods, including September, using source coverage.

**Brand**
- Show the available brands.
- Update all supported Creative metrics and sections consistently.
- When a brand lacks post-level data, display an informative unavailable state.

Use the source account’s reporting timezone when supplied. Otherwise, document one consistent assumption.

Do not add a segmentation dropdown.

## 6. Populate supported Organic post metrics

For eligible Union Coop Instagram Posts/Reels:

- Caption: from `Post Text (Excerpt)`.
- Post link: from `Post URL`.
- Format badge: from `Post Type`.
- Reach: from `Reach`.
- Active actions: `Shares + Saves + Comments`.
- Active engagement rate: `Active actions / Reach`.
- Frequency: `Views / Reach`.
- Watch time: from `Avg. Watch Time (sec)`, where available.

Exclude zero or missing reach from calculations that divide by reach. Never replace unavailable action fields with measured zero without a documented source rule.

Populate **“Posts, ranked by active engagement rate”** by sorting eligible posts from highest to lowest rate.

Calculate the overall engagement rate from matching totals:

`Sum of active actions / Sum of reach`

Do not average individual percentages.

Summed post reach must not be described as unique monthly audience reach.

Only three of the 179 Instagram Reels have average watch time populated. Do not estimate missing watch time.

The Souq exports currently lack individual post records. Do not manufacture post cards from daily account totals.

## 7. Implement Organic scoring transparently

The HTML contains the attention, engagement, and overall score formulas. The supplied brief postpones scoring.

Implement the reference scoring formulas behind a configuration option such as:

`creativeScoringMode: "disabled" | "html-reference"`

Default to `disabled`, preserving the score-card layout and displaying “Score not available”.

When `html-reference` is enabled:

- Use the exact benchmarks, weighting, clamping, and rounding found in the HTML.
- Use only eligible records with the required inputs.
- Preserve the HTML’s frequency fallback when reel watch time is unavailable.
- Exclude missing inputs instead of silently inventing zero performance.
- Explain exclusions and watch-time coverage in the methodology section.
- Label results as provisional scores using reference benchmarks.

Show **“Organic + boosted combined”** because the supplied exports do not establish a clean organic/paid split.

Do not treat a single available Organic score as a complete Organic + Paid score.

## 8. Preserve unavailable reference sections

Keep these sections visually consistent with the HTML, but display “Data not available” until their required inputs exist:

- Paid creative score.
- Paid Attention · 50%.
- Paid Active engagement · 50%.
- Earned actions.
- Video creatives ranked by budget.
- Static creatives ranked by budget.
- Full ad-level detail.
- Paid-score methodology values.
- Product-image CTR.
- Top product.
- Products (>50 clicks).
- Product creatives ranked by click-through.
- Google product-score methodology values.

Do not substitute organic post metrics for paid-ad metrics.

Do not substitute account totals for product-level metrics.

Do not fill missing sections with demo numbers, random values, or misleading zeros.

## 9. Handle images correctly

The CSV files lack structured thumbnail/image URLs.

- Preserve the gallery’s card dimensions and appearance.
- Use reference-style placeholders where images are unavailable.
- Retain working post links.
- Support future images mapped by Post ID, Ad ID, or Product ID.
- Do not assume a social post URL is a directly loadable image URL.
- Do not use unrelated stock images as client creatives.

## 10. Verify the implementation

Check:

- Filtered counts and calculations against the source records.
- Duplicate prevention and conflicting-export handling.
- Missing data, measured zero, and division-by-zero behaviour.
- Unsupported-brand states.
- Partial-period labels.
- Subtabs, dropdowns, links, and expandable tables.
- Desktop, tablet, and mobile layouts.

Use browser screenshots to compare the implemented Creative tab with the reference at matching viewport sizes. Fix differences in spacing, typography, card sizes, colours, and gallery layout.

## 11. Deliverables

Provide:

- The implemented Creative tab.
- Reusable UI components and typed data models.
- CSV parsing, normalisation, filtering, and calculation modules.
- Brand/account configuration and source-precedence rules.
- `CREATIVE_TAB_IMPLEMENTATION.md` explaining source mappings, formulas, supported labels, unavailable sections, scoring configuration, and the monthly data-update workflow.

Complete the working implementation and verify it. Do not stop after producing a plan.

للمشاركة، اختر إحدى الطريقتين: 

1️⃣ علّق باسم الوجبة الخفيفة المفضلة لطفلك في صندوق الغداء 

أو 

2️⃣ شارك صورة صندوق الغداء، مع الإشارة إلى @Union.Coop 

واستخدام هاشتاج #تحدي_صندوق_الغداء 

هل قمت بإحدى الخطوتين؟

علّق بكلمة ""تم"" لنعرف أنك دخلت السحب! 

المسابقة مستمرة حتى 15 سبتمبر. لا تفوّت الفرصة!"" 

*تطبق الشروط والأحكام.

#تعاونية_ال…",https://www.facebook.com/reel/1592102589252304/,,2739,38,,437.18,1006,36,,1585,,1006,1006,1006,
6978b8bca0f135370d0b76ad,2026-01-27T13:08:19.533Z,Union Coop تعاونية الاتحاد,page,facebook,Post,"استمتعوا بلحظات قيّمة مع كل تسوّق من تعاونية الاتحاد في رمضان.
تسوقوا مستلزماتكم واستمتعوا بجوائز أسبوعية من المواد الغذائية، وسحوبات شهرية على السيارات.
تسوقوا الآن واغتنموا فرصة العروض الرائعة.

#تعاونية_الاتحاد #رمضان2026 #رمضان_الخير #تميز #جيتور 

This Ramadan, enjoy rewarding moments with every visit to Union Coop.
Shop your essentials, enjoy weekly free grocery prizes and monthly car draws.
Start shopping now and enjoy great deals.

#Union_Coop #Ramadan2026 #Jetour #Tamayaz",https://www.facebook.com/reel/1231447995757178/,,690,6,,142.26,4394,11,,5544,,4394,4394,4394,
698b2c2c3ee2626151056465,2026-02-11T06:43:29.979Z,Union Coop تعاونية الاتحاد,page,facebook,Post,"طبق إماراتي تقليدي من إعداد الشيف فاطمة علي بن سالم
وجبة أصيلة تجمع بين نكهة اللحم الطّري والخضروات المطهيّة على نار هادئة، وتُقدَّم مع خبز الرقاق ليكتمل 
المذاق الإماراتي الأصيل.
المكونات:
• 500غ لحم ضأن أو بقر
• كوب صغير زيت أو سمن
• بصلتان كبيرتان
• 500غ من كل: كوسا، جزر، يقطين/قرع، بطاطس، طماطم
• علبة معجون طماطم
• حزم: بقدونس، كزبرة، شبت
•  4 فلفل أخضر حار
•  2 ورق غار
• توابل كاملة
• 2م ك توابل مختلطة
• 1 م ك فلفل أحمر
• 1–2 م ك كركم
• 2 م ك ملح
• خبز رقاق للتقديم
طريقة التحضير: 
1. اغلي ا…",https://www.facebook.com/reel/794659816983681/,,400,2,,151.34,3683,3,,5169,,3683,3683,3683,
69a3dd4d9fa69cb43b078173,2026-03-01T06:31:50.111Z,Union Coop تعاونية الاتحاد,page,facebook,Post,Media only,https://www.facebook.com/351419630848390/posts/899887296001618,,396,99,,4.28,35457,24,,999,,35457,35457,35457,
6a2aef8cc791dcbdfb0f5cd9,2026-06-11T17:25:38.068Z,Union Coop تعاونية الاتحاد,page,facebook,Post,"أتسمع هذا الصوت؟
الجميع يسمع صفارة الدفع، لكن مشتركي تميّز يسمعون ما هو أبعد، يسمعون صوت الفرص!
امسح بطاقة تميّز الرقمية أثناء تسوقك، وادخل إلى مسابقة مليونير تميّز وأمامك فرصة للفوز ب 16,700 درهم. 

#تعاونية_الاتحاد #مليونير_تميز #تميّز 

Some people hear a normal checkout beep.
Tamayaz members hear opportunity. 👀

Only digital Tamayaz ID scans earns entries to Tamayaz Millionaire while shopping at Union Coop and win up to AED 16700*

#Union_Coop #TamayazMillionaire #Tamayaz",https://www.facebook.com/reel/1370909261551658/,,236,2,,31.56,5298,3,,1431,,5298,5298,5298,
69d9073c4c95b5c2b50b3373,2026-04-11T05:00:45.972Z,Union Coop تعاونية الاتحاد,page,facebook,Post,"القوة الحقيقية لا تُرى، لكنها تُحسّ في كل زيارة.

تعمل فرقنا في الخطوط الأمامية بلا كلل مع الموردين وعبر كل قسم لتبقى الرفوف ممتلئة والمرافق نظيفة والعمليات سلسة.

 نفتخر في تعاونية الاتحاد بأن كل فرد فيها جزءاً من خلية متكاملة لا تهدأ.

معاً من أجل هدفٍ واحد. متحدون من أجل الوطن.

#تعاونية_الاتحاد #متحدون_من_أجل_الوطن #الإمارات

What keeps everything running isn’t always visible.

It’s our frontline teams working tirelessly with our vendors and across every function to keep shelves full, facili…",https://www.facebook.com/reel/1672468760463740/,,120,8,,2.67,7878,4,,78,,7878,7878,7878,
69e4717651dfec9b80bf73bd,2026-04-19T06:07:30.000Z,Union Coop تعاونية الاتحاد,page,facebook,Post,".
كل ما تحتاجونه من إلكترونيات في مكان واحد! 

من المستلزمات اليومية إلى أحدث الأجهزة الذكية والتقنيات المنزلية التي لا يمكنكم الاستغناء عنها تجدونها في قسم الإلكترونيات في تعاونية الاتحاد فرع ند الشبا.

بانتظار زيارتكم!

#تعاونية_الاتحاد #ند_الشبا #تريند #الكترونيات

From everyday essentials to the latest must-haves, the electronics section at Union Coop Nad Al Sheba has it all under one roof. Explore a wide range of gadgets, home tech, and more, all in one place.

#Union_Coop",https://www.facebook.com/reel/1520678316084117/,,119,1,,1.24,12712,4,,34,,12712,12712,12712,
69eb5120c380857cf6002def,2026-04-25T06:00:33.902Z,Union Coop تعاونية الاتحاد,page,facebook,Post,"سلعة واحدة إضافية في نفس عملية الدفع، لخير يدوم.

اختاروا أي سلعة من رفوفنا وضعوها في سلة الخير قبل المغادرة.

مبادرة بسيطة منكم تحدث فارق حقيقي لعائلة محتاجة.

#تعاونية_الاتحاد #سلة_الخير

One extra item. Same checkout. Different impact.

Pick up a long-shelf item and drop it at the donation point before you leave.

A small pause for you can mean real support for a family in need.

#Union_Coop #BasketofGoodness",https://www.facebook.com/reel/1286978566911448/,,104,2,,2.43,6837,4,,56,,6837,6837,6837,
6996ece66ea0bb059f078b0b,2026-02-19T10:58:52.309Z,Union Coop تعاونية الاتحاد,page,facebook,Post,"تحدي الفوازير قد بدأ! 
هل تعلم مدى إلمامك بالتاريخ الإسلامي؟
اكتب إجابتك عن سؤالنا لهذا اليوم في التعليقات لتحصل على فرصة الفوز بـ 150 درهم في محفظتك الرقمية.

#تعاونية_الاتحاد #رمضان_في_دبي #فوازير_رمضان #رمضان2026 

How well do you know your history?
Drop your answer below and you could win AED 150 in your digital wallet.
Let the Fawazeer begin!

#Union_Coop #RamadanFawazeer #Ramadan2026 #DubaiRamada",https://www.facebook.com/351419630848390/posts/891935056796842,,102,130,,7.50,7985,7,,360,,7985,7985,7985,
6a93cfc4a94bc80ac1d41fe2,2026-08-30T07:00:12.772Z,Union Coop تعاونية الاتحاد,page,facebook,Post,"طازجة وموسمية ومذاق غني.

تسوقوا تشكيلة متنوعة وغنية من الفواكه والخضروات الطازجة وغيرها من المنتجات المزروعة محلياً. 

تفضلوا بزيارة أقرب فرع لتعاونية الاتحاد.

#تعاونية_الاتحاد #زراعة_محلية 

Fresh, seasonal and full of flavour. 🍎🥬🍊

Discover a vibrant assortment of fresh fruits and vegetables, including locally grown favourites, waiting for you in store. 

#Union_Coop #Locallygrown",https://www.facebook.com/reel/1611520240545891/,,101,3,,2.22,6444,3,,36,,6444,6444,6444,
6a214567a6579122a70dbb6f,2026-06-04T09:29:18.011Z,Union Coop تعاونية الاتحاد,page,facebook,Post,"بدأ حماس 5X ولا شيء يمكن إيقافه!

شاركنا لحظتك الخماسية المميزة في المتجر، وقد تظهر في حملتنا وتفوز بـ٥٬٠٠٠ نقطة من تميّز!

كيفية المشاركة: 

 أرسل لنا مقطع الفيديو عبر الرسائل الخاصة

 تابع حسابنا Union.Coop@ 

علق بالإشارة إلى اسم أحد أصدقائك واكتب تم

#تعاونيةـالاتحاد #5x #استرداد #تميّز

Think you can top this 5X energy? 👀✋

Show us your best 5X moment in-store for a chance to be featured and win 5000 Tamayaz points ⭐

To enter: DM us your video, follow Union Coop, tag a friend below, and c…",https://www.facebook.com/reel/851789897525520/,,99,4,,1.85,8320,1,,50,,8320,8320,8320,
697b84ee940adb49ef0283f2,2026-01-29T16:04:07.108Z,Union Coop تعاونية الاتحاد,page,facebook,Post,"جمشيد في مهمة
لاكتشاف عروض رمضان في تعاونية الاتحاد 😎🌙
#رمضان_في_دبي #تعاونية_الاتحاد

Jamshid is on a mission to crack the Ramadan deals at Union Coop!
#RamadanInDubai #Union_Coop",https://www.facebook.com/reel/1205326204598590/,,99,4,,3.29,8569,6,,173,,8569,8569,8569,
69ce9a564867839edcd4513d,2026-04-02T16:31:57.000Z,Union Coop تعاونية الاتحاد,page,facebook,Post,".
وجدنا أخيراً أرشيف تعاونية الاتحاد!
من أولى خطوات تعاونية الاتحاد معكم، إلى تعاونية الاتحاد التي تعرفونها وتحبونها اليوم. لا بدّ أن لديكم ذكريات معها من أيام التسعينات!
 شاركونا صوركم مع تعاونية الاتحاد في تلك الفترة، وكونوا جزءاً من هذه القصة.

#تعاونية_الاتحاد

We found the archives.  From humble beginnings to the Union Coop you know today. Do you have a memory with Union Coop from the 90's? Share pictures with us and be part of the story.
 #Union_Coop",https://www.facebook.com/reel/924269757259209/,,98,4,,2.17,9938,6,,108,,9938,9938,9938,
69a19597596d20220e064eb7,2026-02-28T05:00:34.663Z,Union Coop تعاونية الاتحاد,page,facebook,Post,"من دفء التجمعات العائلية إلى لذة تناول الوجبات الخفيفة في وقت متأخر من الليل وقضاء الوقت مع الأهل والأصدقاء، هذه هي اللحظات التي ترسم أجمل الذكريات في الشهر الفضيل.
سألنا متسوقينا الأعزاء في تعاونية الاتحاد: ما الذي يجعل شهر رمضان مميزاً؟
شاركونا آراءكم!

 #تعاونية_الاتحاد #رمضان_في_دبي

From cherished family gatherings to late-night treats and time with loved ones, these are the moments that shape Ramadan. 
We asked Union Coop shoppers what makes Ramadan special.
What would you add?

#Union_Coo…",https://www.facebook.com/reel/2122903641799987/,,97,4,,2.13,7036,2,,47,,7036,7036,7036,
69ef96532335f60ecb086012,2026-04-27T17:01:47.191Z,Union Coop تعاونية الاتحاد,page,facebook,Post,"لا تتشابه جميع أنواع المانجو، واختيار النوع المثالي هو ما يصنع الفارق.
من مانجو ألفونسو الغني بالقوام الكريمي إلى الأصناف الغنية بالنكهة من اليمن وتايلاند وفيتنام والهند، لكل منها طعمها الخاص.
كيف تستمتعون بموسم المانجو؟
بقطع صغيرة غنية بالعصير أم بوصفات غنية بالنكهات؟

شاركونا إجاباتكم في التعليقات لفرصة الفوز بسلة مانجو فاخرة من تعاونية الاتحاد!
#تعاونية_الاتحاد #موسم_المانجو #المانجو

Not all mangoes are the same and choosing the perfect one makes all the difference.
From the rich, creamy Alp…",https://www.facebook.com/reel/2218423245564989/,,96,3,,2.61,6777,2,,76,,6777,6777,6777,
6986062fdfbca0c7800d73bb,2026-02-07T05:00:41.155Z,Union Coop تعاونية الاتحاد,page,facebook,Post,"عشرة أيام فقط تفصلنا عن أجواء الخير والفرح في رمضان!
اربحوا جائزة الشهر الكريم: عبوات فيمتو التي تُغني موائدكم طوال أيام الصيام في رمضان
#تعاونية_الاتحاد #رمضان2026  

10 days to go until Ramadan!
Get it right and enjoy a month-long supply of Vimto this Ramadan.
#Union_Coop #Ramadan2026",https://www.facebook.com/351419630848390/posts/881753157815032,,91,158,,4.28,20959,2,,645,,20959,20959,20959,
699f3d4cd404c1d35e0bb25b,2026-02-26T07:00:29.039Z,Union Coop تعاونية الاتحاد,page,facebook,Post,".
تحدي الفوازير قد عاد! 
اكتب إجابتك عن سؤالنا لهذا اليوم في التعليقات لتحصل على فرصة الفوز بـ 150 درهم في محفظتك الرقمية.

#تعاونية_الاتحاد #رمضان_في_دبي #فوازير_رمضان #رمضان2026 

Ramadan Fawazeer is back!
Drop your answer below and you could win AED 150 in your digital wallet.
Let the Fawazeer begin!

#Union_Coop #RamadanFawazeer #Ramadan2026 #RamadaInDubai",https://www.facebook.com/351419630848390/posts/897460702910944,,85,108,,8.30,6747,3,,364,,6747,6747,6747,
6a2aa029c82ec1f6420c354e,2026-06-11T11:46:59.929Z,Union Coop تعاونية الاتحاد,page,facebook,Post,"شاركونا أجمل لحظاتكم مع حملة 5X في فروعنا، وكونوا نجوم منشوراتنا القادمة!

والجائزة؟
5,000 نقطة من تميّز بانتظار الفائزين!

كيفية المشاركة:
* أرسلوا مقطع الفيديو عبر الرسائل الخاصة
* تابعوا حسابنا @Union.Coop
* اذكروا اسم صديق في التعليقات
* اكتبوا “تم”

#تعاونية_الاتحاد #5X #استرداد_نقدي #تم

Here's your reminder to show us your best 5X moment in-store and stand a chance to be featured and win 5000 Tamayaz points! ⭐

To enter: DM us your video, follow Union Coop, tag a friend below, and comment…",https://www.facebook.com/reel/1648259993135906/,,80,6,,2.03,7620,1,,68,,7620,7620,7620,
6a0b3d69a5156b05c70eb410,2026-05-18T16:25:24.763Z,Union Coop تعاونية الاتحاد,page,facebook,Post,"مليون نقطة من تميّز ليست مجرد أرقام! 
 لهذه العائلة مثلاً، تعني خمس عربات مليئة كلياً، و16,700* درهم من التوفير الفعلي في نفقاتهم السنوية على المشتريات.
ماذا عنك؟ كيف ستنفق مليون نقطة من تميّز؟ شاركنا في التعليقات.

#تعاونية_الاتحاد #مليونير_تميز #مليون 

What does 1,000,000 Tamayaz points look like?
For this family, it looks like five carts stacked to the brim with groceries. That’s AED 16,700* in savings on their annual grocery spend.
So how would you spend 1 million Tamayaz points? Let us kno…",https://www.facebook.com/reel/1904027346981971/,,79,0,,1.96,6940,2,,55,,6940,6940,6940,
6996dff68571819c23099e46,2026-02-19T10:03:45.786Z,Union Coop تعاونية الاتحاد,page,facebook,Post,".
هل أنت عالق في تسوّق اللحظات الأخيرة استعداداً للإفطار؟
لا تقلق! تعاونية الاتحاد توفر لك كل ما تحتاجه بسرعة وسهولة.

صناديق الإفطار متوفرة في الفروع التالية:
مردف، الورقاء، العوير، البرشاء، جميرا، أم سقيم، ند الشبا مول، الوصل، الخوانيج، موتور سيتي

#رمضان_في_دبي #تعاونية_الاتحاد 

Caught up with last-minute shopping and on the go for iftar? Don’t worry, Union Coop has you covered. 

Iftar boxes available at the following stores: Mirdif, Al Warqa, Al Aweer, Al Barsha, Jumeirah, Umm Suqeim, Nad …",https://www.facebook.com/reel/1419467712419997/,,74,0,,1.25,9190,6,,35,,9190,9190,9190,
69ff7d7d81c8fb6c5e0d7474,2026-05-09T18:31:35.547Z,Union Coop تعاونية الاتحاد,page,facebook,Post,"كلما اشتريت أكثر، زادت فرصك بالفوز أكثر!  
كل 200 درهم تساوي فرصة واحدة، وكل 1000 درهم تساوي 10 فرص!

امسح باركود بطاقة تميّز الرقمية عند الدفع، وتحقق من فرصك في قسم تميّز على تطبيق تعاونية الاتحاد وذلك قبل كل سحب أسبوعي يوم الاثنين.
#مليونير_الاثنين#تميّز #تعاونية_الاتحاد 

The more you shop, the more chances you get. AED 200 gets you in. AED 1,000 gets you 10 entries. Scan your Digital Tamayaz barcode at checkout. Check your entries in the Tamayaz section before every Monday's draw.

 #Million…",https://www.facebook.com/reel/4389155718005316/,,73,0,,719.23,26,0,,114,,26,26,26,
697850f6c10e9935b5000654,2026-01-27T05:45:31.062Z,Union Coop تعاونية الاتحاد,page,facebook,Post,"روح حق الليلة تعمّ المكان
الآن سنبدأ أغنية ""عطونا الله يعطيكم""...أكملوها معنا
كيفية المشاركة: 
 1- تابعوا حسابنا
@unioncoop 
 2- اكتبوا السطر التالي من أغنية حق الليلة في التعليقات
 3- اذكروا اسم صديق للانضمام إلى الفعّالية 

يتم الإعلان عن الفائز في 3 فبراير. ترقّبونا! 

Hag Al Leila is here. We’ll start the chant-Atoona Allah y’teekum…You finish it. 
How to enter:
 1- Follow @unioncoop
 2- Comment the next line of the Hag Al Leila chant
 3- Tag a friend to join the fun

Winner to be announced …",https://www.facebook.com/351419630848390/posts/872901808700167,,71,93,,5.05,7551,4,,213,,7551,7551,7551,
6a35613f9ce6726c14084a73,2026-06-19T15:33:29.859Z,Union Coop تعاونية الاتحاد,page,facebook,Post,"في مدينة دبي التي لا تعرف الانتظار، نسابق الزمن لنكون دائماً في الطليعة. كل منتج في تعاونية الاتحاد يروي قصة إنصاتٍ عميق لنبض دبي واحتياجات سكانها. إن نجاحنا ليس مجرد أرقام، بل هو أثر إيجابي نتقاسمه مع المجتمع.
تعاونية الاتحاد، حيث تتجسد رؤية دبي الأفعال إلى واقع يسبق الغد.

#تعاونية_الاتحاد #دبي_الأفعال 

Dubai doesn't wait. Neither do we. Every product on our shelves started with listening. To this city, to its people, to what they need. Then we went and got it. And it doesn’t stop there. We s…",https://www.facebook.com/reel/2981213608744117/,,69,4,,1.80,5394,0,,24,,5394,5394,5394,
69a95f0b27bf755b2a05d0db,2026-03-05T10:46:41.478Z,Union Coop تعاونية الاتحاد,page,facebook,Post,".
أسبوع جديد، فوازير جديدة! 
اكتبوا إجاباتكم أسفل المنشور وأضيفوا 150 درهم إلى بطاقة الأفضل. 
#تعاونية_الاتحاد #فوازير_رمضان #رمضان2026 #رمضان_في_دبي 

Another week, another Fawazeer! 
Drop your answer below and you could win AED150 Al Afdhal card!

#Union_Coop #RamadanFawazeer #Ramadan2026 #RamadaInDubai",https://www.facebook.com/351419630848390/posts/902986342358380,,67,87,,7.29,6093,4,,286,,6093,6093,6093,
69aaae1f5042d746d801637a,2026-03-07T05:00:39.277Z,Union Coop تعاونية الاتحاد,page,facebook,Post,"وحدها اللحظات البسيطة تمنح الشهر الكريم خصوصيته.
التجمعات العائلية على المائدة والوقت الذي نقضيه مع من نحب.
سألنا عملاءنا: ماذا يعني لكم رمضان؟
شاركونا آراءكم في التعليقات.

#تعاونية_الاتحاد #رمضان_في_دبي

The little moments make Ramadan special.
Family, food, and time with loved ones.
We asked our customers what Ramadan means to them.
Tell us yours in the comments!

#Union_Coop #RamadanInDubai",https://www.facebook.com/reel/26221190167531071/,,64,2,,2.16,4497,1,,30,,4497,4497,4497,
698e1ab3acda7f10a107cf25,2026-02-12T18:24:02.633Z,Union Coop تعاونية الاتحاد,page,facebook,Post,"تعاونية الاتحاد تطلق الحملة الرمضانية""مائدة رمضانية عامرة بالبركات""، مقدّمةً موسماً استثنائياً يمتد لثمانية أسابيع يتضمن خصومات كبرى، ومزايا مالية مبتكرة، ومبادرات مجتمعية تعزز قيمة العطاء.
أبرز ملامح حملة رمضان 2026:
1. تجميد أسعار 160 منتجاً أساسياً لضمان استقرار سلة الأسرة، مع خصومات تصل إلى 60% على أكثر من 3000 منتج من مستلزمات رمضان.
2. استرداد نقدي يصل إلى 10 % بالتعاون مع بنك ليف لتوفير قيمة مالية منظمة للمتسوقين.
3. التوسّع في الفروع الرئيسية بما في ذلك مركز الشباب لدعم الحضور المجتمعي و…",https://www.facebook.com/reel/903951875450710/,,64,2,,2.12,5704,2,,53,,5704,5704,5704,
6a055d541a19b42b88010b01,2026-05-14T05:27:54.241Z,Union Coop تعاونية الاتحاد,page,facebook,Post,"""في هذا اليوم نجدد الولاء والانتماء لقيادتنا الرشيدة، ونؤكد اعتزازنا بما تحقق للوطن من إنجازات نوعية في مختلف المجالات، بفضل رؤيتها الطموحة التي وضعت الإنسان في صميم التنمية، وأسهمت في تعزيز جودة الحياة وترسيخ مكانة الإمارات بين دول العالم المتقدمة.""

 محمد الهاشمي، الرئيس التنفيذي لتعاونية الاتحاد.

“On this significant occasion, we renew our loyalty and allegiance to our wise leadership and express our pride in the exceptional achievements accomplished across various sectors. These milestones …",https://www.facebook.com/351419630848390/posts/957214056935608,,62,4,,2.91,4634,1,,68,,4634,4634,4634,
6a0e99e934dc89316c002d98,2026-05-21T08:00:31.292Z,Union Coop تعاونية الاتحاد,page,facebook,Post,"عيدك أجمل حين تشاركه مع عائلة محتاجة!

1️⃣ اختر منتجاً طويل الأمد أثناء التسوق للعيد.

 2️⃣ ضعه في ""سلة الخير"" قبل مغادرتك.

 3️⃣ يداً بيد مع جمعية بيت الخير سنوصل فرحتك للعائلات الأكثر حاجةً.

عمل بسيط لكن أثرة لا يمحى.

يمكنك العثور على ”سلة الخير“ في أقرب فرع لـتعاونية الاتحاد.

فالنعمة التي تُشارك، تتضاعف.
#تعاونية_الاتحاد #العيد_في_دبي 

Make this Eid special for a family in need. 

1️⃣ Pick up a long-shelf food item during your Eid shopping. 

2️⃣ Place it in the Basket of Goodness donatio…",https://www.facebook.com/reel/1561713128679573/,,61,0,,2.07,3582,0,,13,,3582,3582,3582,
69b43f36c1e28465600d5de5,2026-03-13T16:45:52.964Z,Union Coop تعاونية الاتحاد,page,facebook,Post,"لنجعل هذا العيد أكثر بهجة ومرحاً.

هل يمكنك تخمين السلة التي تختبئ خلفها الفاكهة؟

اكتب اجابتك في التعليقات واحصل على فرصة الفوز بسلة فاكهة خاصة بالعيد!

 #تعاونية_ الاتحاد #مسابقة_ العيد #خمن_واربح #عيد_سعيد #مرح_العيد #احتفال_العيد

Let’s make this Eid even sweeter

Can you guess which basket the fruits are hiding under? 🍎🍊
Comment your answer below for a chance to win a special Eid fruit basket!

#Union_coop #EidContest #Guess AndWin #SweetEid @EidFun #EidCelebration",https://www.facebook.com/reel/1473751550807182/,,59,65,,5.87,3954,1,,107,,3954,3954,3954,
696e6120955d6243db089eb8,2026-01-19T16:51:52.383Z,Union Coop تعاونية الاتحاد,page,facebook,Post,"ابدأ مغامرتك في حتا بخطوة ذكية، وتسوّق كل ما يلزمك للتخييم من تعاونية الاتحاد! 
جهّز لرحلتك براحة وثقة من الأساسيات إلى المشتريات العاجلة

#تعاونية_الاتحاد #حتا  #موسم_التخييم 

Experience the ease of shopping before your Hatta adventure.
From essentials to last-minute finds, everything you need for camping season is ready in one place.

#Union_Coop #Hatta #CampingSeason",https://www.facebook.com/reel/1847649095951197/,,58,1,,1.65,5166,3,,23,,5166,5166,5166,
69b2700ef37785db8e093bc5,2026-03-12T07:49:40.807Z,Union Coop تعاونية الاتحاد,page,facebook,Post,"فوازير هذا الأسبوع بانتظاركم! 
 مستعدون للمرح والتحدي من جديد؟
اكتبوا إجاباتكم في التعليقات لتحصلوا على فرصة إضافة 150 درهم إلى بطاقة الأفضل.

#تعاونية_الاتحاد #رمضان2026 #رمضان_في_دبي #فوازير_رمضان

Ready for this week’s Fawazeer?
Drop your answer below and you could win an AED 150 Al Afdhal card.

#Union_Coop #RamadanFawazeer #Ramadan2026 #RamadaInDubai",https://www.facebook.com/351419630848390/posts/907908438532837,,54,62,,5.65,6216,1,,234,,6216,6216,6216,
6a493f26dcd143bf7c05a737,2026-07-04T17:13:24.182Z,Union Coop تعاونية الاتحاد,page,facebook,Post,"برنامج ولاء لا يقارن بأي برنامج آخر.
رأيتم اللوحة؟
 غيروا وجهتكم إلى تعاونية الاتحاد. 

The store loyalty program that’s way above the rest. You’ve seen the sign. Make the switch to Union Coop.",https://www.facebook.com/reel/1346654834198724/,,54,2,,0.86,7428,0,,8,,7428,7428,7428,
696b48d6de3ebbc9ad0bdda4,2026-01-17T08:31:27.622Z,Union Coop تعاونية الاتحاد,page,facebook,Post,"من الطبقة الأولى إلى مرحلة الطهي النهائية، كل ما يلزمك لتحضير طبق أم علي متوفر في تعاونية الاتحاد.

#تعاونية_الاتحاد #ام_علي #الطهي_المنزلي #مكونات_الوصفة
 
Everything you need to make Umm Ali, from first layer to final bake.
Find your recipe essentials at Union Coop.

#Union_Coop #UmmAli #RecipeEssentials #HomeBaking",https://www.facebook.com/reel/2629238267445687/,,50,0,,1.20,8427,1,,50,,8427,8427,8427,
6a97c2efb7fb0e06aa2e4a50,2026-09-02T08:00:24.426Z,Union Coop تعاونية الاتحاد,page,facebook,Post,"كل احتياجاتك في رحلة تسوّق واحدة! 

أطعمة طازجة ومستلزمات منزلية وعروض لا تُفوت تجدها بكل سهولة على تطبيق تعاونية الاتحاد.

#تعاونية_الاتحاد #تسوق_واحد 

Fresh picks, daily essentials and everything in between. 🛒

One trip. Everything sorted.

Unlock unbeatable deals on the Union Coop App

#Union_Coop #OneStopShop",https://www.facebook.com/reel/961973150263476/,,49,2,,3.48,2414,1,,32,,2414,2414,2414,
69bc092212f65801665c99a5,2026-03-19T14:30:49.000Z,Union Coop تعاونية الاتحاد,page,facebook,Post,"في رمضان، تتألق النفوس الطيبة… تعاونية الاتحاد تسلط الضوء على قصة ملهمة تسعى لفعل الخير يوماً بعد يوم، لتكون مثالاً للعطاء والتأثير الإيجابي في مجتمعها.

#تعاونية_الاتحاد #رمضان_في_دبي

During Ramadan, kind souls shine brighter
Union Coop highlights an inspiring story of someone who strives to do good day after day, becoming a true example of generosity and positive impact in the community. 🤍

#UnionCoop #RamadanInDubai",https://www.facebook.com/reel/1249434313967744/,,49,1,,1.20,5322,0,,14,,5322,5322,5322,
6a84156315ccc8d99f8f078a,2026-08-18T08:18:52.832Z,Union Coop تعاونية الاتحاد,page,facebook,Post,"فضول لا ينتهي واكتشافات جديدة وإطلالة أولى على عالم تعاونية الاتحاد.

يسعدنا استضافة تجار التجزئة من فئة الشباب في تعاونية الاتحاد ليعيشوا صيفاً مليئاً بالتعلم والعمل الجماعي والتجارب العملية.

#تعاونية_الاتحاد #رواد_التجزئة_الشباب #رواد_المستقبل

Curious minds, new discoveries, and a first look into the world of Union Coop. Proud to host our young retailers at Union Coop for a summer of learning, teamwork, and hands-on experiences.

#Union_Coop #YouthRetailProgram #FutureLeaders",https://www.facebook.com/reel/1620743179408276/,,48,0,,1.70,4174,2,,21,,4174,4174,4174,
6ab210793655e06b1361713a,2026-09-21T10:15:06.000Z,Union Coop تعاونية الاتحاد,page,facebook,Story,Media only,https://facebook.com/stories/105286645461691/UzpfSVNDOjIxMjMwMTU4MjQ5NTAyMzU=/?view_single=1,,46,,0,,,0,4141,,43,,,,4352
6a92db20cd741dbb300683d3,2026-08-29T13:12:21.000Z,Union Coop تعاونية الاتحاد,page,facebook,Post,"لعشاق التوت خبر رائع بانتظاركم في اتحاد مول!​

انضموا إلينا في فعالية التذوق المجاني لتشكيلة شهية من توت
دريسكولز الطازج. تفضلوا بزيارتنا اليوم واستمتعوا بأجمل
اللحظات.​

📍 اتحاد مول ​

📅 29–30 أغسطس ​

⏰ 4 مساءً–11 مساءً ​

#تعاونية_الاتحاد #دريسكولز #تذوق_التوت #اتحاد_مول​

Berry good news! 🍓🫐​

Join us at Etihad Mall for a free mixed berry tasting with Driscoll’s!

Come discover, taste and enjoy your favourite berries.​

📍 Etihad Mall​
📅 29–30 August​
⏰ 4 PM–11 PM​

See you there!​

#Un…",https://www.facebook.com/reel/1702886670795163/,,45,2,,2.27,3037,0,,22,,3037,3037,3037,
6a02f43e71fc576c9634a700,2026-05-12T09:33:03.000Z,Union Coop تعاونية الاتحاد,page,facebook,Post,"المشروب الأكثر شعبية في الإمارات قد انضم للتو إلى قائمة مشترياتك!
متوفر الآن في تعاونية الاتحاد. لا وقت للتفكير، سارع واشتريه.
#تعاونية_الاتحاد #الكولا_الخضراء

The UAE’s favourite drink just landed on your shopping list 👀
Now on offer at Union Coop￼. Don’t walk, run! 🛒

#Union_Coop #GreenCola",https://www.facebook.com/reel/1662866665044101/,,45,1,,0.74,8477,1,,16,,8477,8477,8477,
69d4ce1ce5b036a88c17d7da,2026-04-07T09:26:49.000Z,Union Coop تعاونية الاتحاد,page,facebook,Post,#Hiring #eCommerce,https://www.facebook.com/351419630848390/posts/928416179815396,,43,8,,5.72,9749,6,,501,,9749,9749,9749,
6993342fa89c105fdc0b7beb,2026-02-16T15:14:00.601Z,Union Coop تعاونية الاتحاد,page,facebook,Post,".
اغمروا منازلكم ببركات الشهر الكريم، أو امنحوها لمن هم بأمسّ الحاجة إليها. فجوهر رمضان لا يكمُن في موائدنا فحسب، بل في الرحمة التي نتقاسمها والعطاء الذي نترك أثره في حياة الآخرين.
اغتنموا الفرصة الآن وتسوقوا مستلزمات رمضان بأسعار لا تُضاهى.
* أرز بسمتي هندي – 5 كجم
* دقيق رقم 1 – 1 كجم
* سكر – 2 كجم
* زيت مخلوط – 1.5 لتر
* معكرونة – 500 غرام
* حليب مجفف كامل الدسم – 400 غرام
* جيلي الفراولة – 85 غرام
* شوكولاتة قابلة للدهن – 350 غرام
* تمر – 1 كيلوغرام
* مكعبات مرقة الدجاج – 48 مكعب
* مايونيز ح…",https://www.facebook.com/reel/2426112001237904/,,43,5,,2.88,2398,0,,21,,2398,2398,2398,
6a67a15705f341f1e402da6a,2026-07-27T18:20:16.494Z,Union Coop تعاونية الاتحاد,page,facebook,Post,"هل أنت مستعد لتجربة قيادة يومية أكثر إثارة؟ 

تفضل بزيارتنا في الاتحاد مول واستمتع بقيادة «فينفاست VF8» الكهربائية بالكامل واستشعر المستقبل المستدام بنفسك. 

العرض متاح حتى 30 يوليو فقط!

#تعاونية_الاتحاد #فينفاست

Ready to step up your daily drive? Drop by at Etihad Mall and get behind the wheel of the all-electric VinFast VF8. Experience what your everyday could be with a test drive. Available only until July 30th.

#Union_Coop #Vinfast",https://www.facebook.com/reel/1501248238710929/,,42,0,,1.79,2737,0,,7,,2737,2737,2737,
6a3a901301b5b9673f2c4080,2026-06-23T13:53:20.000Z,Union Coop تعاونية الاتحاد,page,facebook,Post,"كرّمت جمعية النهضة النسائية، خلال فعاليات مبادرة ""نجاحات 2026""، تعاونية الاتحاد تقديراً لدورها البارز ورعايتها الكريمة للمبادرة، ودعمها المستمر للبرامج والمبادرات المجتمعية الهادفة إلى تمكين الشباب وتعزيز مسيرتهم التعليمية والمهنية.

وجاء التكريم خلال الرحلة البحرية التي نظمتها الجمعية لتكريم الطالبات الخريجات من جامعة الوصل، بحضور عدد من الشركاء والداعمين، حيث أشادت جمعية النهضة النسائية بإسهامات التعاونية ومساهمتها الفاعلة في إنجاح المبادرة وتحقيق أهدافها.

Dubai Women’s Association honored Un…",https://www.facebook.com/351419630848390/posts/990814033575610,,42,0,,4.13,7199,0,,255,,7199,7199,7199,
6994608bc4f6d3b12907a10c,2026-02-18T07:00:53.556Z,Union Coop تعاونية الاتحاد,page,facebook,Post,".
استمتع بهذا الطبق الفلبيني الشهي حيث يُطهى الدجاج مع صلصة غنية بمذاق حامض ولذيذ.

المكونات:
• 1 كيلوغرام من أفخاذ الدجاج
• 200 غرام من الزبدة
• 2 فصوص من الثوم
• 1 بصلة
• 2 ملعقة صغيرة من صلصة الصويا
• 5 ملاعق صغيرة من الخل الأبيض
• 3-4 أوراق غار
• 1 ملعقة صغيرة من الفلفل
• 2 ملعقة صغيرة من صلصة المحار
• 1 مكعب دجاج
• 1 ملعقة صغيرة سكر بني
• رشة فلفل حار، رشة ملح
• 1 كوب ماء
• 3-4 ملاعق صغيرة زيت طهي
• 2 ملعقة صغيرة بصل أخضر (اختياري)

طريقة التحضير:
ينقع الدجاج في صلصة الصويا والخل مع نصف كمي…",https://www.facebook.com/reel/894713746863964/,,41,4,,4.06,2340,3,,47,,2340,2340,2340,
6a96e639b36922b34f2f1a1a,2026-09-01T14:50:42.265Z,Union Coop تعاونية الاتحاد,page,facebook,Post,"تسوّقكم اليومي أصبح أكثر تميزاً في أبراج بحيرات جميرا.

وجهتكم الجديدة والمثالية للمستلزمات اليومية والوجبات الخفيفة والتسوّق السريع.

تسوّقوا كل ما تحتاجونه في تعاونية الاتحاد، فرع أبراج بحيرات جميرا، بمنتهى السهولة، وواصلوا يومكم بكل راحة.

📍  أبراج بحيرات جميرا (JLT) - المجمع Y - طابق البوديوم.

🕐 ساعات العمل: 6:30 صباحاً- 2:00 صباحاً (يومياً )

#تعاونية_الاتحاد #أبراج_بحيرات_جميرا

JLT, your neighborhood just got better!

Your new go-to for everyday essentials, snacks and quick picks. Pop …",https://www.facebook.com/reel/1076656391427685/,,37,3,,4.51,1686,2,,34,,1686,1686,1686,
6a50929560867121910d2b93,2026-07-10T10:01:12.006Z,Union Coop تعاونية الاتحاد,page,facebook,Post,"هناك من يعيش كرة القدم… وهناك من يعلّق عليها. 🎙️

 نقلنا أجواء كأس العالم مباشرةً إلى فروعنا في تعاونية الاتحاد لنرى من يستطيع إظهار شغفه الحقيقي في يوم المباراة. أما أنت فلست بحاجة إلى أن تكون خلف الميكروفون لتفوز بجوائز كبيرة هذا الموسم. 

كل ما عليك فعله اللعب بذات الحماس والشغف مع لعبة تميّز الجديدة «العب واربح». افتح تطبيق تعاونية الاتحاد وتوقع الفائزين في المباريات يومياً وقد تربح سيارة «جيتور T2» الجديدة كلياً. 

 #تعاونية_الاتحاد #كأس_العالم 

Some people are just born commentators. 🎙️…",https://www.facebook.com/reel/1347578844223898/,,37,1,,1.86,2905,1,,15,,2905,2905,2905,
6a80736feba21c74defcb9c0,2026-08-15T14:11:03.062Z,Union Coop تعاونية الاتحاد,page,facebook,Post,"سنتربوينت وصل وأصبح جاهزاً لمستلزماتك المدرسية! 

كل ما يحتاجه أبناؤكم للعودة إلى المدارس أصبح في مكان واحد! تفضلوا بزيارة متجر سنتربوينت المؤقت في البرشاء مول.

نستقبلكم حتى 31 أغسطس!

#تعاونية_الاتحاد #البرشاء_مول #سينتربوينت 

Centrepoint has arrived; your school checklist is sorted. Visit the pop-up at Al Barsha Mall. Here till 31st August. 

#Union_Coop #Centrepoint",https://www.facebook.com/reel/1437470204887812/,,36,2,,2.61,2222,3,,17,,2222,2222,2222,
6a3265b1f7d4acb41c041bf2,2026-06-17T10:00:13.254Z,Union Coop تعاونية الاتحاد,page,facebook,Post,"من أرضنا لأيدينا!
تعرّف على منتجاتنا المحلية في تعاونية الاتحاد، اشتريها وادعمها وافتخر بها.

#تعاونية_الاتحاد #محلي #منتجات_إماراتية #اصنع_في_الإمارات

Discover locally made products at Union Coop. Shop local, support homegrown, and take pride in every purchase.

#Union_Coop #MakeItInTheEmirates #Local",https://www.facebook.com/reel/4653894878226444/,,36,1,,0.93,5174,1,,10,,5174,5174,5174,
6a2f801450120d04095a4f03,2026-06-15T04:30:07.000Z,Union Coop تعاونية الاتحاد,page,facebook,Post,"عامٌ هجريٌ جديدٌ ١٤٤٨ هـ يهلّ علينا، نسأل الله عزّ وجل أن يجعله عاماً مليئاً بالخير والبركات، وللجميع دوام الصحة والسعادة.

كل عام وأنتم بخير.

#رأس_السنة_الهجرية #عام_هجري_مبارك #تعاونية_الاتحاد

As we welcome the Hijri New Year 1448 AH, we pray that it brings goodness, peace, and blessings to all.
Wishing you a blessed Hijri New Year.

#HijriNewYear #HappyHijriNewYear #UnionCoop",https://www.facebook.com/351419630848390/posts/983918324265181,,35,3,,3.45,3512,3,,80,,3512,3512,3512,
6a0efe464147840f2d04a065,2026-05-21T12:45:42.901Z,Union Coop تعاونية الاتحاد,page,facebook,Post,"نظمت تعاونية الاتحاد مبادرة «فرحة العيد لأبطال الجليلة»، حيث قام عدد من موظفي  التعاونية بزيارة مستشفى الجليلة التخصصي للأطفال – قسم أمراض السرطان الخاص بالأطفال، وذلك في إطار حرصها على تعزيز المسؤولية المجتمعية ونشر أجواء الفرح وإدخال البهجة إلى قلوبهم بمناسبة عيد الأضحى المبارك.

وشهدت الزيارة توزيع الهدايا ومشاركة الأطفال أجواء العيد، بهدف دعمهم معنوياً وإدخال السعادة إلى قلوبهم، في تجسيد لقيم التكافل والإنسانية التي تحرص تعاونية الاتحاد على ترسيخها في المجتمع.
 
Union Coop organized the ‘Eid…",https://www.facebook.com/351419630848390/posts/963172979673049,,35,3,,7.30,4891,0,,319,,4891,4891,4891,
69fb2bc7300064bd550278a2,2026-05-06T11:53:49.421Z,Union Coop تعاونية الاتحاد,page,facebook,Post,"50 عاماً . قوة واحدة. أمة واحدة.

قواتنا المسلحة حصننا المنيع.

فخرٌ بماضينا… وثقةٌ بمستقبلنا.

50 years. One force. One nation.

Pride in our past. Confidence in our future.",https://www.facebook.com/351419630848390/posts/951068517550162,,34,4,,2.70,2815,3,,35,,2815,2815,2815,
6a7b01bb145dcd3f6d223ced,2026-08-11T11:04:33.236Z,Union Coop تعاونية الاتحاد,page,facebook,Post,"واحد من بين أفضل المقاهي المحلية المفضلة، الآن أقرب إليك ☕️

يسعدنا أن نرحّب بـ أورورا للقهوة المختصة في تعاونية الاتحاد، الاتحاد مول، حتى 22 أغسطس. 

زورونا الآن!

من 10 صباحًا إلى 10 مساءً

#تعاونية_الاتحاد

A local favourite, now closer to you. ☕️

We’re happy to welcome Aurora Specialty Coffee to Union Coop, Etihad Mall, until 22 August.

Visit us now!

10AM - 10PM

#Union_Coop",https://www.facebook.com/reel/2181001135809418/,,34,0,,2.29,2311,1,,18,,2311,2311,2311,
6a6b9fc2873f8919cc028d3f,2026-07-30T19:02:41.353Z,Union Coop تعاونية الاتحاد,page,facebook,Post,"سلال مليئة بأجود أنواع الرطب المزروعة محلياً بانتظاركم في تعاونية الاتحاد.

ولا تفوتوا فرصة الاستمتاع بالتذوق المجاني لحلوى البثيث اللذيذة عند زيارتكم لفروعنا في
📍البرشاء
📍مردف
📍الخوانيج

نستقبلكم غداً وحتى يوم 2 أغسطس.

#تعاونية_الاتحاد #مهرجان_الرطب #البثيثة #زراعة_محلية

Baskets full of the finest locally grown dates are calling you. 

Plus, enjoy free batheetha tasting at
📍Al Barsha 
📍Mirdif
📍Al Khawaneej

See you tomorrow until the 2nd.

#Union_Coop #DatesFestival #Batheetha #LocallyG…",https://www.facebook.com/reel/1350095373898895/,,34,0,,1.42,3805,2,,18,,3805,3805,3805,
6a7c5e3b95e7095b57314c7d,2026-08-12T11:52:59.753Z,Union Coop تعاونية الاتحاد,page,facebook,Post,"واحد من بين أفضل المقاهي المحلية المفضلة، الآن أقرب إليك ☕️

يسعدنا أن نرحّب بـ أورورا للقهوة المختصة في تعاونية الاتحاد، الاتحاد مول، حتى 22 أغسطس.

زورونا الآن!

من 10 صباحًا إلى 10 مساءً.

#تعاونية_الاتحاد
A local favourite, now closer to you. ☕️

We’re happy to welcome Aurora Specialty Coffee to Union Coop, Etihad Mall, until 22 August.

Visit us now!

10AM - 10PM

#Union_Coop",https://www.facebook.com/reel/1376202120507208/,,33,2,,1.34,3727,2,,13,,3727,3727,3727,
6995ba197755ef6f3f0b7737,2026-02-19T07:00:48.284Z,Union Coop تعاونية الاتحاد,page,facebook,Post,".
لا يكتمل رمضان بدون…
التجمعات العائلية والرغبة في تناول الطعام في وقت متأخر من الليل والمائدة العامرة بألذ الأطباق.
سألنا المتسوقين في تعاونية الاتحاد:
ما الذي يجعل رمضان يكتمل بالنسبة لكم؟
والآن حان دورك!
ما هو الشيء الذي لا يكتمل رمضان بدونه؟
#تعاونية_الاتحاد #رمضان_في_دبي 

It’s not Ramadan without… 
Family gatherings, late-night cravings and a table full of favourites.
We asked shoppers at Union Coop what makes Ramadan feel complete. What’s yours?

#Union_Coop #RamadanInDubai",https://www.facebook.com/reel/1456861376142131/,,33,1,,2.18,3077,0,,33,,3077,3077,3077,
69ba4f90be6618147d0bcaf9,2026-03-21T06:00:30.090Z,Union Coop تعاونية الاتحاد,page,facebook,Post,"في عيد الأم هذا العام، تحتفي تعاونية الاتحاد بكل أم تُعطي دون كللٍ أو ملل. وتماشياً مع عام الأسرة 2026 في الإمارات، يسعدنا أن نمنحها لحظة تشعر فيها بالتقدير الذي تستحقه.

شاركونا في التعليقات كيف تصفون أمهاتكم. سيفوز أحد المشاركين بسلة هدايا فاخرة، كل تفصيلة فيها أُعدّت فقط لها، لأنها أعطتنا كل شيء والآن حان دورنا لردّ قليل من الجميل. 

#تعاونية_الاتحاد #عام_الأسرة2026 #عيد_الأم

This Mother's Day, Union Coop celebrates the women who spend so much time taking care of everyone else. This year, in…",https://www.facebook.com/351419630848390/posts/914812224509125,,31,15,,3.01,3160,2,,47,,3160,3160,3160,
6a7453c6f68df6582a4b0133,2026-08-06T09:28:45.734Z,Union Coop تعاونية الاتحاد,page,facebook,Post,"من مساهم إلى مالك منزل في دبي! 

ألف مبروك للفائز «حسين كاظم» الذي انضم حديثاً لقائمة الرابحين في مسابقة «اربح منزلك في دبي»!

هل ستكون أنت الفائز التالي؟ 

الفرصة ما زالت بانتظارك! أرسل فواتيرك بقيمة 500 درهم أو أكثر، وادخل السحب الأسبوعي فوراً.

السحوبات مستمرة والإعلان عن الفائزين يتم أسبوعياً حتى نهاية الشهر. لا تفوّت فرصتك!

#تعاونية_الاتحاد #بن_غاطي #اربح_منزلك_في_دبي

From Union Coop shareholder to homeowner. Congratulations to Hussain Kazim, who has received the keys to his new home as t…",https://www.facebook.com/reel/2733409803763901/,,30,3,,1.87,3324,0,,29,,3324,3324,3324,
696f71099e1b9047cb0b41f0,2026-01-20T12:12:03.696Z,Union Coop تعاونية الاتحاد,page,facebook,Post,"كعكة الجبن اليابانية الشهيرة بالطريقة الألذّ!
تسوّق كل مكوناتها من تعاونية الاتحاد!

#تعاونية_الاتحاد #كعكة_الجبن_اليابانية #لوتس #لبن_يوناني

Japanese cheesecake, the viral way.
Shop the ingredients at Union Coop.

#Union_Coop #Viral #JapaneseCheesecake #Lotus #GreekYogurt",https://www.facebook.com/reel/856620503874185/,,30,2,,1.17,6641,1,,45,,6641,6641,6641,
6a809aa6eff35ad02b86541b,2026-08-15T14:12:22.000Z,Union Coop تعاونية الاتحاد,page,facebook,Story,Media only,https://facebook.com/stories/105286645461691/UzpfSVNDOjI5MDQzODc0MTY1NzUyMzg=/?view_single=1,,29,,0,,,0,1575,,29,,,,1594
6a0d847cf93cd9d3b50aa4b1,2026-05-20T09:53:08.114Z,Union Coop تعاونية الاتحاد,page,facebook,Post,"أجمل لحظات العيد هي تلك التي تبقى محفورة في الذاكرة رغم بساطتها.

وأولئك الذين يشاركوننا الفرح والذكريات يستحقون أن يعرفوا أهميتهم في حياتنا.

اكتب لهم رسالة في التعليقات، وربما تفاجئهم بسلة مليئة بالمنتجات الطازجة من تعاونية الاتحاد.

#عيد_مع_تعاونية_الاتحاد #لحظات_العيد #تعاونية_الاتحاد 

Eid is all about the people who make it feel special.

The ones who show up, share the joy, and turn simple moments into lasting memories.

Tell them what they mean to you, write them a message in the comment…",https://www.facebook.com/reel/961529710080579/,,28,2,,1.20,3242,0,,9,,3242,3242,3242,
6a0878a9bbe3bb95d30de9ba,2026-05-16T14:02:03.881Z,Union Coop تعاونية الاتحاد,page,facebook,Post,"عطلة نهاية الأسبوع أصبحت أكثر قيمةً ومتعةً فقط مع تعاونية الاتحاد!
تسوّقوا في تعاونية الاتحاد واستمتعوا بعروض رائعة على المستلزمات الأساسية إنها فرصتكم للفوز بمليون نقطة من تميّز!
كيفية المشاركة؟
تسوّقوا بـ ٢٠٠ درهم أو أكثر، امسحوا بطاقة تميز الرقمية عند الدفع، وادخلوا سحب اثنين المليونير القادم!

#اثنين_المليونير #تميّز #تعاونية_الاتحاد 

This weekend, your shopping goes further at Union Coop.

Enjoy great deals on your essentials and turn every purchase into a chance to win 1,000,000 Tamayaz P…",https://www.facebook.com/reel/1511686217347684/,,28,1,,0.64,5466,1,,5,,5466,5466,5466,
6a8c494b9d090a02e22d4994,2026-08-24T13:38:25.416Z,Union Coop تعاونية الاتحاد,page,facebook,Post,"وأخيرًا، كُشف عن الفائز الأول بالجائزة الكبرى!

تعاونية الاتحاد تبارك من القلب لطلال سعيد، الفائز المحظوظ الذي انطلق بسيارة جيتور تي 1 الجديدة بالكامل!

لكن القصة لم تنتهِ بعد، ولا تزال فرصتك للفوز قائمة.

أمامك حتى 13 سبتمبر للمشاركة. لا يوجد حد أدنى للإنفاق وما عليك سوى التسوق ومسح بطاقة تميّز الرقمية الخاصة بك عند الدفع وستدخل السحب! 

هل ستكون أنت الفائز القادم بالجائزة الكبرى؟ تسوّق الآن واجعل الفرصة من نصيبك!

#تعاونية_الاتحاد #تميّز #العودة_إلى_المدارس 

We’ve got a winner! Congratulation…",https://www.facebook.com/reel/2156959145232566/,,27,1,,1.71,2397,0,,13,,2397,2397,2397,
6ab210793655e06b13617138,2026-09-21T10:15:09.000Z,Union Coop تعاونية الاتحاد,page,facebook,Story,Media only,https://facebook.com/stories/105286645461691/UzpfSVNDOjI5MDAyNTUwODAzMzk2MDQ=/?view_single=1,,27,,0,,,1,2176,,26,,,,2261
6a312bb2413875ecc30ee51b,2026-06-16T10:56:01.102Z,Union Coop تعاونية الاتحاد,page,facebook,Post,"هل أنت مستعد لتحويل شغفك بكرة القدم إلى فرصة للفوز؟
 انضم إلى أجواء تحدّي كأس العالم الآن مع لعبة تميّز الجديدة ""العب واربح""، حيث يتحول حماسك لكل مباراة إلى فرصة حقيقية للفوز.

توقّع الفائزين يومياً، واحصل على فرص للفوز مع كل توقّع صحيح، ونافس على سيارة جيتور T2.
لا تفوّت الإثارة، والعب مجاناً الآن عبر تطبيق تعاونية الاتحاد.
إن لم تكن عضواً في برنامج تميّز بعد، اشترك اليوم وكن في قلب الحدث مع كل مباراة.
#تعاونية_الاتحاد #كأس_العالم #جيتورT2

Think you know football? ⚽

Put your match knowledge …",https://www.facebook.com/reel/1491265199444385/,,26,1,,1.59,2838,1,,18,,2838,2838,2838,
69ba9784da84ee96f1662d90,2026-03-18T12:14:59.000Z,Union Coop تعاونية الاتحاد,page,facebook,Post,"بقيادة واثقة ورؤية راسخة، تمضي بلادنا إلى الأمام أقوى وأكثر تماسكاً من أي وقتٍ مضى.
في تعاونية الاتحاد، نعتزّ بأن نكون جزءاً من هذا المسير مستمرين في خدمة مجتمعنا، وحاملين لقيم تُرسّخ الازدهار وتصنع الغد.

نحتفل اليوم بروح لا تُكسر وعزيمة لا تتوقف، وأمل يُضيء درب المستقبل للجميع.

Guided by visionary leadership, our nation continues to grow stronger, united, and resilient. At Union Coop, we are proud to serve our community and support the values that keep our nation thriving. Together, we celebr…",https://www.facebook.com/351419630848390/posts/912554241401590,,26,1,,2.09,3593,2,,46,,3593,3593,3593,
69b13dab251ea96cbe0e762e,2026-03-11T10:02:30.497Z,Union Coop تعاونية الاتحاد,page,facebook,Post,"الفتة:
تتكون الفتّة من طبقات شهية تجمع بين الغنى في النكهة والأصالة.
استمتعوا بهذا الطبق من إعداد الشيف ولاء حسن

المكونات:
لحم (1 كجم)، 2 بصل مفروم (حوالي 300 غرام)، ثوم (4 فصوص مفرومة)، أرز أبيض (500 غرام)، خبز عربي (4 قطع، مقطعة ومحمصة)، صلصة طماطم (2 كوب / 400 غرام)، خل (2 ملعقة كبيرة)، ملح (2 ملعقة صغيرة أو حسب الرغبة)، فلفل أسود (1 ملعقة صغيرة)، زيت طهي (3 ملاعق كبيرة)، بهارات منوعة (1 ملعقة كبيرة)

طريقة التحضير:
يُحمّر اللحم مع البصل المفروم والتوابل والملح والفلفل الأسود على نار متوسطة …",https://www.facebook.com/reel/905862138887599/,,26,1,,1.20,2589,1,,3,,2589,2589,2589,
6a784335ef2c55baa9d35468,2026-08-09T09:01:35.000Z,Union Coop تعاونية الاتحاد,page,facebook,Post,"هل هناك أسهل من ذلك؟ تسوّق، امسح، واربح! ​

3 خطوات بسيطة تفصلك عن دخول السحب على الجائزة الأسبوعية الكبرى: 1,000,000 نقطة من تميّز! ​

وليس هذا فحسب، هناك جوائز يومية رائعة بانتظارك مع كل عملية تسوّق.​

#تعاونية_الاتحاد #العودة_إلى_المدارس #مشاركة_سهلة​

Could it get any easier? Shop. Scan. Win. Spend AED 200 or more at Union Coop for your chance to win 1 Million Tamayaz Points in our weekly draw, plus exciting daily prizes.​

Shop now! T&Cs apply.​

#Union_Coop #BacktoSchool #EasyParticipation",https://www.facebook.com/reel/2221720505060207/,,26,0,,2.25,1420,0,,6,,1420,1420,1420,
699db43730667a512503588a,2026-02-24T14:22:57.323Z,Union Coop تعاونية الاتحاد,page,facebook,Post,"في رمضان هذا العام، كل ما تنفقه يكتسب قيمة أكبر.
أنفق 150 درهم أو أكثر في عملية دفع واحدة وامسح باركود تميّز لتدخل تلقائياً في السحب للفوز بسيارة جيتور ومشتريات أسبوعية. 
#تعاونية_الاتحاد #تميّز #رمضان2026 #تسوق_و_اربح 

This Ramadan, make every checkout more rewarding.
Spend AED 150 or more in a single transaction and scan your Tamayaz barcode to automatically enter a chance to win a Jetour car and weekly groceries.
#Union_Coop #Tamayaz #Ramadan2026 #ShopAndWin",https://www.facebook.com/reel/1836286437071822/,,26,0,,0.78,4642,2,,8,,4642,4642,4642,
69cfe7935333c3f7c5070115,2026-04-03T16:15:32.845Z,Union Coop تعاونية الاتحاد,page,facebook,Post,"هدية مجانية بانتظاركم!
هل أنتم من عشاق البيتزا الأصيلة؟ إذن هذا العرض يناسبكم تماماً! 
يسعدنا تقديم بيتزا نابولية فاخرة، مُعدَّة بعناية من أجود المكونات، وتقدم طازجة دائماً لتمنحكم تجربة لا تُنسى مع كل قطعة.
واحتفالاً بهذا الإطلاق، نظمنا مسابقة خصيصاً لكم!
كيفية المشاركة:

• أعجب بهذا الفيديو
• علّق بنكهة البيتزا المفضلة لديك
• اذكر صديقاً تودّ مشاركته الجائزة

سيحظى الفائز باحتفال بيتزا لا يُنسى مع عائلته!
تتوفر البيتزا في فرع تعاونية الاتحاد في مردف وقريباً في الفروع الأخرى

تطبق الشروط والأحك…",https://www.facebook.com/reel/2009857553302519/,,25,7,,1.79,2730,0,,17,,2730,2730,2730,
698196d6f6aef37fc00f89eb,2026-02-03T06:34:09.318Z,Union Coop تعاونية الاتحاد,page,facebook,Post,"نتمنى لكم كل البهجة والمرح بمناسبة حق الليلة.
احتفلوا معنا بأجواء مميزة في تعاونية الاتحاد، وتسوقوا الحلويات والهدايا وكل ما يلزم هذه المناسبة لأجواء عائلية دافئة لا تُنسى. 
#تعاونية_الاتحاد

Wishing our community a lovely Hag Al Leila 
Celebrate Hag Al Leila with Union Coop.
Shop festive treats and sweet surprises for family and loved ones now!
#Union_Coop",https://www.facebook.com/reel/2004191483470838/,,25,3,,0.95,4088,1,,10,,4088,4088,4088,
6a5e7fa81012a20e2929ab26,2026-07-20T20:03:22.000Z,Union Coop تعاونية الاتحاد,page,facebook,Post,"منتصف الأسبوع، وهذا يعني خصومات 50% وأكثر على منتجات أساسية! تسوّقوا بذكاء واستمتعوا بتوفير حقيقي في أقرب فرع لتعاونية الاتحاد.

📍 هذا العرض متوفر في الفروع فقط.
📲 فعّلوا عروضكم عبر تطبيق تميّز، ثم توجّهوا إلى أقرب فرع للاستفادة منها.
⏳ عروض جديدة كل ثلاثاء، حتى نفاد الكمية.

#تعاونية_الاتحاد #عروض_منتصف_الأسبوع

It is just mid-week. But it is bringing 50% off or more on essentials. Head to your nearest Union Coop for a round of smart mid-week shopping. ​

In-store only
📲 Activate your offers…",https://www.facebook.com/351419630848390/posts/1013134801343533,,25,2,,9.82,4930,1,,456,,4930,4930,4930,
699485f5014a30fbbd04bb0a,2026-02-17T15:15:12.818Z,Union Coop تعاونية الاتحاد,page,facebook,Post,".
رمضان مبارك لكم ولأحبائكم!
عسى أن يحمل لكم هذا الشهر الفضيل كل الخيرات والمسرّات، وأن يملأ قلوبكم بالسكينة والأمان ومنازلكم بأجمل اللحظات مع العائلة والأصدقاء.
#تعاونية_الاتحاد #رمضان2026 #رمضان_في_دبي 

Wishing you and your loved ones a blessed Ramadan.
May this holy month bring joy to your home, peace to your heart, and countless moments of togetherness to share with family and friends.

#Union_Coop #Ramadan2026 #RamadanInDubai",https://www.facebook.com/reel/739801889001171/,,24,3,,1.73,2608,2,,16,,2608,2608,2608,
699eaa77c175c56e9907a8ec,2026-02-25T07:53:37.375Z,Union Coop تعاونية الاتحاد,page,facebook,Post,"استمتعوا بطبق الكسكس بالخضار الشهي المطهو على البخار، والغني بالخضروات والتوابل والأعشاب العطرية.

المكونات:
(500) غرام من حبوب الكسكس، (500) غرام من اللحم المجفف، (100) غرام من معجون الطماطم، (50) غرام من مسحوق الفلفل الحار، (50) غرام من مسحوق الكزبرة، (10) غرام فلفل أسود، (5) غرام نعناع مجفف، (1) ملعقة صغيرة ملح، (1) ملعقة صغيرة معجون ثوم، (100) مل زيت زيتون، (3) بصلات مفرومة، (2) جزر مفروم، (2) بقدونس مفروم، (1) سبانخ، (2) شبت.

طريقة التحضير:
تُضاف الخضار والتوابل والكسكس ومعجون الطماطم والز…",https://www.facebook.com/reel/2741965629511069/,,24,2,,1.40,2574,2,,8,,2574,2574,2574,
6aacc31652cec9d90e12773c,2026-09-18T04:50:37.127Z,Union Coop تعاونية الاتحاد,page,facebook,Post,"احتفاءً بالمرأة الإماراتية التي تسهم في رسم ملامح مستقبل دولة الإمارات، وتكريماً لإرثٍ راسخ أسهمت في بنائه عبر مسيرة حافلة بالعطاء والإنجاز.

نستحضر اليوم قصصاً من الإنجاز والمثابرة والعزيمة، ونحتفي بإسهامات المرأة الإماراتية ودورها في مسيرة التنمية والتقدم التي تواصل دولة الإمارات كتابة فصولها كل يوم.

#تعاونية_الاتحاد #يوم_المرأة_الإماراتية 

Celebrating the women shaping the UAE’s future, while honouring the legacy they have helped build.

Today, we reflected on stories of achievement, persev…",https://www.facebook.com/reel/2184753329065070/,,24,1,,2.46,2274,2,,29,,2274,2274,2274,
6a8d94597b8d3473d66a09cc,2026-08-25T13:11:00.888Z,Union Coop تعاونية الاتحاد,page,facebook,Post,"أقلّ من أسبوع يفصلنا عن بدء العام الدراسي!

تجنّبوا الانتظار، واستفيدوا من أكبر الخصومات على مئات منتجات العودة إلى المدارس.

عروض هذا الأسبوع متاحة الآن! تسوّقوا مبكراً واستفيدوا من أفضل الخيارات قبل نفاذ الكمية. 

#تعاونية_الاتحاد #العودة_إلى_المدارس #خصومات_كبرى 

Less than one week to go until school starts. Beat the rush with our biggest discounts yet on hundreds of back-to-school products. This week's deals are officially live—shop while stocks last.

#Union_Coop #BackToSchool #SmartSaving…",https://www.facebook.com/reel/1417222383803702/,,24,1,,2.14,2196,3,,19,,2196,2196,2196,
69bb9845ccbf61158e021cf2,2026-03-19T15:01:23.695Z,Union Coop تعاونية الاتحاد,page,facebook,Post,"في عيد الفطر، نحتفي بكل ما يجمعنا.

بالابتسامات المتبادلة والصلوات الخاشعة، وذلك الترابط الذي لا يُعوَّض. من كل بيت إلى كل قلب، نتمنى أن يغمر هذا العيد أيامكم بالدفء والفرح والمحبة.

عيد مبارك من عائلتنا ""تعاونية الاتحاد"" إلى عائلاتكم جميعاً.

#تعاونية_الاتحاد #العيد_في_دبي #عيد_الفطر

This Eid, we honor the moments that bring us together.

We celebrate the shared smiles, the quiet prayers, and the strength we find in unity. From every home to every heart, may your celebrations be filled with wa…",https://www.facebook.com/reel/1701984160766735/,,24,1,,0.81,3445,0,,3,,3445,3445,3445,
69a82073e16aeb1d82024987,2026-03-04T12:07:27.848Z,Union Coop تعاونية الاتحاد,page,facebook,Post,"لحم ضأن طري مطهو ببطء مع توابل هندية حارة. استمتعوا بهذا الطبق الكلاسيكي الغني والمطهو بهدوء من إعداد الشيف آشيش نيلكانث كودتاركار. 

المكونات:
لحم ضأن (1 كجم)، 4 بصلات مفرومة (حوالي 500 جم)، 3 طماطم مفرومة (حوالي 400 جم)، كزبرة طازجة (1 حزمة صغيرة)، غارام ماسالا (3 ملاعق كبيرة)، معجون الزنجبيل والثوم (3 ملاعق كبيرة)، مسحوق الكركم (2 ملاعق كبيرة)، مسحوق الفلفل الحار (2 ملاعق كبيرة)، مسحوق الكزبرة (1 ملعقة كبيرة)، مسحوق الكمون (1 ملعقة كبيرة)، ملح (حسب الرغبة — حوالي 2 ملاعق صغيرة)، زيت الطهي (4 …",https://www.facebook.com/reel/859127917144362/,,24,1,,1.15,2526,0,,4,,2526,2526,2526,
69c3f9671eb5224d22098ad6,2026-03-25T15:04:17.926Z,Union Coop تعاونية الاتحاد,page,facebook,Post,"وصلت وجباتكم الخفيفة المفضلة! 
في تعاونية الاتحاد عروضنا المميزة لا تتوقف. اغتنموا الآن فرصة العروض على منتجات الأطفال والمستلزمات اليومية حتى تاريخ 1 أبريل!

#تعاونية_الاتحاد #خصومات_كبرى

Snack time sorted 🍪 + pantry restocked 🛒
Discover our latest deals on kids’ favorites and everyday essentials.
Hurry, offers end April 1!

#Union_Coop #BigDiscounts",https://www.facebook.com/reel/1443218150630239/,,24,0,,0.75,3995,0,,6,,3995,3995,3995,
6a29759074191da5200fa1d5,2026-06-10T14:33:00.669Z,Union Coop تعاونية الاتحاد,page,facebook,Post,"كل مباراة في كأس العالم تستحق أفضل شاشة!
اربح تلفزيوناً جديداً كلياً مع تعاونية الاتحاد واستمتع بتجربة مشاهدة لا تُنسى.
كيفية المشاركة:

• خذ لقطة شاشة للكرة الذهبية
• تابع حسابنا: Union.Coop@
• شاركنا لقطة الشاشة عبر الرسائل الخاصة
• شاركنا المشاهدة الجماعية الخاصة بك في التعليقات

الفرق بين مباراة عادية ومباراة لا تُنسى؟ الشاشة الكبيرة! 

#تعاونية_الاتحاد #فيفا #كأس_العالم #مشاهدة_جماعية #اربح_تلفزيون #وقت_المسابقات 

Win a brand-new TV with Union Coop and turn every World Cup match into the u…",https://www.facebook.com/reel/1010317301542736/,,23,12,,1.54,3570,0,,21,,3570,3570,3570,
6a8045cead16f65fe6cc2e96,2026-08-15T08:06:46.000Z,Union Coop تعاونية الاتحاد,page,facebook,Story,Media only,https://facebook.com/stories/105286645461691/UzpfSVNDOjk5NzgyMzQ2NjY0MDU5NQ==/?view_single=1,,23,,0,,,0,1679,,23,,,,1868
69b7ed774b5f3e5f5f092c4e,2026-03-16T11:44:19.000Z,Union Coop تعاونية الاتحاد,page,facebook,Post,"يقدم لكم ”آشيش نيلكانث كودتاركار“ الطبق الكلاسيكي الأكثر شهرة: الدجاج بالزبدة الكريمية! يُطهى الدجاج الطري المتبل بالزبادي والتوابل، ويُترك على نار هادئة في صلصة الطماطم والكاجو ذات القوام المخملي اللذيذ.

طريقة التحضير: 
ينقع الدجاج في الزبادي ومعجون الزنجبيل والثوم وعصير الليمون والتوابل والزيت والملح لمدة ساعة على الأقل. ثم يُقلى الدجاج قليلاً في الزبدة أو الزيت ويُوضع جانباً. في قدر، تطهى التوابل الكاملة والبصل في الزبدة حتى يصبح لونها ذهبياً، ثم تضاف الطماطم والكاجو وتطهى حتى تصبح طرية. تخل…",https://www.facebook.com/reel/1325382439437993/,,23,0,,1.05,2665,1,,4,,2665,2665,2665,
6aa7f5571f201e1ad82d6b38,2026-09-14T13:23:41.712Z,Union Coop تعاونية الاتحاد,page,facebook,Post,"عطلة نهاية الأسبوع في عالم الكبار؟ هكذا تبدو بالضبط! 

جولة سريعة لشراء احتياجاتك، وتجديد بعض المخزون، وسؤال يتكرر كل مرة: «ما الذي نحتاجه لهذا الأسبوع؟».

اجعل رحلة التسوق أسهل مع تعاونية الاتحاد.

نحن نتولى التسوق، وأنت استمتع بعطلتك.

#تعاونية_الاتحاد 

This is what your weekend looks like when you’re an adult. 

A little grocery run, a little restocking, and a lot of “what do we need for the week?”

Make your weekend grocery run easier with Union Coop.

Your weekend plans just got a little m…",https://www.facebook.com/reel/1692985208439820/,,22,2,,1.38,2457,1,,9,,2457,2457,2457,
698589fc34b8213df50b2dc0,2026-02-06T06:28:24.754Z,Union Coop تعاونية الاتحاد,page,facebook,Post,"ضمن مشاركتنا في القمة العالمية للحكومات 2026، وقّعت وزارة الأسرة اتفاقيات تعاون مع بلدية دبي، وتعاونية الاتحاد ومجموعة ماجد الفطيم، لإطلاق برنامج «الأسرة أولاً»، كمبادرة وطنية استراتيجية تهدف إلى تعزيز التماسك الأسري وترسيخ القيم الأسرية في الأماكن العامة والحضرية، انسجاماً مع مستهدفات «الأجندة الوطنية لنمو الأسرة 2031»
ويهدف البرنامج للتوسع تدريجياً ليشمل المناطق العامة والمنشآت الأكثر ارتباطاً بالحياة اليومية للأسر على مستوى الدولة

As part of our participation in the World Government Summit 2…",https://www.facebook.com/351419630848390/posts/880953204561694,,22,0,,3.18,2894,0,,70,,2894,2894,2894,
6a54f712b28b7c616f028224,2026-07-13T20:01:20.002Z,Union Coop تعاونية الاتحاد,page,facebook,Post,"عروضنا الأسبوعية بخصم 50% بانتظاركم! 

تفضلوا بزيارة تعاونية الاتحاد اليوم للاستفادة من أقوى الخصومات، واجعلوا من يوم الثلاثاء موعدكم الأسبوعي الثابت للتوفير الذكي، حيث نطرح لكم باقة جديدة من المنتجات بنصف السعر أسبوعياً.

 ننتظركم في فروعنا! 

#تعاونية_الاتحاد 

Our midweek 50% deals are live right now! Head to Union Coop today to shop the offers, and make it a weekly habit- we’re dropping new half-price deals every single Tuesday. See you in the aisles! 🛍️

#Union_Coop",https://facebook.com/112240942183815_1007625055227841,,21,2,,10.12,3063,1,,286,,3063,3063,3063,
697763a5acb69abdaf02aa00,2026-01-26T12:53:02.249Z,Union Coop تعاونية الاتحاد,page,facebook,Post,"يأتيك هذا الشهر المبارك بالخير والفرص، وتمنحك مشترياتك اليومية أكثر مما تتوقع!
تسوق في تعاونية الاتحاد، ومع إنفاقك لكل 150 درهم قد تكون سيارة جيتور من نصيبك.
ففي هذا الموسم المكافآت أبعد من مجرد عملية شراء!
تسوق أينما كنت واجعل كل عملية شراء خطوة نحو ربح أكبر.

#تعاونية_الاتحاد #تسوق_واربح #رمضان_في_تعاونية_الاتحاد #جيتور 

This Ramadan, your everyday shopping could take you further.
Shop at Union Coop and get a chance to win a Jetour with every AED 150 spent.
Because this season, the rewards go…",https://www.facebook.com/reel/4444872242412904/,,21,1,,1.11,2436,0,,5,,2436,2436,2436,
6aa43aebcda51e4ca99967b0,2026-09-11T15:30:46.000Z,Union Coop تعاونية الاتحاد,page,facebook,Story,Media only,https://facebook.com/stories/105286645461691/UzpfSVNDOjE0NDYwMDYwMDQwNTg0MjQ=/?view_single=1,,20,,0,,,0,507,,20,,,,539
6a6794b5c735cf68b6080e27,2026-07-27T20:19:53.423Z,Union Coop تعاونية الاتحاد,page,facebook,Post,"اليوم فقط! 

وّفر 50% وأكثر مع عروض منتصف الأسبوع الحصرية في فروع تعاونية الاتحاد .

 خطوة مهمة قبل التسوق: فعّل العروض عبر صفحة تميّز على تطبيق تعاونية الاتحاد لتستمتع بالخصومات! 

 الكميات تنفد سريعاً سارع قبل انتهائها!

جديدنا معك كل يوم ثلاثاء حيث الخيارات أكثر والتوفير أكبر!

#تعاونية_الاتحاد #عروض_منتصف_الأسبوع


🚨 TODAY ONLY! 🚨

Save 50% OFF & MORE with our Mid-Week Deals! 🛒✨

These exclusive offers are available in-store only, so don't forget to activate them on the Tamayaz page of th…",https://facebook.com/112240942183815_1018671070789906,,20,0,,11.51,3361,0,,367,,3361,3361,3361,
69721592edc9b3330406f0e1,2026-01-22T12:18:36.307Z,Union Coop تعاونية الاتحاد,page,facebook,Post,"كل عملية شراء في تعاونية الاتحاد تقرّبكم من الجوائز الكبرى!
ابتداءً من اليوم وحتى 22 مارس، ادخلوا السحب تلقائياً مع كل عملية شراء.
لا تنسوا السحب الأول في ٢ مارس!

#تعاونية_الاتحاد #رمضان_كريم 

This Ramadan, shop, participate, and win.
Every purchase at Union Coop brings you closer to exciting raffle prizes, from today until 22 March.
Stay tuned for the first draw on 2nd March. 

#UnionCoop #Ramadan",https://www.facebook.com/reel/910490398158123/,,20,0,,1.16,2676,0,,11,,2676,2676,2676,
69946aa45aa7779b820a7f95,2026-02-17T13:18:39.499Z,Union Coop تعاونية الاتحاد,page,facebook,Post,".
لا حدود لخيرات الشهر الفضيل في تعاونية الاتحاد.
استمتعوا بأجود أنواع اللحوم على موائدكم مع مهرجان اللحوم، حيث الجودة العالية والأسعار التي تناسب أجواء رمضان.
لا تفوّتوا الأسعار الخاصة حتى 22 فبراير فقط في تعاونية الاتحاد.

#تعاوونية_الاتحاد #مهرجان_اللحوم #رمضان_في_دبي

This Ramadan, bring the finest cuts to your table with our Butchery Festival.
Enjoy special prices until 22nd February, exclusively at Union Coop

#Union_Coop #ButcheryFestival #RamadanOffers #RamadanEssentials",https://www.facebook.com/reel/954086127559532/,,19,1,,2.65,1396,0,,17,,1396,1396,1396,
6aaa612ea9ef9ed9b604d2c7,2026-09-16T07:20:19.000Z,Union Coop تعاونية الاتحاد,page,facebook,Story,Media only,https://facebook.com/stories/105286645461691/UzpfSVNDOjEwNDU2MzU2NjE2MzYwOTY=/?view_single=1,,19,,0,,,0,1088,,19,,,,1161
69a54dc731a988831c039f2c,2026-03-02T08:44:01.195Z,Union Coop تعاونية الاتحاد,page,facebook,Post,".
تسوقكم في رمضان حافل بالخصومات. استمتعوا بعروضنا الحصرية على المنتجات الطازجة والمستلزمات الأساسية وغيرها. تسري العروض حتى 5 مارس. تسوقوا في فروعنا أو عبر التطبيق واستفيدوا من كل درهم في الشهر الكريم.
#تعاونية_الاتحاد #خصومات_رمضان #رمضان_في_دبي #تسوق_ووفر 

Your Ramadan shopping, filled with savings. Enjoy exclusive offers across fresh produce, essentials, and more, valid till 5th March. Shop in-store or online and make the most of every dirham this Ramadan.

#Union_Coop #RamadanInDubai #Rama…",https://www.facebook.com/reel/1793067928030177/,,19,0,,0.90,3223,1,,9,,3223,3223,3223,
6aa139bd5294a849880d9667,2026-09-09T10:49:41.646Z,Union Coop تعاونية الاتحاد,page,facebook,Post,"وفّر حتى 50% على تشكيلة واسعة من المنتجات مع العروض الحصرية على تطبيقنا.​

كل ما عليك فعله هو تفعيل عروضك عبر تطبيق تعاونية الاتحاد، واجعل كل عملية تسوق أكثر توفيراً!​

#تعاونية_الاتحاد #التطبيق_حصريا​

Enjoy up to 50% OFF on a range of products with our app exclusive offers.​

Simply activate your offers in the Union Coop app and make every shop count!​

#Union_Coop #AppExclusive",https://www.facebook.com/reel/1811822223143039/,,18,1,,1.31,2142,2,,7,,2142,2142,2142,
6a59ec29e14025f3730a0925,2026-07-17T08:47:45.747Z,Union Coop تعاونية الاتحاد,page,facebook,Post,"سرّ شريحة اللحم المثالية يبدأ قبل الطهي!

هل ترغب في تحسين طعم وجودة شريحة اللحم التي تحضرها في المنزل؟

إليك هذه الحيلة البسيطة: اترك شريحة اللحم خارج الثلاجة لمدة 5 إلى 10 دقائق.

خطوة واحدة بسيطة، لكنها تضمن لك طراوة لا تُقاوم ونكهة غنية وموزعة بالتساوي!

والآن شاركنا كيف تفضل درجة نضج شريحة اللحم الخاصة بك؟

 قليلة النضج أو متوسطة النضج أو مطهية جيداً.

اكتب لنا في التعليقات وادخل السحب للفوز بصندوق شرائح لحم فاخرة من تعاونية الاتحاد!

#تعاونية_الاتحاد

Master the perfect sear. 🥩🔥

Want to…",https://www.facebook.com/reel/2122291142032552/,,18,1,,1.25,2800,0,,16,,2800,2800,2800,
69d8e819448700303588b0ae,2026-04-10T12:00:16.000Z,Union Coop تعاونية الاتحاد,page,facebook,Post,"في الحلقة الثانية من سلسلة الوصفات التي لاقت رواجاً، جربنا فكرة من اقتراحاتكم، لاتيه كريم الكراميل!
طبقات من النكهة اللذيذة، مع كل رشفة.

ما الوصفة التالية؟ 

شاركونا اقتراحاتكم في التعليقات.

كل ما تحتاجونه لتحضيرها في المنزل متوفر في تعاونية الاتحاد.
#تعاونية_الاتحاد #قهوة_منزلية #وصفات_سهلة

In episode 2 of our viral recipes series, we tried something one of you suggested… Crème Caramel Latte ☕️✨

Layers of comfort, one pour at a time.

What should we try next? Drop your suggestions below 👇
…",https://www.facebook.com/reel/26432011096417800/,,18,1,,0.56,4088,0,,4,,4088,4088,4088,
6a8315fa3680c8a47d43a7c0,2026-08-17T14:53:57.008Z,Union Coop تعاونية الاتحاد,page,facebook,Post,"عفوًا… يبدو أننا أكثرنا قليلًا من الخصومات! 😅

والخبر السار؟ كل هذه الخصومات أصبحت فرصتك للتوفير!

استمتع بعروض العودة إلى المدارس الحالية حتى 23 أغسطس.

#تعاونية_الاتحاد #العودة_إلى_المدارس 

Oops... we may have gone a little overboard. 😅

The good news? You get to enjoy all the discounts! 📚

Current offers valid until 23 August.

#Union_Coop #BackToSchool",https://www.facebook.com/351419630848390/posts/1036097725713907,,18,0,,8.24,2899,0,,221,,2899,2899,2899,
6a7af2ef28a7bdb6ad3b3170,2026-08-10T13:35:12.000Z,Union Coop تعاونية الاتحاد,page,facebook,Story,Media only,https://facebook.com/stories/105286645461691/UzpfSVNDOjIzMzM4NDE2MzQwMzQ2ODM=/?view_single=1,,18,,0,,,0,1157,,18,,,,1220
69b903502ed12fbf810069c5,2026-03-17T07:31:40.547Z,Union Coop تعاونية الاتحاد,page,facebook,Post,"يجمع طبق «البلاليط» بين المذاق الحلو والنكهة الأصيلة وسهولة التحضير. استمتعوا الآن بالطبق التقليدي الأشهر، مباشرة من مطبخ فاطمة علي بن سالم في غضون 15 دقيقة فقط.

طريقة التحضير:

يُغلى الماء في قدر وتُطهى الشعيرية حتى تنضج. تُصفى جيدًا ثم يُضاف السكر. في مقلاة منفصلة، يُسخن السمن ويُقلى البيض حسب الرغبة. 

تُعاد الشعيرية إلى القدر، ثم يُضاف الهيل والزعفران المنقوع في ماء الورد. يُخلط المزيج ببطء حتى تمتزج النكهات ويُقدم دافئاً، مع إضافة البيض المقلي والمكسرات فوقه.

#تعاونية_الاتحاد #أطباق_إمارا…",https://www.facebook.com/reel/951854087297603/,,18,0,,1.03,2439,1,,6,,2439,2439,2439,
6978667bd08ee0bafe00ca6f,2026-01-27T09:00:21.092Z,Union Coop تعاونية الاتحاد,page,facebook,Post,"لم يكن البطريق تائهاً أبداً
كان فقط يبحث عن وجهته المفضّلة: تعاونية الاتحاد!
#تعاونية_الاتحاد

The penguin was never lost, it was just finding its way to Union Coop.
#Union_Coop",https://www.facebook.com/reel/1245584827494404/,,18,0,,0.56,4640,1,,7,,4640,4640,4640,
6a05dbeb5ce0af026e0c4114,2026-05-14T14:28:06.512Z,Union Coop تعاونية الاتحاد,page,facebook,Post,"10 دراهم كافية لجعل يومكم أجمل!

مع بيتزا مارغريتا متوسطة الحجم، ذات المذاق الطازج والغني بالجبن فقط من تعاونية الاتحاد!

تفضلوا بزيارتنا واستمتعوا بأصالة النكهات.

#تعاونية_الاتحاد #بيتزا #١٠درهم

AED 10 never looked this good 🍕

Fresh, cheesy Margherita goodness at Union Coop in every bite-sized moment.

Medium Margherita pizza for just AED 10.

Head to Union Coop and grab yours today.

#Union_Coop #Pizza #AED10",https://www.facebook.com/reel/1511308633886371/,,17,3,,1.07,3166,1,,13,,3166,3166,3166,
6a709f918643689ddd06ffab,2026-08-03T14:03:52.685Z,Union Coop تعاونية الاتحاد,page,facebook,Post,"هل تبحث عن طريقة ممتعة ومفيدة لتطوير مهارات طفلك هذا الصيف؟
دعه يخوض تجربة فريدة ويكتشف أسرار عالم البيع بالتجزئة مع برنامج «قادة التجزئة المستقبليون» من تعاونية الاتحاد! 

رحلة مليئة بالتعلم العملي والعمل الجماعي والأنشطة التفاعلية التي تبني شخصيته وتكسبه مهارات حياتية وقيادية قيّمة.

🔹 الفئة العمرية: من 7 إلى 17 سنة

📅 تاريخ الانطلاق: 10 أغسطس

📍 الأماكن محدودة!

📲 سجّل طفلك الآن عبر مسح رمز الـ (QR Code) ولتكن إجازته الصيفية هذه بداية لمستقبل واعد!

#تعاونية_الاتحاد #أنشطة_صيفية #أنشطة_ال…",https://www.facebook.com/351419630848390/posts/1024356673554679,,17,1,,4.35,2595,2,,93,,2595,2595,2595,
6ab265900393af93e57793cd,2026-09-22T09:44:13.000Z,Union Coop تعاونية الاتحاد,page,facebook,Story,Media only,https://facebook.com/stories/105286645461691/UzpfSVNDOjE1NDMyNzc0OTA5MDM2OTY=/?view_single=1,,17,,0,,,0,823,,17,,,,847
6a9269c47ac4ebbd19574121,2026-08-29T06:00:13.686Z,Union Coop تعاونية الاتحاد,page,facebook,Post,"لا تفوتوا العروض الرائعة مع تميّز!

 تصفّحوا أحدث نشرات العروض واستفيدوا من الخصومات الكبيرة والعروض الحصرية التي ستحصلون عليها عبر التطبيق.

 حمّلوا تطبيق تعاونية الاتحاد وسجّلوا في تميّز واستمتعوا بالمزيد من طرق التوفير.

#تميّز #ادفع_أقلّ #عروض_حصرية #تعاونية_الاتحاد

Tap into great deals with Tamayaz! 🛒✨

Discover great savings in our latest leaflet, plus exclusive offers waiting for you on the App.

📲 Download the App, register for Tamayaz and unlock more ways to save.

#Tamayaz #YouPayLe…",https://www.facebook.com/reel/994762230245181/,,17,0,,2.24,1025,0,,6,,1025,1025,1025,
6a699f946d8ae463c6ea5aca,2026-07-29T06:36:02.000Z,Union Coop تعاونية الاتحاد,page,facebook,Post,احبببببب الرطبببببب,https://www.facebook.com/351419630848390/posts/1019836154006731,,17,0,,2.43,3247,0,,62,,3247,3247,3247,
69fca0a6deee42c74e014268,2026-05-08T06:00:48.690Z,Union Coop تعاونية الاتحاد,page,facebook,Post,"مزارع محلية… وطزاجة تثق بها يومياً!
من مزارع مستدامة في الإمارات يُربّى الروبيان بعناية ويُجهَّز وفق أعلى معايير الجودة ليصلك طازجاً دائماً.
مأكولات بحرية نظيفة وعالية الجودة تستحق ثقتكم، حصرياً في تعاونية الاتحاد.

#تعاونية_الاتحاد #طازج_من_الإمارات #روبيان_محلي 

Locally farmed, carefully handled, and always fresh!

From sustainable farms across the UAE to our shelves, every shrimp is raised with care, processed to the highest standards, and delivered fresh for you.

Clean, quality seafood you…",https://www.facebook.com/reel/3387005671468771/,,17,0,,0.94,2131,0,,3,,2131,2131,2131,
69f47b8f892541d4647f63d5,2026-05-01T10:04:06.000Z,Union Coop تعاونية الاتحاد,page,facebook,Post,"بمناسبة يوم العمال العالمي لعام 2026، نظّمت تعاونية الاتحاد بالتعاون مع برايم ميديكال سنتر مبادرة “مخيم صحي”، وذلك بهدف تعزيز صحة ورفاهية الموظفين والمتسوقين.

 تضمنت المبادرة تقديم فحوصات صحية مجانية لموظفي تعاونية الاتحاد والمتسوقين، تأكيداً على أهمية الرعاية الصحية الوقائية ودورها الحيوي في تعزيز صحة المجتمع. وشملت الفحوصات قياس مؤشر كتلة الجسم(BMI) وفحص مستوى السكر في الدم، بالإضافة إلى قياس ضغط الدم.

وتأتي هذه المبادرة في إطار التزام تعاونية الاتحاد المستمر بدعم مجتمع أكثر صحة، وتعزيز الوع…",https://www.facebook.com/351419630848390/posts/947056971284650,,17,0,,3.78,3303,1,,107,,3303,3303,3303,
69b51281920a36c00d00de70,2026-03-14T07:47:25.491Z,Union Coop تعاونية الاتحاد,page,facebook,Post,"تقدم لكم فاطمة علي بن سالم باكورا ذهبية ومقرمشة،  مثالية للتحضير في غضون 30 دقيقة فقط

طريقة التحضير:

يقطع البصل والبطاطس والجزر إلى شرائح رفيعة في وعاء، يخلط دقيق الحمص والتوابل والملح والبيكنج باودر، ثم يضاف الماء ببطء لعمل عجينة سميكة. تضاف الخضار وتخلط جيداً. يسخن الزيت في مقلاة ويقلى جزء صغير من العجينة حتى يصبح ذهبي اللون ومقرمش. يرفع ويوضع على ورق المناديل قبل التقديم.
#تعاونية_الاتحاد #باكورا #وصفات_رمضان

Fatma Ali Bin Salem serves up golden, crispy Pakoras. The perfect crunchy bite in…",https://www.facebook.com/reel/779440565233779/,,17,0,,1.09,1742,0,,2,,1742,1742,1742,
69945798ea4d9b69ff03bdf5,2026-02-17T11:57:27.508Z,Union Coop تعاونية الاتحاد,page,facebook,Post,".
في إطار المضي قدماً في مسيرتها الرائدة، وقّعت تعاونية الاتحاد اتفاقية تفاهم مع الصكوك الوطنية لإطلاق مبادرات ادخار مبتكرة تُعزز ثقافة الاستثمار الذكي بين أفراد المجتمع.
يأتي هذا التعاون انسجاماً مع إعلان عام 2026 عاماً للأسرة، وبهدف بناء استقرار مالي أقوى للأسر عبر حلول أكثر ذكاءً في التخطيط للمستقبل.
لأن الازدهار يبدأ بخطوة ذكية.
#تعاونية_الاتحاد #عام_الأسرة2026 #الصكوك_الوطنية #النمو_الاقتصادي 

A meaningful step forward! Union Coop signs a Letter of Understanding with National Bonds to laun…",https://www.facebook.com/reel/1675209250488905/,,17,0,,2.60,1075,1,,10,,1075,1075,1075,
6a9687c9d2ccca78f1445b55,2026-09-01T08:07:46.312Z,Union Coop تعاونية الاتحاد,page,facebook,Post,"أبوابنا مفتوحة الآن في أبراج بحيرات جميرا!

يسعدنا استقبالكم في أحدث فروع تعاونية الاتحاد لتستمتعوا بتجربة تسوّق مميزة.

اكتشفوا عروضنا الحصرية وأجود المنتجات الأسبوعية بالقرب منكم.

📍 الموقع: أبراج بحيرات جميرا (JLT) - المجمع Y - طابق البوديوم.

🕐 ساعات العمل: يومياً من الساعة 6:30 صباحاً حتى 2:00 صباحاً.

تفضلوا بزيارتنا اليوم واجعلوا تسوقكم أسهل وأقرب!

#تعاونية_الاتحاد #أبراج_بحيرات_جميرا #نستقبلكم_الآن 

JLT, we’re now open! 

Visit Union Coop - JLT Cluster Y, Podium Level and discover yo…",https://www.facebook.com/351419630848390/posts/1048275024496177,,16,4,,3.14,2576,1,,60,,2576,2576,2576,
6a1029914729f435d50e0446,2026-05-22T10:02:04.380Z,Union Coop تعاونية الاتحاد,page,facebook,Post,"تجمعاتكم واحتفالاتكم بالعيد من دون عناء، هذا هو هدفنا!
من الفطائر والسندويشات، إلى الكرواسان الغني بالزبدة والكعكات اللذيذة، كل ما تحتاجونه لاستقبالاتكم متوفر في مخبز تعاونية الاتحاد، طازجٌ وجاهز ولذيذ بما يليق بمناسباتكم.

#تعاونية_الاتحاد #العيد_في_دبي #مخبوزات

Your Eid gatherings, sorted! From mini fatayer and sandwiches to buttery croissants and assorted mini cakes and beyond, Union Coop's bakery is here to make hosting stress-free. 

#Union_Coop #Fresh_Bakery #Mini_Fatayer",https://www.facebook.com/reel/909299075463275/,,16,2,,0.88,2628,1,,4,,2628,2628,2628,
6aaa8b9d822367d27d7c953f,2026-09-16T11:36:53.000Z,Union Coop تعاونية الاتحاد,page,facebook,Story,Media only,https://facebook.com/stories/105286645461691/UzpfSVNDOjMyMjY2MjUxMzc1MjcxNTg=/?view_single=1,,16,,0,,,0,449,,14,,,,472
6a93c87ef156fc09a07781d5,2026-08-30T06:07:03.900Z,Union Coop تعاونية الاتحاد,page,facebook,Post,"وجباتهم الخفيفة المفضّلة جاهزة بأقوى الأسعار!

تسوّقوا عروض العودة إلى المدارس حتى 2 سبتمبر. 

للتوفير الأكبر، حمّلوا تطبيق تعاونية الاتحاد واستمتعوا بالعروض الحصرية! 

#تعاونية_الاتحاد #نشرة_العروض #تميّز 

Snack-time favourites, sorted! 🎒🍪

Shop our Back to School offers until 2 September. Want even bigger savings? 👀 

Download the Union Coop App to unlock our best deals 📲

#Union_Coop #LeafletOffers #Tamayaz",https://www.facebook.com/reel/1090707766785700/,,16,0,,1.47,1568,2,,5,,1568,1568,1568,
6a906bb4d2c0dd87cc76efda,2026-08-27T16:19:30.000Z,Union Coop تعاونية الاتحاد,page,facebook,Story,Media only,https://facebook.com/stories/105286645461691/UzpfSVNDOjEwNDYyMjE2MzEzNjAxNTA=/?view_single=1,,16,,0,,,0,1071,,16,,,,1157
6a7a2e264ab83e18aed0c618,2026-08-10T20:01:51.463Z,Union Coop تعاونية الاتحاد,page,facebook,Post,"فرصتكم الأخيرة مع الجولة الختامية لعروض منتصف الأسبوع! 

لا تفوّتوا أقوى الخصومات واستمتعوا بتوفير 50% وأكثر على مجموعة واسعة وشاملة من المنتجات في جميع فروعنا.

 كل ما عليكم فعله:

فعّلوا العروض الخاصة بكم عبر تطبيق تعاونية الاتحاد وتوجّهوا اليوم إلى أقرب فرع واستمتعوا بتجربة تسوق رائعة! 

#تعاونية_الاتحاد #عروض_منتصف_الأسبوع

The final round of mid-week deals are here. Your last chance to grab 50% off and more across a whole range of products, in-store. All it takes is activating your offers o…",https://www.facebook.com/reel/1046453788240535/,,16,0,,1.77,1074,0,,3,,1074,1074,1074,
6a5722b57950f07501154e56,2026-07-15T06:01:41.000Z,Union Coop تعاونية الاتحاد,page,facebook,Post,"هل تخططون لرحلة تسوقكم القادمة؟ ​

في تعاونية الاتحاد جعلنا لكم التخطيط أسهل وأوفر!​

تصفحوا عروضنا المذهلة لهذا الأسبوع بأسعار استثنائية تبدأ من 5، 10، 15، وحتى 20 درهماً فقط!​

حققوا أقصى استفادة من كل درهم، واملأوا سلتكم بكل ما ترغبون دون التفكير في الميزانية.​

العروض سارية حتى 22 يوليو، لا تفوتوها​.

#تعاونية_الاتحاد #حياة_دبي!​

Planning your next grocery run?​

Swipe through to explore this week’s great finds at just AED 5, 10, 15 & 20 and make the most of every dirham.​
​
Offers valid un…",https://www.facebook.com/351419630848390/posts/1008720941784919,,16,0,,9.54,3594,0,,327,,3594,3594,3594,
6a2132eaddb6f667080cedfa,2026-06-04T08:10:39.196Z,Union Coop تعاونية الاتحاد,page,facebook,Post,"ها قد وصلنا إلى الفائزين بشهر مايو في مسابقة مليونير تميّز! 

بعضهم زارنا مرتين، وبعضهم زارنا أربع مرات، لكنهم جميعاً عادوا بمكافآت من تميّز تصل قيمتها إلى 16,700 درهم*.
هل ستغير زيارتك القادمة كل شيء؟ 
تسوق وشارك لفرصة الفوز.

 #تعاونية_الاتحاد #مليونير_تميّز

Here are our May winners of the Tamayaz Millionaire! 🎉

Some visited twice. Some visited four times. But all of them walked away with up to AED 16,700* in Tamayaz rewards. ✨

Will your next visit be the one that changes everything? Shop …",https://www.facebook.com/351419630848390/posts/974723705184643,,16,0,,4.52,2676,0,,105,,2676,2676,2676,
69f23c94a95091df8a018802,2026-04-29T17:15:30.457Z,Union Coop تعاونية الاتحاد,page,facebook,Post,"تسوقك الأسبوعي أصبح أكثر توفيراً الآن! استعرض الأسعار وتعرّف على ما ستدفعه.
في تعاونية الاتحاد لا مفاجآت في الأسعار، فقط قيمة حقيقية على الأطعمة الطازجة التي تحتاجها عائلتك كل أسبوع.
العرض ساري حتى 6 مايو. حصرياً في تعاونية الاتحاد.
#تعاونية_الاتحاد #عروض_كبرى 

Your weekly shopping just got more affordable. 

Swipe through and see what you'll pay at Union Coop. No surprises, just better value on the fresh food your family needs every week.
Promotions valid until May 6. Only at Union Coop.",https://www.facebook.com/351419630848390/posts/945689164754764,,16,0,,5.45,3579,2,,177,,3579,3579,3579,
69a1d2d770ebaf461208f414,2026-02-27T17:22:45.947Z,Union Coop تعاونية الاتحاد,page,facebook,Post,".
رمضان، العائلة، عربات ممتلئة.
وربما… قطع ذهب؟
ادّخروا 5,000 درهم في منصتنا في تعاونية الاتحاد
وادخلوا السحب للفوز بـ 5 سبائك ذهب بوزن 10 غرامات.
تسوّقوا بقيمة 1,000 درهم
واحصلوا على قسيمة فورية بقيمة 100 درهم من الصكوك الوطنية.
أو اكتشفوا ما تخبّئه عربة المفاجآت.
دعونا نساعدكم على التسوّق بذكاء هذا رمضان.
تجدوننا في خوانيج مول، الاتحاد مول، وبرشا مول بعد العيد.

#الصكوك_الوطنية #تعاونية_الاتحاد #رمضان_في_دبي

Ramadan, family and full trolleys.
And maybe… gold?
Save AED 5,000 at our stand at Un…",https://www.facebook.com/reel/912844618331295/,,16,0,,0.82,2572,1,,4,,2572,2572,2572,
69842aaad59ac1a09400478e,2026-02-05T05:29:22.869Z,Union Coop تعاونية الاتحاد,page,facebook,Post,"وفّر أكثر في رمضان!
لا تفوّت العروض المميزة على كل مستلزماتك فقط في تعاونية الاتحاد.

#تعاونية_الاتحاد #رمضان #تسوق_رمضان #عروض_كبرى #مستلزمات_يومية 

More savings for your Ramadan shopping.
Explore special deals across essentials, only at Union Coop.

#Union_Coop #Ramadan #RamadanShopping #GreatDeals #EverydayEssentials",https://www.facebook.com/reel/1192338453108209/,,16,0,,0.73,2879,0,,5,,2879,2879,2879,
69612bd4acbcada9890995b3,2026-01-10T05:00:19.488Z,Union Coop تعاونية الاتحاد,page,facebook,Post,"ما هو طعامك المفضّل في هذه الأجواء الشتوية؟  الذرة أو الكستناء المحمّصة؟
اذكر جوابك في التعليقات لتحظى بفرصة الفوز بسلة من طعامك المفضل، واصنعه بنفسك.
كيفية المشاركة:
1. تابع حسابنا
@union.coop
2. شارك في التعليقات اسم طعامك المفضل
3. اذكر اسم صديق
سيتم التواصل مع الفائزين في 17 يناير
#تعاونية_الاتحاد

Which one is your favourite winter comfort food? Corn or roasted chestnuts?
Comment below for a chance to win a hamper to make it yourself.
How to enter:
1. Follow @union.coop
2. Comment with your…",https://www.facebook.com/351419630848390/posts/860062893317392,,15,9,,2.16,2225,0,,24,,2225,2225,2225,
6a99a0585e4d56af8c936adf,2026-09-03T16:29:32.788Z,Union Coop تعاونية الاتحاد,page,facebook,Post,"ربما خيّبت لعبة الإيموجي آمالنا، لكن العروض؟ أبداً!

مئات المنتجات الآن بأسعار مخفضة. تسوّقوا أحدث العروض واستمتعوا بالتوفير.

#تعاونية_الاتحاد #العودة_إلى_المدارس

The emoji game may have let us down, but the offers definitely didn’t. 😌

Hundreds of products are now on promotion! Enjoy the discounts and shop the latest offers. 🛒

#Union_Coop #BackToSchool",https://www.facebook.com/351419630848390/posts/1050246834298996,,15,2,,5.10,1588,0,,64,,1588,1588,1588,
6a4782b9d5829fa25d067e04,2026-07-03T10:00:46.923Z,Union Coop تعاونية الاتحاد,page,facebook,Post,"إليكم أسماء الفائزين في مسابقة مليونير تميّز لشهر يونيو!

زار بعضهم المتجر ثلاث مرات، وزار البعض الآخر ست مرات، لكنهم جميعاً حصدوا مكافآت من نقاط تميّز تصل قيمتها إلى 16,700 درهم.

هل ستكون زيارتكِ القادمة هي التي تُغير كل شيء؟ تسوق، شارك، وزد فرصك في الفوز لتكون الرابح التالي.
#مليونير_تميّز #تعاونية_الاتحاد


Here are our June winners of the Tamayaz Millionaire! 🎉

Some visited three times. Some visited six times. But all of them walked away with up to AED 16,700* in Tamayaz points. ✨

Will y…",https://facebook.com/112240942183815_999008159422864,,15,1,,3.94,2639,0,,89,,2639,2639,2639,
6aa638730067adab3706e50d,2026-09-13T05:14:06.000Z,Union Coop تعاونية الاتحاد,page,facebook,Story,Media only,https://facebook.com/stories/105286645461691/UzpfSVNDOjEwMjk4NDE2NDAwMzcwNzE=/?view_single=1,,15,,0,,,0,1565,,15,,,,1658
6a943ef06ea5339065bbc628,2026-08-30T13:37:14.000Z,Union Coop تعاونية الاتحاد,page,facebook,Story,Media only,https://facebook.com/stories/105286645461691/UzpfSVNDOjI4ODE3ODIyMzIxODEyNDQ=/?view_single=1,,15,,0,,,0,1177,,15,,,,1305
6a7dd5b2d7c6c0a351ce85f2,2026-08-13T14:32:14.000Z,Union Coop تعاونية الاتحاد,page,facebook,Post,"مفاجأة الموسم: أسماء إبراهيم مجرد شخصية خيالية! ولكن الخبر الأكيد؟ عروض منشوراتنا حقيقية 100%!

لا تفوّتوا الفرصة وتصفحوا أقوى عروض هذا الأسبوع الآن في تعاونية الاتحاد.

#تعاونية_الاتحاد #أقوى_العروض #خصومات

Plot twist: Asma Ibrahim doesn't exist 👀

But these leaflet offers? Very real.

Swipe through this week's offers to find the best deals.

#Union_Coop #LeafletOffers",https://www.facebook.com/351419630848390/posts/1032705359386477,,15,0,,8.04,2626,0,,196,,2626,2626,2626,
6a202c8620f464369a045b7c,2026-06-03T13:31:00.752Z,Union Coop تعاونية الاتحاد,page,facebook,Post,"في الحلقة السابعة من سلسلة وصفاتنا الشهيرة، جربنا مشروب الجيلي الصيفي الأكثر شعبية على وسائل التواصل.
 تخيلوا مزيجاً من مسحوق الجيلي المنكّه وكرات الثلج بالنعنع ومشروب سفن آب المنعش!
النتيجة هي حتماً أسهل مشروب صيفي فوّار لانتعاش يدوم، حضروه في المنزل بكل مكوناته المتوفرة في تعاونية الاتحاد. 
هل لديكم اقتراحات قادمة؟ 

#تعاونية_الاتحاد #الصيف #وصفات_شهيرة 

In episode 7 of our viral recipe series, we tried the internet’s favourite summer jello drink. Think flavoured jello powder, mint ice sphere…",https://www.facebook.com/reel/987891107445043/,,15,0,,0.32,6529,0,,6,,6529,6529,6529,
6a13ee8494750ee6ec02d6a7,2026-05-25T06:39:13.687Z,Union Coop تعاونية الاتحاد,page,facebook,Post,"You shop for your essentials. Tamayaz gives back more. 🛒✨

Earn 5X more cashback with Tamayaz at Union Coop and make every grocery run more rewarding.

#Tamayaz #Union_Coop",https://www.facebook.com/reel/1799401998087356/,,15,0,,0.38,4709,0,,3,,4709,4709,4709,
69b15643530a267a0d0a007d,2026-03-11T11:47:25.219Z,Union Coop تعاونية الاتحاد,page,facebook,Post,"شهر رمضان يذكرنا بقيم الكرم والتعاطف الحقيقية. وزكاة الفطر ليست واجب فحسب، بل فرصة لتغيير حياة. اختاروا أرز الاتحاد بسمتي الممتاز (3كجم بـ 15 درهم) المتوفر في فروعنا أو عبر التطبيق لتأدية زكاتكم.
تفضلوا بزيارة أقرب فروعنا إليكم اليوم أو اطلبوا عبر التطبيق، وكونوا سبباً في فرحة العائلات المحتاجة.
#تعاونية_الاتحاد #رمضان_في_دبي

Make a meaningful impact this Ramadan by fulfilling your Zakat Al Fitr with Union Basmati Rice at AED 15 for 3KG. 

Visit your nearest store today or order online and shar…",https://www.facebook.com/351419630848390/posts/907298878593793,,15,0,,1.68,2439,0,,26,,2439,2439,2439,
69859548da5db3da9e09acf4,2026-02-06T07:16:32.818Z,Union Coop تعاونية الاتحاد,page,facebook,Post,"مزايا أكثر في كل مرة تتسوّق فيها باستخدام بطاقة تميّز.
من العروض الحصريّة في المتاجر إلى عروض امسح واربح على شاي أحمد.
استمتع بالمزيد مع كل عملية تسوّق.
#تعاونية_الاتحاد #تميّز #امسح_واربح #شاي_أحمد 

More value in every shop with Tamayaz.
From exclusive in-store offers to a scratch & win on Ahmad Tea, enjoy more with every shop.
#Union_Coop #Tamayaz #ScratchAndWin #AhmadTea",https://www.facebook.com/reel/946560907708783/,,15,0,,0.73,2733,0,,5,,2733,2733,2733,
696ca07140490a4d8c0b4190,2026-01-18T08:57:28.796Z,Union Coop تعاونية الاتحاد,page,facebook,Post,"في الجو البارد كل شيء يبدأ بكوب شوكولاتة ساخنة، تسوّق كل مكوناتها من تعاونية الاتحاد واصنع لحظاتك الدافئة.
#تعاونية_الاتحاد #شوكولاتة_ساخنة #فصل_الشتاء 

Cold days call for warm hot chocolaty pours.
Find all your hot chocolate essentials at Union Coop.

#Union_Coop #HotChocolate #Winters",https://www.facebook.com/reel/1936419577288107/,,15,0,,0.97,2479,1,,8,,2479,2479,2479,
6989e85f8f13ae3e2605476c,2026-02-09T14:00:07.782Z,Union Coop تعاونية الاتحاد,page,facebook,Post,"حقق أقصى استفادة مع مع بطاقة Liv تميّز الائتمانية الجديدة
خصومات نقدية على مشتريات البقالة والمطاعم والوقود وغيرها الكثير، مع مكافأة ترحيبية بقيمة 1,000 درهم بانتظارك.
احصل على بطاقتك اليوم واستمتع بمزايا أكثر في كل عملية شراء!
#بطاقة_تميّز_ليف #تعاونية_الاتحاد #بنك_الإمارات_دبي_الوطني 

Maximize your rewards with the Liv Tamayaz Card.
Enjoy cashback on grocery shopping, dining, fuel, and more, plus an AED1,000 welcome bonus.
Get your card today!

#Union_Coop #LivTamayazCard #Cashback #EmiratesN…",https://www.facebook.com/reel/2464108957358262/,,14,3,,0.53,4893,0,,9,,4893,4893,4893,
6a0713956f66499c050c7225,2026-05-15T12:37:56.155Z,Union Coop تعاونية الاتحاد,page,facebook,Post,"لأن عيدك يستحق الأفضل!
احجز ذبيحتك مسبقاً عبر تطبيق تعاونية الاتحاد وثق بأيدي خبرائنا في كل خطوة. حيث التحضير الاحترافي المخصص لذوقك، والمعالجة الدقيقة والنظيفة بعناية فائقة.
استمتع في تعاونية الاتحاد بتجربة سلسة من الطلب حتى الاستلام.
احجز الآن عبر التطبيق ولا تفوّت فرصة التحضير المبكر! 

#تعاونية_الاتحاد #عيد_الأضحى #الأضاحي 

Your Eid order deserves expert hands.
Pre-book your sacrifice on the Union Coop App and enjoy professional preparation tailored to your preference.
Our expert butchers e…",https://www.facebook.com/reel/2719526105085664/,,14,2,,1.16,3102,0,,20,,3102,3102,3102,
6a9a7028c1f25d229735ffb2,2026-09-05T06:00:34.042Z,Union Coop تعاونية الاتحاد,page,facebook,Post,"صباحات المدرسة السريعة تعني الكثير من التفاصيل التي يجب تذكّرها…
تعاونية الاتحاد تجعلها أسهل وأكثر متعة! ✨

تسوّقوا جميع مستلزمات العودة إلى المدرسة، ولا تنسوا مسح بطاقة تميّز الرقمية عند الدفع، لتدخلوا مباشرةً في السحب على جوائز قيّمة يومياً!

يشترط إنفاق 200 درهم كحد أدنى للدخول في السحب.

#تعاونية_الاتحاد #خصومات_ذكية #العودة_إلى_المدارس

School mornings mean a hundred things to remember.

We've got you.

Shop your back-to-school list. Scan your digital Tamayaz ID at checkout. And you’ve set …",https://www.facebook.com/reel/2034575937253620/,,14,1,,1.83,930,0,,2,,930,930,930,
6a893f82a8dcf62e7b2c751e,2026-08-22T07:00:15.943Z,Union Coop تعاونية الاتحاد,page,facebook,Post,"تم تحديد الموعد و«جيتور» بانتظاركم.

في 24 أغسطس، سيُعلَن اسم الفائز المحظوظ بالجائزة الكبرى من «جيتور» بمناسبة العودة إلى المدارس.

 من يدري، قد تكون هذه المفاتيح لك! تابعونا لمعرفة النتيجة.

#تعاونية_الاتحاد #العودة_إلى_المدارس 

The date is set. The Jetour is ready.

On 24 August, we reveal the lucky winner of our Back-to-School Jetour Grand Prize.

Could these keys have your name on them? Watch this space.

#Union_Coop #BackToSchool #Jetour",https://www.facebook.com/reel/1841343920576652/,,14,1,,1.05,2099,1,,6,,2099,2099,2099,
69f4bf7d595b4ce3400b56f5,2026-05-01T14:58:19.519Z,Union Coop تعاونية الاتحاد,page,facebook,Post,"طازجة ومحلية ومُعدة لوجباتكم اليومية!

تربى أسماك البلطي التي نحصل عليها من مصادر محلية بمنتهى العناية في جميع أنحاء الإمارات العربية المتحدة، ثم يتم توصيلها طازجة إلى موائدكم.

فقط في تعاونية الاتحاد تجدون كل الصيد الطازج بجودة مضمونة.
#تعاونية_الاتحاد #طازج #البلطي

Fresh, local, and made for your everyday meals!

Our locally sourced Tilapia is carefully farmed across the UAE, handled with care, and delivered fresh to your table. 

Bring home freshness you can trust. Only at Union Coop.

#Unio…",https://www.facebook.com/reel/1752401975920414/,,14,1,,0.74,3361,0,,10,,3361,3361,3361,
69c7e601247a3bc9bb095d9f,2026-03-28T14:30:50.133Z,Union Coop تعاونية الاتحاد,page,facebook,Post,"سارعوا إلى الاستفادة من بطاقة تميّز من ليف، بعوائد استرداد نقدي كبيرة على مشتريات البقالة والطعام والوقود وغيرها.

هذا غير LivTamayazCard ترحيبية التي تصل إلى 1000 درهم عند التسجيل.
سجّلوا الآن واحصلوا على بطاقتكم اليوم!

تطبق الشروط والأحكام.

#بطاقة_تميز_من_ليف #استرداد_نقدي#تعاونية_الاتحاد #بنك_الإمارات_دبي_الوطني

Liv Tamayaz card is here with big cashback rewards on grocery spends, dining, fuel and more. Plus, an AED 1000 welcome bonus. 

Register for your card today! 

T&Cs Apply

#LivTama…",https://www.facebook.com/reel/955833543618535/,,14,1,,0.69,4208,3,,11,,4208,4208,4208,
69b6f151581f412dbaf89836,2026-03-15T17:48:57.000Z,Union Coop تعاونية الاتحاد,page,facebook,Post,".
احتفلوا بالعيد معنا في تعاونية الاتحاد! 🌙

انضموا إلينا في اتحاد مول لأمسية احتفالية مليئة بالثقافة والتقاليد والأجواء العائلية المميزة احتفالاً بالعيد في دبي. اصطحبوا أحباءكم واستمتعوا بالأجواء الاحتفالية الرائعة معاً. ✨

📅 16–18 مارس 2026
⏰ 8:00 مساءً – 12:00 منتصف الليل
📍 اتحاد مول – مردف
#تعاونية_الاتحاد #العيد_في_دبي

🌙 Celebrate Eid with us at Union Coop!

Join us at Etihad Mall for a festive evening filled with culture, tradition, and family fun as we celebrate Eid in Dubai. Bring y…",https://www.facebook.com/351419630848390/posts/910487541608260,,14,1,,0.91,3940,1,,20,,3940,3940,3940,
698f68600520a5172d06c8c8,2026-02-13T18:07:39.812Z,Union Coop تعاونية الاتحاد,page,facebook,Post,"سلتك الرمضانية، الآن أسهل.
تسوق مستلزماتك الأساسية بأسعار لا حتى 22 فبراير في تعاونية الاتحاد.
تسوق في الفروع  أو عبر التطبيق.
#تعاونية_الاتحاد#خصومات_رمضان#إفطار #رمضان_في_دبي

Shop your essentials at amazing prices until 22 February at Union Coop.
Shop in store and online 
#Union_Coop #RamadanSavings #Iftar #RamadanInDubai",https://www.facebook.com/reel/1433226058242453/,,14,1,,1.66,1810,0,,15,,1810,1810,1810,
6aaab68dda39e25ba16f0db7,2026-09-16T13:29:17.000Z,Union Coop تعاونية الاتحاد,page,facebook,Story,Media only,https://facebook.com/stories/105286645461691/UzpfSVNDOjExMTEwMTc2ODE2MTc1MzI=/?view_single=1,,14,,0,,,0,316,,14,,,,329
6a9117ca0896b6c5cd4d0ff8,2026-08-28T04:07:01.000Z,Union Coop تعاونية الاتحاد,page,facebook,Story,Media only,https://facebook.com/stories/105286645461691/UzpfSVNDOjU1NTM2MjI5MjgxOTcxNzk=/?view_single=1,,14,,0,,,0,470,,14,,,,510
6a8d147d363258fb369bc36f,2026-08-25T04:00:07.000Z,Union Coop تعاونية الاتحاد,page,facebook,Story,Media only,https://facebook.com/stories/105286645461691/UzpfSVNDOjI0NzU2MTYwMzI5NjU3MTg=/?view_single=1,,14,,0,,,0,653,,14,,,,721
6a87033908839971ef584309,2026-08-20T13:38:10.824Z,Union Coop تعاونية الاتحاد,page,facebook,Post,"استفد أكثر من كل 200 درهم تنفقها في موسم العودة إلى المدارس. 

فقط امسح بطاقة تميّز الرقمية لتحصل على خصومات فورية على مستلزمات العودة إلى المدارس، وفرصة للفوز بجوائز يومية.

 تسوّق. امسح. وفّر واربح.

#تعاونية_الاتحاد #العودة_إلى_المدارس

Make AED 200 go further this Back to School 🎒

Scan your digital Tamayaz ID to enjoy direct discounts on Back-to-School essentials and for a chance to win daily prizes. 

Shop. Scan. Save. Win.

#Union_Coop #BackToSchool",https://www.facebook.com/reel/1981941795817490/,,14,0,,1.22,1389,2,,1,,1389,1389,1389,
6a6b182be0e45e6f650f356b,2026-07-30T09:24:03.109Z,Union Coop تعاونية الاتحاد,page,facebook,Post,"وداعاً للحيرة في اختيار الأفوكادو! 

بفضل الختم الزمني على كل حبة، ستعرف متى تتناولها بالدقة التي تفضلها ودون الحاجة للضغط على الحبة أو التخمين. 

احصل عليها الآن من أقرب فرع لتعاونية الاتحاد أو اطلبها بكل سهولة عبر التطبيق!

#تعاونية_الاتحاد #طازج_كل_يوم #اختبر_نضج_الأفوكادو

No more guessing games with your avocado. Every one of them, timestamped. So. you know exactly when it's ready, and exactly how long to wait. Pick your day. Skip the squeeze test. Get them at your nearest Union Coop or onl…",https://www.facebook.com/reel/1034973812411135/,,14,0,,1.13,2568,1,,14,,2568,2568,2568,
6a2839768495d096da00ce37,2026-06-09T16:05:11.242Z,Union Coop تعاونية الاتحاد,page,facebook,Post,"🏆 اربح سيارة جيتور T2! ⚽🚘

حماس كأس العالم وصل إلى قمّته! ارتقِ بشغفك بكرة القدم إلى مستوى جديد مع لعبة تميّز الجديدة على تطبيق تعاونية الاتحاد.

هل تعتقد أنك تستطيع توقّع المنتخبات الفائزة؟ 👇

كل توقّع صحيح = فرصة دخول واحدة في السحب للفوز بسيارة جيتور T2 جديدة كلياً!

العب يومياً لزيادة عدد مشاركاتك وتعزيز فرصك بالفوز.

المشاركة مجانية 100%!

📲 ادخل إلى صفحة تميّز في تطبيق تعاونية الاتحاد وسجّل توقّعاتك يومياً. سيتم الإعلان عن الفائز يوم 20 يوليو! 🗓️ 

#تعاونية_الاتحاد #تميز #فيفا #كأس_ال…",https://www.facebook.com/reel/999889116237939/,,14,0,,0.77,2350,1,,3,,2350,2350,2350,
69fccce7c37d9e56a606ad13,2026-05-07T17:33:47.203Z,Union Coop تعاونية الاتحاد,page,facebook,Post,"أجابت أمي ب «لا» إلى أن رأت نشرة العروض لهذا الأسبوع. 
خصم 30٪؟
 إذن، سأعيدها إلى سلة التسوق!
 سارعوا إلى الاستفادة من العروض الحصرية لمشتركي تميّز في جولتكم التالية لشراء البقالة.

#تعاونية_الاتحاد  #تميز

Mom said no… until they saw this week's leaflet 👀
30% off? Back in the cart it goes. 🛒

Unlock exclusive Tamayaz-member Deals on your next grocery run.
#Tamayaz #Union_Coop",https://www.facebook.com/351419630848390/posts/952030120787335,,14,0,,4.24,2924,1,,109,,2924,2924,2924,
69b05a5a6661e9ab41091ce1,2026-03-10T17:52:37.251Z,Union Coop تعاونية الاتحاد,page,facebook,Post,"اجعلوا شهر رمضان هذا العام أكثر بركةً وفائدةً مع عروضنا الاستثنائية محدودة المدة. استمتعوا بالخصومات على مجموعة واسعة من المنتجات الطازجة والمستلزمات اليومية وغيرها من السلع الأساسية. العروض سارية حتى 22 مارس.
تسوّقوا بكل سهولة من فروعنا أو من خلال تطبيقنا الذكي، واستمتعوا بتوفير حقيقي يلبّي احتياجات عائلاتكم في الشهر الفضيل.

#تعاونية_الاتحاد #خصومات_كبرى #رمضان_في_دبي

Make this Ramadan even more rewarding with limited-time deals on fresh groceries, essentials, and more. Offers valid until 22 …",https://www.facebook.com/reel/2760135247656568/,,14,0,,1.47,1700,1,,10,,1700,1700,1700,
69aa838762d2e598b80d3cd3,2026-03-06T07:34:43.798Z,Union Coop تعاونية الاتحاد,page,facebook,Post,".
وجبتك القادمة قد تكون من ريو ماري على حسابنا!
العب امسح واربح مع تميّز لفرصة الفوز بـسلطة التونة المكسيكية من ريو ماري 180 غرام مجاناً.
تجد اللعبة في قسم تميّز على تطبيق تعاونية الاتحاد حتى 8 مارس.
#تعاونية_الاتحاد #امسح_و_اربح #ريو_ماري

Your next Rio Mare could be on us.
Play the Tamayaz Scratch & Win game for a chance to win FREE Rio Mare Salatuna Mexico 160g.
Find the game now in the Tamayaz section of the Union Coop App.

Game live until March 8th.

#Union_Coop #RioMare #Tamayaz #ScratchA…",https://www.facebook.com/reel/3316399255188170/,,14,0,,0.86,2325,1,,5,,2325,2325,2325,
6962473e1992f145720227a2,2026-01-11T05:00:29.885Z,Union Coop تعاونية الاتحاد,page,facebook,Post,"تخلّص من السموم وابدأ حياة صحيّة جديدة!
برتقال أو ليمون أو جريب فروت؟
اكتب في التعليقات: ما هو مشروبك الحمضي المفضّل؟
كل ما تحتاجه من الحمضيات متوفر في تعاونية الاتحاد.
#تعاونية_الاتحاد #مهرجان_الحمضيات #تخلص_من_السموم 

Detox your way to the freshest start!
Orange, lemon, or grapefruit?
Comment below and tell us: How do you like your citrus drink?
Find all your citrus essentials at Union Coop.
#Union_Coop #Citrus_Festival #Detox",https://www.facebook.com/reel/1416486236776916/,,14,0,,0.46,4307,0,,6,,4307,4307,4307,
69cf74d984f67dc6b104de8d,2026-04-05T06:00:39.495Z,Union Coop تعاونية الاتحاد,page,facebook,Post,"رائحة حساء واحدة تكفي لتعود بك سنوات للوراء.
بمناسبة اليوم العالمي للحساء، نود أن نسألكم، ما الحساء الذي يسكن ذاكرتكم منذ الطفولة؟
شاركونا إجاباتكم في التعليقات، أجملها وأكثرها تأثيراً سيفوز بسلة من أشهى أنواع الحساء.

تطبق الشروط والاحكام
#تعاونية_ الاتحاد #اليوم_العالمي_للحساء

It's International Soup Day 🍲 and we want to know — what's the soup you grew up with? Comment your favorite below. The most heartwarming answer wins a comforting hamper of soups. 

T&Cs apply. 
#Union_Coop #Internation…",https://www.facebook.com/reel/1452943376628827/,,13,2,,0.58,3944,1,,7,,3944,3944,3944,
6aa0e6939c660aed4e3dd451,2026-09-09T06:01:45.460Z,Union Coop تعاونية الاتحاد,page,facebook,Post,".

أفضل المنتجات بأفضل الأسعار. 

عروض هذا الأسبوع متوفرة الآن على تشكيلة واسعة من منتجاتك المفضلة. سارع للاستفادة منها قبل نفاذ الكمية!

#تعاونية_الاتحاد #أحدث_العروض #العودة_إلى_المدارس 

The good stuff, at leaflet prices. 

This week’s offers are live, with plenty of favourites to choose from.

Stock up on the deals you love before they’re gone!

#Union_Coop #LeafletOffers #BackToSchool",https://www.facebook.com/reel/4435608086691916/,,13,1,,1.55,1223,0,,5,,1223,1223,1223,
6a0d51383e780a4d8c0419f5,2026-05-20T06:14:30.076Z,Union Coop تعاونية الاتحاد,page,facebook,Post,"وجبة خفيفة إضافية تعني فرصة أخرى للفوز، وإضافة صغيرة إلى سلة التسوق هي خطوتك الأقرب نحو ربح مليون نقطة.
يمكنك تحمل المفاجآت لكنك حتماً لن تستطيع انتظار مليون نقطة من تميز!
هل شاركت في سحب هذا الأسبوع؟

#تعاونية_الاتحاد #مليونير_تميز #حسابات_الفتيات 

One extra snack? That’s one more chance. One small add to cart? That’s one step closer to 1,000,000 points. Self-control can wait… the reward doesn’t. Have you entered this week's draw? 

#TamayazMillionaire #Union_Coop #GirlMath",https://www.facebook.com/351419630848390/posts/962137199776627,,13,1,,2.86,1922,1,,40,,1922,1922,1922,
6aace13afdcb0db4f0ea394b,2026-09-18T05:17:33.000Z,Union Coop تعاونية الاتحاد,page,facebook,Story,Media only,https://facebook.com/stories/105286645461691/UzpfSVNDOjk2MDAzNzg2MDUxMzQwMA==/?view_single=1,,13,,0,,,0,844,,13,,,,894
6a89423fe64ba0eadc624dc5,2026-08-22T06:16:15.000Z,Union Coop تعاونية الاتحاد,page,facebook,Story,Media only,https://facebook.com/stories/105286645461691/UzpfSVNDOjEwMzcwNjAwMDkyNDY2MDc=/?view_single=1,,13,,0,,,0,1436,,13,,,,1627
6a32812c18aed974d1beb10a,2026-06-17T11:11:37.000Z,Union Coop تعاونية الاتحاد,page,facebook,Post,"هل تتساءل عن كيفية المشاركة في سحب ”مليونير تميّز كل يوم اثنين“؟ إليك الشرح المفصّل. ما عليك سوى التسوق بقيمة 200 درهم أو أكثر، ومسح بطاقة تميّز الرقمية الخاصة بك عند الخروج، وستدخل السحب. كل يوم اثنين، حصرياً في تعاونية الاتحاد.​
تطبق الشروط والأحكام.​
#تعاونية_الاتحاد #مليونيز_تميّز #كيفية_المشاركة

Not sure how the Tamayaz Millionaire Monday draw works? We will break it down for you. Shop for AED 200+, scan your digital Tamayaz ID at checkout and you are in. Every Monday. Only at Union Coop. …",https://www.facebook.com/351419630848390/posts/985775780746102,,13,0,,2.24,1470,0,,20,,1470,1470,1470,
6a0c5cdfd3cb4a507406d10c,2026-05-19T12:51:49.383Z,Union Coop تعاونية الاتحاد,page,facebook,Post,#Open_Day #Emiratis #Union_Coop,https://www.facebook.com/351419630848390/posts/961528216504192,,13,0,,1.43,2944,1,,28,,2944,2944,2944,
6a0c000423817397540ef6c5,2026-05-19T06:15:46.440Z,Union Coop تعاونية الاتحاد,page,facebook,Post,"هل ما زلت تستخدم رقم هاتفك أو بطاقة تميّز الفعلية عند الدفع؟ إذن، أنت تفوّت على نفسك الكثير.
مع تطبيق تعاونية الاتحاد، تصبح كل زيارة أكثر فائدةٍ، بدءاً من العروض الحصرية والتحديات الأسبوعية، ووصولاً إلى الألعاب والتسوق السلس أونلاين.
 إضافة إلى فرصتك للفوز بمليون نقطة من تميّز كل يوم اثنين. 
حمّل التطبيق اليوم وامسح بطاقة تميز الرقمية عند الدفع، واستفد إلى أقصى حد من كل عملية تسوق في تعاونية الاتحاد.
#تعاونية_الاتحاد #تميّز 

Still using your phone number or physical Tamayaz card? You are missin…",https://www.facebook.com/reel/1610677287496492/,,13,0,,0.99,1918,1,,5,,1918,1918,1918,
69935e643a684c10940e3c7b,2026-02-16T18:14:06.920Z,Union Coop تعاونية الاتحاد,page,facebook,Post,"سجّلت تعاونية الاتحاد نمواً مستداماً في عام 2025، مؤكدةً مكانتها الراسخة كإحدى أبرز مؤسسات التجزئة في دولة الإمارات.
نتائج عام 2025:
• إجمالي الدخل: 2.289 مليون درهم (+8%)
• الأرباح بعد الضرائب: 338 مليون درهم (+7.4%)
• إيرادات مبيعات التجزئة: 1.857 مليون درهم  (+8%) 
• إيرادات التجارة الإلكترونية: 178 مليون درهم (+35%)
من توسيع حضورنا في المجمعات السكنية، إلى تطوير حلول تجزئة ذكية تعزز تجربة المتسوق، ووصولاً إلى مبادرات الاستدامة، نواصل بناء قيمة طويلة الأمد لعملائنا وشركائنا ومجتمعاتنا.
قيمة ت…",https://www.facebook.com/reel/1679588683400662/,,13,0,,1.62,1172,0,,6,,1172,1172,1172,
69736fb615ab66cd4c05427d,2026-01-23T12:55:25.847Z,Union Coop تعاونية الاتحاد,page,facebook,Post,"لا يفيض شهر رمضان بالخيرات فقط، بل بالسعادة التي ترافق ربح الجوائز!
تسوّق في تعاونية الاتحاد واحصل على فرصة الفوز بسيارات جيتور شهرياً وبمواد غذائية أسبوعياً.

# تعاونية_الاتحاد# رمضان #تميز #جيتور

A little extra joy with every visit this Ramadan.
Shop at Union Coop for a chance to win Jetour cars monthly and groceries weekly.

# Union_Coop # Ramadan #Tamayaz #Jetour",https://www.facebook.com/reel/873362808924948/,,13,0,,0.73,2744,1,,6,,2744,2744,2744,
69593598fafc796ddc001272,2026-01-03T15:28:31.965Z,Union Coop تعاونية الاتحاد,page,facebook,Post,"امسح واحصل على الجوائز المميزة!
العب عبر تطبيق تميز واربح جوائز رائعة!
فعل العروض الحصرية على قسم تميز في تطبيق تعاونية الاتحاد، واستمتع بخصومات تصل إلى أكثر من 40% على منتجات مختارة!
لا تفوت الفرصة والعب الآن!

#تعاونية_الاتحاد #امسح_و_اربح #تميّز 

Scratch your way to rewards!
Play on the Tamayaz app and unlock exciting prizes!
Activate app exclusive offers on the Tamayaz section of the Union Coop App and get 40% off and more on select products!
Don’t miss out, start scratching today!

#Union_…",https://www.facebook.com/reel/868395119272962/,,13,0,,0.70,3019,0,,8,,3019,3019,3019,
6a76cb80314479438e24d298,2026-08-08T08:00:17.697Z,Union Coop تعاونية الاتحاد,page,facebook,Post,"قرمشة كريمية، وطعم شوكولاتة لا يُقاوم! 

كان يجب أن نعرف سر الإقبال على «كرواسون ماغنوم» الذي اجتاح مواقع التواصل الاجتماعي! وبعد التجربة يمكننا القول إنه يستحق كل هذه الشهرة وبجدارة. 

مستعد لتجربته بنفسك؟ 

احصل على مكوناته الآن من تعاونية الاتحاد، واستمتع بتحضير الترند الأشهى على الإطلاق. 

#تعاونية_الاتحاد #وصفات_شهيرة #كرواسان_ماغنوم

Crispy, creamy, chocolatey... we had to see what the hype was all about! 🥐🍫 we tried the viral Magnum Croissant, and let's just say it's worth the trend. Re…",https://www.facebook.com/reel/1778106503369326/,,12,1,,1.05,1904,0,,7,,1904,1904,1904,
6a49f518ba012c22907920a8,2026-07-05T06:08:17.000Z,Union Coop تعاونية الاتحاد,page,facebook,Post,"تسوّقوا باطمئنان… فأسعار احتياجاتكم اليومية ثابتة. 🛒

ثبّتنا أسعار السلع الأساسية، لتتمكنوا من التخطيط لوجباتكم وإدارة ميزانيتكم بكل ذكاء، والاستمتاع بتجربة تسوق مريحة.

تسوّقوا اليوم براحة بال وثقة مع أسعار شهر يوليو الثابتة في تعاونية الاتحاد.

#تعاونية_الاتحاد #مزايا_رائعة_كل_يوم #أسعار_ثابتة

Grocery runs shouldn't come with surprises. 🛒​

We've locked the prices on your everyday staples so you can plan your meals, manage your budget, and enjoy a completely stress-free shopping experience.…",https://www.facebook.com/351419630848390/posts/1000621652594848,,12,1,,4.34,2049,0,,76,,2049,2049,2049,
69935eaae9a78b9531066196,2026-02-16T18:15:18.762Z,Union Coop تعاونية الاتحاد,page,facebook,Post,"Union Coop records another year of sustainable growth in 2025.

* AED 2,289M Total Income (+8%)
* AED 338M Net Profit After Tax (+7.4%)
* AED 1,857M Retail Income (+8%)
* AED 178M E-commerce Income (+35%)

Driven by the expansion of neighborhood stores, enhanced smart retail solutions, and strengthened sustainability initiatives, we remain focused on delivering long-term value to our customers, partners, and communities.

Growing value, year after year.

#Union_Coop #FinancialResults #AnnualPerf…",https://www.facebook.com/reel/1418200963142124/,,12,1,,1.25,1363,2,,2,,1363,1363,1363,
697786d886565444a00d9542,2026-01-26T15:23:12.143Z,Union Coop تعاونية الاتحاد,page,facebook,Post,"استمتعوا بلحظات قيّمة مع كل تسوّق من تعاونية الاتحاد في رمضان.
تسوقوا مستلزماتكم واستمتعوا بجوائز أسبوعية من المواد الغذائية، وسحوبات شهرية على السيارات.
تسوقوا الآن واغتنموا فرصة العروض الرائعة.

#تعاونية_الاتحاد #رمضان2026 #رمضان_الخير 

This Ramadan, enjoy rewarding moments with every visit to Union Coop.
Shop your essentials, enjoy weekly free grocery prizes and monthly car draws.
Start shopping now and enjoy great deals.

# Union_Coop # Ramadan #Tamayaz #Jetour",https://www.facebook.com/reel/1551595936053842/,,12,1,,1.62,866,0,,1,,866,866,866,
6a912a762af0bcfb3a382836,2026-08-28T06:28:13.472Z,Union Coop تعاونية الاتحاد,page,facebook,Post,"لأن أطفالكم جزء من عائلتنا، يسعدنا تقديم فاكهة طازجة مجانية لمتسوقينا الصغار في كل جولة تسوق.

📍 متوفر في: 

البرشاء مول | اتحاد مول | جميرا | الورقاء سيتي مول

اصطحبوا صغاركم لتعاونية الاتحاد ليستمتعوا بفاكهة طازجة ومجانية أثناء رحلة التسوق.

#تعاونية_الاتحاد 

A fresh little treat for our little shoppers! 🍎🍌

Kids can enjoy one free fruit per child while you shop at Union Coop. 

📍 Available at:

 Al Barsha Mall | Etihad Mall | Jumeirah | Al Warqa City Mall

Bring the little ones along and…",https://www.facebook.com/reel/1725948341948714/,,12,0,,1.43,981,0,,2,,981,981,981,
6a87448cd41a44b90bb907cb,2026-08-20T16:48:18.000Z,Union Coop تعاونية الاتحاد,page,facebook,Story,Media only,https://facebook.com/stories/105286645461691/UzpfSVNDOjIwNjc2NDUxODA1NTg4NjE=/?view_single=1,,12,,0,,,0,967,,12,,,,1036
6a77112471ee2045cdb5a568,2026-08-08T11:21:14.813Z,Union Coop تعاونية الاتحاد,page,facebook,Post,"بقي 5 أيام فقط للاستفادة من خصم يصل إلى 50% على مئات المنتجات! حصرياً في فروع تعاونية الاتحاد وأونلاين .

العرض ساري حتى نفاذ الكمية. 

#تعاونية_الاتحاد #خصومات_كبيرة  #تميز 

Last 5 days to avail up to 50% off on hundreds of products! Shop the leaflet in-store or online while stocks last.

#Union_Coop #LeafletDeals #BigSavings #Tamayaz",https://www.facebook.com/reel/1586141896229556/,,12,0,,1.29,1244,0,,4,,1244,1244,1244,
6a477e6ef38b6548f7083706,2026-07-03T09:18:46.549Z,Union Coop تعاونية الاتحاد,page,facebook,Post,"إليكم الوجبة المثالية لفصل الصيف من قلب البحر!

يعدّ النيسر من الأطباق الإماراتية التقليدية الموسمية التي يعشقها الجميع، ويتميز بنكهته الفريدة والغنية بالفيتامينات الأساسية لنشاط الصيف.

هل جربتم طعمه المميّز بعد؟ شاركونا بـ «نعم» أو «لا» في التعليقات!
#تعاونية_الاتحاد #النيسر

Your summer seafood staple. ✨

Al Naiser is a traditional Emirati seasonal favorite, packed with unique flavor and essential vitamins.

Have you tried it yet? 
#Union_Coop",https://www.facebook.com/reel/2535350156903763/,,12,0,,0.70,2158,0,,3,,2158,2158,2158,
6a13eceb7ae68fefe60c3733,2026-05-25T06:32:26.273Z,Union Coop تعاونية الاتحاد,page,facebook,Post,"أنت تشتري مستلزماتك الأساسية، وتميّز تمنحك المكافآت. 
احصل على 5 أضعاف النقود المستردة مع تميّز في تعاونية الاتحاد، واجعل كل رحلة تسوق أكثر ربحاً.
#تميّز #تعاونية_الاتحاد",https://www.facebook.com/reel/1640821820539469/,,12,0,,0.62,2089,0,,1,,2089,2089,2089,
6a101677057c822b8806ac6a,2026-05-24T07:30:25.033Z,Union Coop تعاونية الاتحاد,page,facebook,Post,"هل تعلم أن تسوقك للعيد يعود عليك بأكثر مما تتخيل؟

لا تنسَ مسح بطاقة تميّز الرقمية الخاصة بك عند الدفع لتكون مؤهلاً للاستفادة من العرض، ودع قائمة تسوق العيد تفاجئك!

من تعاونية الاتحاد نتمنى لكم عيداً مباركاً.

#تعاونية_الاتحاد #العيد_في_دبي #مليونير_تميّز

Your Eid shopping is already doing more than you think. 

Remember to scan your digital Tamayaz ID at checkout to be eligible and let your Eid shopping list do the rest.

Eid Mubarak from Union Coop. 

#TamayazMillionaire #Union_Coop #EidMuba…",https://www.facebook.com/reel/962847726548205/,,12,0,,0.72,2207,1,,3,,2207,2207,2207,
6a06e33cb073ea4ce709a1e2,2026-05-15T09:11:34.735Z,Union Coop تعاونية الاتحاد,page,facebook,Post,"لم يسبق أن كانت مشترياتك الأسبوعية بهذه القيمة من قبل! فقط في تعاونية الاتحاد، كلما تسوّقت أكثر، زادت فرصك للربح أكثر! 
يتم السحب القادم الاثنين 18 مايو. امسح بطاقة تميّز الرقمية عند الدفع، وسوف تسجل مشاركاتك عبر التطبيق تلقائياً.
 تسوّق الآن وزد فرصك في الفوز!

#اثنين_المليونير #تميّز  #تعاونية_الاتحاد

The more you shop, the more entries you earn.
Your weekly grocery run has never worked harder for you.
Shop for more and increase your chances of winning. Next draw - Monday May 18. Don’t forget…",https://www.facebook.com/reel/986604780485346/,,12,0,,1.04,1347,1,,1,,1347,1347,1347,
69980dc6db492b070603325f,2026-02-22T05:00:17.949Z,Union Coop تعاونية الاتحاد,page,facebook,Post,"مبادرة بسيطة منكم قد تعني ولادة جديدة لغيركم. تفضلوا بزيارتنا في مول البرشاء يوم 25 فبراير 2026 من الساعة 7:30 مساءً حتى 11:30 مساءً للتبرع بالدم. معاً، يمكننا أن نجعل كل قطرة دم تحدث فرقاً. 

#تعاونية_الاتحاد #التبرع_بالدم #أنقذ_حياة 

A small act from you can mean a life line for someone else. Visit us at Al Barsha Mall on 25 February 2026 from 7:30 pm to 11:30 pm and donate blood. Together, we can make every drop count.

#UnionCoop #DonateBlood #SaveALife",https://www.facebook.com/351419630848390/posts/894190869904594,,12,0,,0.78,1804,0,,2,,1804,1804,1804,
6a38f3f2f890015a6f078504,2026-06-22T08:36:09.832Z,Union Coop تعاونية الاتحاد,page,facebook,Post,"المنافسة الحقيقية تبدأ الليلة!
مباريات حاسمة ولحظات لا تُنسى، ونحن جهزنا لكم ما يشعل أجواء هذه المناسبة!
سناكات بألوان أعلام فرقكم المفضلة.
هل ترغب في الفوز بسناكات فريقك المفضل لتكتمل أجواء المباراة القادمة؟

كيفية المشاركة:

  . تابع حسابنا: @UnionCoop 
. شارك علم السناكات التي ترغب في الفوز بها في التعليقات
. اذكر اسم صديق تشاهد المباريات معه

هذا كل شيء!

سنختار الفائزين المحظوظين ليحصلوا على مجموعة السناكات المفضلة. واستعد وانطلق وعلٌق!

تطبق الشروط والأحكام. متاح للمقيمين في دبي فقط.

#تعا…",https://www.facebook.com/reel/1524726742425852/,,11,4,,0.83,3264,1,,11,,3264,3264,3264,
69aeba347f2974e324072b21,2026-03-09T12:17:03.127Z,Union Coop تعاونية الاتحاد,page,facebook,Post,"لحم ضأن طري مطهو ببطء مع توابل هندية حارة.
ندعوكم للاستمتاع بهذا الطبق الكلاسيكي الشهي من إعداد الشيف ""آشيش كودتاركار"".

المكونات:
لحم ضأن (1 كجم) 4 بصلات مفرومة، 3 طماطم مفرومة، كزبرة طازجة (1 حزمة صغيرة)، جارام ماسالا (3 ملاعق كبيرة)، معجون الزنجبيل والثوم (3 ملاعق كبيرة)، مسحوق الكركم (2 ملاعق كبيرة)، مسحوق الفلفل الحار (2 ملاعق كبيرة)، مسحوق الكزبرة (1 ملعقة كبيرة)، مسحوق الكمون (1 ملعقة كبيرة)، ملح (حسب الرغبة - حوالي 2 ملاعق صغيرة)، زيت الطهي (4 ملاعق كبيرة)

طريقة التحضير:
ينقع لحم الضأن …",https://www.facebook.com/reel/1528900069240264/,,11,1,,1.01,1677,1,,4,,1677,1677,1677,
6aab8c830cc07651842d0541,2026-09-17T04:36:16.000Z,Union Coop تعاونية الاتحاد,page,facebook,Story,Media only,https://facebook.com/stories/105286645461691/UzpfSVNDOjMwNzIxMjY1OTk3OTk0MDg=/?view_single=1,,11,,0,,,0,481,,11,,,,517
6aa78bd1f11e3ec20f19212b,2026-09-14T04:49:04.000Z,Union Coop تعاونية الاتحاد,page,facebook,Story,Media only,https://facebook.com/stories/105286645461691/UzpfSVNDOjkzNTM4OTkwOTExNjkzNA==/?view_single=1,,11,,0,,,0,860,,11,,,,926
6a943ef06ea5339065bbc62a,2026-08-30T13:37:20.000Z,Union Coop تعاونية الاتحاد,page,facebook,Story,Media only,https://facebook.com/stories/105286645461691/UzpfSVNDOjI1MjA3MjY4MTUwNjU1NzA=/?view_single=1,,11,,0,,,0,324,,11,,,,348
6a32613d9e71e6b38b06bc70,2026-06-17T08:57:12.573Z,Union Coop تعاونية الاتحاد,page,facebook,Post,"ميزانيتك بأمان، ونحن نضمن ذلك.
ثبتنا أسعار منتجاتك اليومية المفضلة، لأن راحة بالك أولويتنا.
تسوّق بثقة، وتحكم بميزانية منزلك بيدٍ ثابتة وقلبٍ مطمئن.
اسحب إلى اليسار لتصفح القائمة!

#تعاونية_الاتحاد #ثبات_الأسعار #تسوق_إماراتي

No surprises, just reliable savings. We’ve locked in the prices on your everyday favorites so you can keep your home budget perfectly on track. 🏡✨
Swipe left to check out the list! ➡️🛒

#Union_Coop #LockedInPrices #UAEShoppers",https://facebook.com/112240942183815_985700334086980,,11,0,,4.36,1696,0,,63,,1696,1696,1696,
6a1015870eb3b2b3e704022c,2026-05-24T06:01:13.604Z,Union Coop تعاونية الاتحاد,page,facebook,Post,"44 عاماً ليست مجرد رقم، بل قصة نجاح صنعناها معاً، جنباً إلى جنب.

ومنذ اليوم الأول، تشكّلت مسيرة تعاونية الاتحاد بفضل المجتمع الذي نفخر بخدمته دائماً.
شكراً لأنكم كنتم وما زلتم جزءاً من قصتنا.

#تعاونية_الاتحاد #٤٤عاماً_من_تعاونية_الاتحاد 

For 44 years, Union Coop has grown alongside the communities we service. Since day one, Union Coop’s journey has been shaped by the people we proudly serve. Thank you for being part of our story.

#Union_Coop #44Years_Of_Union_Coop",https://facebook.com/112240942183815_965309242792756,,11,0,,2.64,1664,2,,31,,1664,1664,1664,
6a045cf8de63d0158c0ca0b3,2026-05-13T11:14:17.426Z,Union Coop تعاونية الاتحاد,page,facebook,Post,"برياني اللحم المنزلي الشهي بأقل من ٢٠ درهم!
الأسعار الثابتة في تعاونية الاتحاد تجعل كل وجبة لذيذة وبميزانية مريحة.
تسوّق الآن وابدأ تحضير ألذ الأطباق لعائلتك.
#تعاونية_الاتحاد #أسعار_ثابتة

Cook your own lamb biryani at home for under AED 20 with Union Coop’s fixed prices, making key ingredients budget-friendly. 🍛✨ Shop now at Union Coop.
#Union_Coop #FixedPrice",https://www.facebook.com/351419630848390/posts/956587403664940,,11,0,,2.65,1888,1,,38,,1888,1888,1888,
69946ddbfb247189dc008a26,2026-02-17T13:32:16.853Z,Union Coop تعاونية الاتحاد,page,facebook,Post,".
كما كل رمضان من كل عام نعمل من أجلكم، من الصباح الباكر وحتى وقت متأخر من الليل بعد الإفطار.
يرجى ملاحظة أن بعض الفروع تعمل لساعات طويلة أو في أوقات استثنائية:
24/7: الطوار، الوصل، أم سقيم، شارع حصة، جميرا الأولى، واحة السيليكون وقرية جميرا الدائرية.
6:30 صباحاً – 12:00 صباحاً: ميني كووب – المزهر
7:00 صباحاً – 12:00 صباحاً: حتا و روكان
8:00 صباحاً – 12:00 صباحاً: ندّ الشبا مول

نتطلع إلى استقبالكم وعائلاتكم طوال شهر رمضان المبارك.
#تعاونية_الاتحاد #التوقيت_الرمضاني #رمضان_في_دبي #نعمل_لأجلكم

T…",https://www.facebook.com/351419630848390/posts/890413716948976,,11,0,,2.99,3283,1,,86,,3283,3283,3283,
6992f888b460e133bf0335e2,2026-02-16T10:59:30.355Z,Union Coop تعاونية الاتحاد,page,facebook,Post,"هذا الموسم حان دورك!
العب ""حجرة ورقة مقص"" على تطبيق تميّز وادخل السحب للفوز بجوائز مجانية من ساميانغ. 
واحصل على جميع مستلزمات الشهر الفضيل بأسعار لا تُفوّت من خلال عروضنا على تطبيق تعاونية الاتحاد.
تسوّق كل ما تحتاجه لمائدتك الرمضانية بسهولة في فروعنا أو عبر التطبيق.
#تعاونية_الاتحاد #مستلزمات_رمضان

This season, it’s your move. Play Rock, paper, scissors on the Tamayaz App for your chance to win freebies from Samyang.
Find all your Ramadan essentials at amazing prices in our App-Exclusive offe…",https://www.facebook.com/reel/2808102369522181/,,11,0,,1.39,864,0,,1,,864,864,864,
6965ea0adc6adef87f00aa1c,2026-01-13T07:15:09.719Z,Union Coop تعاونية الاتحاد,page,facebook,Post,"تسوّق من تعاونية الاتحاد وادخل عالم لعبة تميّز لتحصل على جوائز مميّزة!
دوّر العجلة على التطبيق لتحصل على فرصة الفوز بعصائر منعشة تروي عطشك!
لا تفوّت الحماس، دوّر الآن!

#تعاونية_الاتحاد #لعبة_تميز #دوّر_واربح
 
Shop at Union Coop and play the Tamayaz Game for exciting rewards!
Spin the wheel on the Tamayaz App for a chance to win refreshing drinks and beat your thirst!
Don’t miss out, start spinning today!

#Union_Coop #TamayazGame #Spin_and_Win",https://www.facebook.com/reel/890283656876449/,,11,0,,0.53,3569,0,,8,,3569,3569,3569,
6956894dec1e7c27c2099796,2026-01-01T14:48:49.886Z,Union Coop تعاونية الاتحاد,page,facebook,Post,"نوفر لك كل ما تحتاجه وأكثر!
من المستلزمات الغذائية والوجبات الخفيفة، إلى منتجات الألبان وأشهى المأكولات المفضلة للعائلة، كلها بمتناول يدك في تعاونية الاتحاد.
ابدأ العام الجديد بمخزون متكامل.

#تعاونية_الاتحاد #بداية_جديدة #حياة_صحية 

We've got you covered!
All you need from pantry staples to snacks, dairy & family favourites.
Start the year well-stocked at Union Coop!

#UnionCoop #FreshStart #HealthyLiving",https://www.facebook.com/351419630848390/posts/854077587249256,,11,0,,0.84,2854,0,,13,,2854,2854,2854,
6a0c578d18553b6e6c06fb55,2026-05-21T05:37:06.285Z,Union Coop تعاونية الاتحاد,page,facebook,Post,"نحتفل اليوم باليوم العالمي للشاي ويسعدنا بهذه المناسبة معرفة سرّ وصفتك المثالية! 

ما الذي يجعل كوب الشاي الخاص بك مميزاً؟ كمية إضافية من الهيل؟ أم رشة من الزعفران؟ أم وقت التخمير الذي لا يعرفه سواك؟ 

شاركنا في التعليقات وصفة الشاي المفضلة لديك أو أضف إليها لمسة خاصة، أو اكتب نصيحتك لفرصة الفوز بقسيمة أو سلة هدايا من تعاونية الاتحاد! 

#تعاونية_الاتحاد #اليوم_العالمي_للشاي #هدايا_تعاونية_الاتحاد 

It's International Tea Day and we want YOUR secret!

What makes your cup of tea perfect? The extra…",https://www.facebook.com/351419630848390/posts/962918419698505,,10,3,,2.52,1506,0,,25,,1506,1506,1506,
6aa3c929896725559400c88a,2026-09-12T07:00:36.204Z,Union Coop تعاونية الاتحاد,page,facebook,Post,"بدأ العدّ التنازلي!

في يوم 14 سبتمبر، سيحمل فائز محظوظ آخر مفاتيح سيارة جيتور تي1!

لم تشارك بعد؟ 

لا حاجة لحد أدنى للإنفاق، لكن الوقت ينفذ. سجّل مشاركتك قبل 13 سبتمبر وربما تكون أنت من يحمل المفاتيح هذه المرة.

هذه فرصتك الأخيرة، لا تفوّتها!

#تعاونية_الاتحاد #موسم_العودة_إلى_المدارس

The countdown is on. 

On 14 September, another lucky winner will be driving away with our Grand Prize - a Jetour T1! 

Haven’t entered yet? There’s no minimum spend, but there is a deadline. Get your entry in b…",https://www.facebook.com/reel/2233539563855635/,,10,1,,0.92,1522,0,,3,,1522,1522,1522,
6aa3913891d71cc2bb8d6030,2026-09-11T04:59:46.000Z,Union Coop تعاونية الاتحاد,page,facebook,Story,Media only,https://facebook.com/stories/105286645461691/UzpfSVNDOjE2NDYwOTUxMjM3NzM1OTU=/?view_single=1,,10,,0,,,0,547,,10,,,,560
6a9ebc02c4308b44a7555ae5,2026-09-07T11:53:36.000Z,Union Coop تعاونية الاتحاد,page,facebook,Story,Media only,https://facebook.com/stories/105286645461691/UzpfSVNDOjExMTI3NzQ2Mjc3NDM3Mzg=/?view_single=1,,10,,0,,,0,479,,10,,,,508
6a893d283e04308e9196433a,2026-08-22T06:09:51.319Z,Union Coop تعاونية الاتحاد,page,facebook,Post,"املأ ثلاجتك بأجود الاختيارات الطازجة لموسم العودة إلى المدارس، واستمتع بمكافآت رائعة واسترداد نقدي يصل إلى 10% مع بطاقة لِف تميّز الائتمانية. 

كل ما تحتاجه للعام الدراسي الجديد تجده في تعاونية الاتحاد لكن مع مكافآت تضيف قيمة أكبر لمشترياتك.
 
اختيارات طازجة ومكافآت أكثر وفرص يومية للفوز. 

 سجل الآن عبر الرابط الموجود في البايو.

*تطبق الشروط والأحكام.

#تعاونية_الاتحاد #العودة_إلى_المدارس 

Stock your fridge with fresh Back-to-School essentials and enjoy even more rewards! 

Get up to 10% cash…",https://www.facebook.com/reel/904671828955765/,,10,0,,1.18,1190,0,,4,,1190,1190,1190,
6a5dd86add07b89589014452,2026-07-20T08:12:37.392Z,Union Coop تعاونية الاتحاد,page,facebook,Post,"عروض استثنائية ليوم واحد فقط بانتظارك غداً!

خصومات 50% وأكثر على تشكيلة جديدة من المنتجات، حصرياً لأعضاء برنامج تميّز.

📍 في الفروع فقط
📲 فعّل عروضك عبر تطبيق تميّز، ثم توجّه إلى أقرب فرع للاستفادة منها.
⏳ سارع بالتسوق غداً (الثلاثاء)، فالعروض متوفرة حتى نفاد الكمية.

#تعاونية_الاتحاد #تميّز #عروض_منتصف_الأسبوع 
Big things drop tomorrow 👀🛒

50% off and more, on a fresh lineup of products, exclusively for Tamayaz members.

📍 In-store only
 📲 Activate your offers in the Tamayaz app
 ⏳ New d…",https://facebook.com/112240942183815_1012717788051901,,10,0,,2.30,1610,1,,26,,1610,1610,1610,
6a474ce9fc110a9a7e002855,2026-07-03T05:47:45.237Z,Union Coop تعاونية الاتحاد,page,facebook,Post,"المنافسة على سيارة جيتور T2 الجديدة كلياً محتدمة!

لقد تم فتح لوحة نتائج المسابقة حتى الآن!

لا تقلق إذا لم تجد اسمك بعد ضمن قائمة المتصدرين، فما زال هناك الكثير من المباريات المتبقية لتتنبأ بنتائجها!

 كل توقع صحيح يمنحك فرصة أخرى للدخول في السحب النهائي. 

 سارع الآن وافتح صفحة تميّز على تطبيق تعاونية الاتحاد وسجل توقعاتك لمباريات اليوم، وادخل اسمك في السحب. المشاركة مجانية 100%! 

من ترشح للفوز بمباراة اليوم؟ شاركنا في التعليقات!

#تعاونية_الاتحاد #كأس_العالم #جيتورتي2

The leaderboard is liv…",https://facebook.com/112240942183815_998854529438227,,10,0,,2.79,1361,0,,28,,1361,1361,1361,
6a26d4364477c1e9020471f3,2026-06-08T14:39:58.904Z,Union Coop تعاونية الاتحاد,page,facebook,Post,"حلوى التقشير التي يتحدث عنها الجميع، هل جربتها؟ إنها متوفرة الآن في تعاونية الاتحاد، لاتنس الحصول عليها أثناء تسوقك.
#تعاونية_الاتحاد #الحلوى_الأشهر #تريندي #حلوى_التقشير 

The viral peeler candy everyone’s talking about 🍬👀
Find it at Union Coop while stocks last.
#Union_Coop #ViralCandy #Trending #PeelerCandy",https://www.facebook.com/reel/976678621947527/,,10,0,,0.49,3295,0,,6,,3295,3295,3295,
6a103ee8fa2979d0db00fb30,2026-05-26T16:04:50.540Z,Union Coop تعاونية الاتحاد,page,facebook,Post,"من كل بيت إلى كل قلب، نتمنى لكم عيداً يملؤه السلام والامتنان والوئام. عيد مبارك من أسرة تعاونية الاتحاد إلى عائلاتكم الكريمة جميعاً.

#عيد_مبارك #تعاونيةـالاتحاد #عيد_الأضحى

From every home to every heart, may your Eid be filled with peace, gratitude, and togetherness.
Eid Mubarak from our family to yours. 

#EidMubarak #EidAlAdha #Union_Coop",https://www.facebook.com/reel/975213825148109/,,10,0,,0.39,3375,0,,3,,3375,3375,3375,
69dcf5c16613ebf298091e64,2026-04-13T13:55:21.289Z,Union Coop تعاونية الاتحاد,page,facebook,Post,"الحلقة الثالثة وصلت وجربنا اقتراحكم الخاص بالتمر المحشي، وقد أصبح على الفور المفضل لدى الجميع. 

تمر طري وزبدة فول سوداني كريمية وشوكولاتة مذابة، ثلاثة مكونات فقط ومذاق لا يُنسى!

حضّروها في المنزل بخطوات بسيطة وبمكونات طازجة متوفرة في تعاونية الاتحاد.

والآن ما هي وصفتكم التالية؟ شاركونا اقتراحاتكم في التعليقات. 

#تعاونية_الاتحاد #وصفات_سهلة #حلويات_لذيذة #وصفات_ملهمة

In episode 3 of our viral recipe series, we tried your stuffed dates suggestion… and it was an instant favourite.

Soft dates.…",https://www.facebook.com/reel/1292780642990174/,,10,0,,0.39,3605,1,,3,,3605,3605,3605,
69d8c76b997e229fb2066ba9,2026-04-10T09:48:44.534Z,Union Coop تعاونية الاتحاد,page,facebook,Post,"مسابقة!

 موسم الشواء على وشك الانتهاء! هل أنت جاهز لحفلة لا تُنسى؟ 
تتوفر في تعاونية الاتحاد صناديق شواء جاهزة للشواء مباشرة، تحتوى على الشيش طاووق والكباب والتيكا والعرايس! 
شاركنا وصفة تتبيلتك السرية في التعليقات، وقد تفوز بمجموعة أسياخ شواء مميزة!

#شواء #تعاونية_الاتحاد

✨ Giveaway Alert ✨

Planning one last BBQ before the season ends? We’ve got you covered 🔥

From Shish Tawook and Kebabs to Tikka and Arayes, our BBQ grill boxes have it all.

Comment your favourite marination below to win …",https://www.facebook.com/reel/1927527737872010/,,10,0,,0.78,1539,0,,2,,1539,1539,1539,
69b2ccb42d76075f514ddd7f,2026-03-12T14:22:58.000Z,Union Coop تعاونية الاتحاد,page,facebook,Post,"لمسة بسيطة. إفطار ذو قيمة.
ببضع نقرات سهلة على تطبيق تعاونية الاتحاد، يمكنك طلب صناديق وجبات إفطار شهية وتبرع بها للمحتاجين مباشرة.

اختر ما يناسبك:
• 10 درهم: وجبة دجاج لذيذة
• 12 درهم: وجبة لحم ضأن فاخرة

كل طلب لا يقتصر على وجبة، بل هو تذكير جميل بأن العطاء يقربنا من بعضنا، ويجمعنا على قيم الكرامة والإنسانية.
احجز صناديق وجبات الإفطار الآن ، وساهم في إفطار صائم بوجبة شهية.
#تعاونية_الاتحاد #رمضان2026 #رمضان_في_دبي

A simple tap. A meaningful Iftar. 
With just a few taps on the Union Coop App …",https://www.facebook.com/reel/939332225707807/,,10,0,,1.01,1478,1,,4,,1478,1478,1478,
69980d343249f450360b35f7,2026-02-21T05:31:16.050Z,Union Coop تعاونية الاتحاد,page,facebook,Post,"قد تُنقذوا حياة محتاج بتبرع واحد فقط.
انضمّوا إلينا في الاتحاد مول يوم  24 فبراير 2026 من 7:30 مساءً حتى 11:30 مساءً، وكونوا سبباً في منح السعادة لشخص ينتظر بارقة أمل.

#تعاونية_الاتحاد #التبرع_بالدم #الرعاية_المجتمعية #أنقذ_حياة 

One donation, one life changed.
Join us at Etihad Mall on 24 February 2026 from 7:30 pm to 11:30 pm and donate blood to be someone’s reason for hope.

#Union_Coop #SaveALife #DonateBlood #CommunityCare",https://www.facebook.com/351419630848390/posts/893376906652657,,10,0,,0.85,1651,1,,3,,1651,1651,1651,
696a018932be872baf0b1c03,2026-01-16T09:15:07.758Z,Union Coop تعاونية الاتحاد,page,facebook,Post,"قد تتراجع المناعة مع انخفاض درجات الحرارة، مما يجعل دعم روتينكم اليومي بالعادات الصحية أمراً ضروريا، بدءاً من المكملات الغذائية اليومية ووصولاً إلى الحماية من أشعة الشمس.
في تعاونية الاتحاد تجدون كل ما يعزز صحتكم طوال موسم الأمراض.
#تعاونية_الاتحاد #مستلزمات_العافية 

With temperatures dropping, your immunity might get affected, making it the right time to support your daily routine with the right essentials. From everyday supplements to daily SPF protection, here are simple picks to stay covere…",https://www.facebook.com/351419630848390/posts/864387666218248,,10,0,,2.49,2286,0,,47,,2286,2286,2286,
6a982ea3576ead0d31fe3a3e,2026-09-02T14:11:54.765Z,Union Coop تعاونية الاتحاد,page,facebook,Post,"يبدو أن هذه المجموعة فهمت تماماً ما تحتاجونه لبداية العام الدراسي!

من حقائب الظهر إلى صناديق الغداء، وكل ما بينهما في متجر جاشنمال المؤقت، حيث تجدون كل ما يلزم للفصل الدراسي الجديد.

📍 اتحاد مول
🗓️ حتى 30 سبتمبر

#تعاونية_الاتحاد #جاشنمال #العودة_إلى_المدارس 

This collection actually understood the assignment. 📚✨

From backpacks to lunchboxes to everything in between - the Jashanmal pop-up has the new term covered.

📍 Etihad Mall
🗓️ Until 30 September

#Union_Coop #Jashanmal #BackToSchool",https://www.facebook.com/reel/895397890316818/,,9,2,,0.78,1676,0,,2,,1676,1676,1676,
6a815f9b6bdf2d689f1e2e71,2026-08-16T06:58:41.052Z,Union Coop تعاونية الاتحاد,page,facebook,Post,"جرّب حظك مع العجلة واربح أشهى الحلويات! العب على تطبيق تميّز واكتشف جائزتك الجديدة واصطحبها إلى منزلك اليوم.

#تعاونية_الاتحاد #دانكن_دونتس #تميّز

Spin for the yummiest treat! 🍩 Play on the Tamayaz App and unlock your newest prize. All yours to take home today.  

#Union_Coop #DunkinDonuts #Tamayaz",https://www.facebook.com/reel/2181278045988199/,,9,2,,1.21,1490,0,,7,,1490,1490,1490,
6aaa1c2ac153638cffe6774f,2026-09-16T06:00:33.642Z,Union Coop تعاونية الاتحاد,page,facebook,Post,"من مستلزماتك اليومية الأساسية إلى تلك الأشياء الصغيرة التي لم تكن تعلم أنك بحاجة إليها.

اكتشف تشكيلة واسعة من المنتجات الطازجة التي تلبّي كل حاجة وتناسب كل وجبة وتتماشى مع أسلوب تسوقك المفضل.

#تعاونية_الاتحاد 

From everyday favourites to little discoveries you didn’t know you needed. 

Explore a wide assortment of fresh produce made for every craving, every meal, and every kind of grocery run.

#Union_Coop",https://www.facebook.com/351419630848390/posts/1060794009910945,,9,1,,2.88,1494,0,,33,,1494,1494,1494,
69d8dd6b02b8f193640dcd20,2026-04-10T12:04:28.506Z,Union Coop تعاونية الاتحاد,page,facebook,Post,"في الحلقة الثانية من سلسلة الوصفات التي لاقت رواجاً، جربنا فكرة من اقتراحاتكم، لاتيه كريم الكراميل!
طبقات من النكهة اللذيذة، مع كل رشفة.

ما الوصفة التالية؟ 

شاركونا اقتراحاتكم في التعليقات.

كل ما تحتاجونه لتحضيرها في المنزل متوفر في تعاونية الاتحاد.
#تعاونية_الاتحاد #قهوة_منزلية #وصفات_سهلة

In episode 2 of our viral recipes series, we tried something one of you suggested… Crème Caramel Latte ☕️✨

Layers of comfort, one pour at a time.

What should we try next? Drop your suggestions below 👇
…",https://www.facebook.com/reel/1669549887721502/,,9,1,,0.62,2600,1,,5,,2600,2600,2600,
6a7dbaacb681ee5171af6e21,2026-08-13T12:38:10.640Z,Union Coop تعاونية الاتحاد,page,facebook,Post,"عودتك للمدرسة قد تكون بسيارة «جيتور T1»! 

امسح بطاقة تميّز الرقمية عند الدفع وادخل السحب على سيارة جيتور T1 بدون حد أدنى للشراء! 

فائزين اثنين بسيارتين جيتور T1.

سيتم الإعلان عن الفائزين في 24 أغسطس و14 سبتمبر. 

#تعاونية_الاتحاد #موسم_العودة_إلى_المدارس #جيتور 

The other side of your back-to-school shopping - driving home in a Jetour T1! 

Scan your digital Tamayaz ID at checkout for your chance to win. Two winners, no
minimum spend required! Winners announced: 24 Aug & 14 Sept

#Union_Coop…",https://www.facebook.com/reel/2534257280421546/,,9,0,,0.77,1305,0,,1,,1305,1305,1305,
6a70da6a31bdf722030c96ad,2026-08-03T20:01:16.961Z,Union Coop تعاونية الاتحاد,page,facebook,Post,"سارعوا قبل نفاذ الكمية! 

خصم كبير بنسبة 50% ينتظركم اليوم على منتجات مختارة! 

 كيف تستفيد من العرض؟

افتح تطبيق تعاونية الاتحاد وتوجّه لصفحة تميّز.

فعّل العروض المتاحة.

تفضل بزيارة أقرب فرع واستمتع بالتسوق!

📍 العرض سارٍ داخل الفروع  فقط.

#تعاونية_الاتحاد #عروض_منتصف_الأسبوع

Hurry while stocks last! A whopping 50% off awaits you today on select products. Discover and activate them on the Tamayaz page of the Union Coop App. Offer valid in-store only.  

#Union_Coop #MidWeekDeal",https://www.facebook.com/reel/2231824987577952/,,9,0,,1.09,1562,1,,7,,1562,1562,1562,
6a6713b1ac1f7e88370f7a98,2026-07-27T08:15:51.246Z,Union Coop تعاونية الاتحاد,page,facebook,Post,"العروض أكبر بكثير مما تتخيل! 

استعدوا للاستفادة من خصم 50٪ والمزيد على مجموعة جديدة من المنتجات، حصرياً لأعضاء تميّز.

📍 في الفروع فقط 

📲 فعّل عروضك على صفحة تميّز عبر تطبيق تعاونية الاتحاد

⏳ عروض جديدة كل يوم ثلاثاء حتى نفاد الكمية!

#تعاونية_الاتحاد #تميّز #عروض_منتصف_الأسبوع 

It’s a whole lot more than you can guess. Stay tuned for 50% OFF & more on a new selection of products, exclusively for Tamayaz members. 

📍 In-store only 

📲 Activate your offers on the Tamayaz page of the Union…",https://www.facebook.com/351419630848390/posts/1018206910836322,,9,0,,3.03,1256,0,,29,,1256,1256,1256,
6a4c9342b7aa3b54340dea29,2026-07-07T05:48:58.678Z,Union Coop تعاونية الاتحاد,page,facebook,Post,"أيام الثلاثاء أصبحت أفضل بنسبة 50%! 

انطلقت عروض منتصف الأسبوع رسمياً! سارعوا بزيارة تعاونية الاتحاد الآن للاستفادة من عروض اليوم بنصف السعر.

لا تفوتوا الفرصة، وتابعونا كل يوم ثلاثاء لتكتشفوا مفاجآت متجددة!

#تعاونية_الاتحاد #عروض_الثلاثاء

Tuesdays just got 50% better! ✨ Our mid-week deals are officially live. Hurry into Union Coop to grab today's half-price offers. Don't miss out—check back every Tuesday for new surprises! 🛒

#Union_Coop",https://www.facebook.com/reel/1424179329549747/,,9,0,,0.37,3756,0,,5,,3756,3756,3756,
6a3e06e401ed36bbf7714ca7,2026-06-26T04:57:03.000Z,Union Coop تعاونية الاتحاد,page,facebook,Post,"نعم، قرأت الخبر بشكل صحيح تماماَ!
مليون نقطة من تميّز تساوي 16,700 درهم مما يعني حرفياً 5 أجهزة آيفون جديدة كلياً.
كيف تفوز؟ الأمر بسيط جداً!
أنفق 200 درهم أو أكثر وامسح بطاقة تميّز الرقمية عند الدفع وانتظر كل يوم اثنين لتجدد فرصتك بالفوز أسبوعياً!
الجائزة حقيقية، والفوز ممكن!

تطبق الشروط والأحكام* .

#تعاونية_الاتحاد #مليونيز_تميّز  #اثنين_المليونير

Yes, you read that right.  1,000,000 Tamayaz points could be yours, and they are worth up to AED 16,700*! That’s literally five brand-new iPhones…",https://www.facebook.com/351419630848390/posts/992959680027712,,9,0,,2.15,1678,0,,27,,1678,1678,1678,
6a35453ac301823dd701fd5e,2026-06-21T05:01:02.214Z,Union Coop تعاونية الاتحاد,page,facebook,Post,"مجموعة عيد الأب. 
وفّر الجهد والمال في البحث عن هدية عيد الأب! تصفح اختياراتنا المنسقة بعناية في نشرة هذا الأسبوع، وضاعف فرحة والدك بهدايا عملية ومتميزة وبأسعار يومية لا تُضاهى.
#تعاونية_الاتحاد #عيد_الأب2026 

The Father's Day Edit. ✨

Not sure what to get Dad this weekend? We’ve got you covered. Swipe through our top picks from this week's leaflet to find practical, quality gifts at everyday prices.

#Union_Coop #FathersDay2026",https://facebook.com/112240942183815_988808327109514,,9,0,,1.88,1172,1,,12,,1172,1172,1172,
69d75a2a0a2adce0030c25b5,2026-04-09T07:50:29.162Z,Union Coop تعاونية الاتحاد,page,facebook,Post,"شيء بسيط منك، يعني الكثير لغيرك.
أضف منتج واحد إلى سلتك، وضعه في سلة الخير!
معاً نُحدث الفرق.
تتوفر نقاط التبرع في 17 فرعاً.

#تعاونية_الاتحاد #سلة_الخير #جمعية_بيت_الخير

Add an extra item to your basket and drop it at the donation point to make a difference
to someone's life. One small habit change, one big impact. Available across 17 stores. 

#BasketofGoodness  #Union_Coop #BeitAlKhairSociety",https://facebook.com/112240942183815_929831676340513,,9,0,,1.72,2849,0,,40,,2849,2849,2849,
699471af41a252b76206ac67,2026-02-17T13:48:41.609Z,Union Coop تعاونية الاتحاد,page,facebook,Post,".
احتفلوا بالشهر الكريم مع الكثير من المكافآت في تعاونية الاتحاد
أنفقوا 150 درهم أو أكثر في فاتورة واحدة لتحصلوا على فرصة للفوز بسيارة جيتور وجوائز أسبوعية من مستلزمات البقالة.
كيفية المشاركة:
1. تسوقوا في أي فرع من فروع تعاونية الاتحاد أو عبر التطبيق.
2. أنفقوا 150 درهم أو أكثر وامسحوا باركود تطبيق تميز عند الدفع.
3. وادخلوا تلقائياً في السحب.

تسوق أكثر لمكافآت أكبر ، فرص أكثر واحتفال أكبر بالشهر الفضيل.
#تعاونية الاتحاد #رمضان #تميز 

Celebrate Ramadan with more rewards at Union Coop. Spend A…",https://www.facebook.com/reel/1215443467378663/,,9,0,,0.71,1555,0,,2,,1555,1555,1555,
6a7336b5a3ab1f0878b18e2b,2026-08-05T13:12:42.631Z,Union Coop تعاونية الاتحاد,page,facebook,Post,"هل أنت مستعد للعودة إلى المنزل حاملاً الجائزة الكبرى؟  

فرصتان بانتظارك للفوز بسيارة جيتور T1.

أما المفاجأة الأهم فهي عدم الحاجة لحد أدنى للإنفاق للمشاركة، وكل ما عليك فعله هو مسح بطاقة تميّز الرقمية عند الدفع لدخول السحب فوراً.

يتم الإعلان عن الفائزين في 24 أغسطس و 14سبتمبر. 

تسوق اليوم وقد تكون الرابح القادم.

#تعاونية_الاتحاد #جوائز_كبرى #العودة_إلى_المدارس 

Ready to drive home with our grand prizes? Two Jetour T1s are up for grabs. The best part - no minimum spend required to participat…",https://www.facebook.com/351419630848390/posts/1026017036721976,,8,3,,2.84,1655,1,,36,,1655,1655,1655,
6a87f03e52d2096d3994fcbc,2026-08-21T07:00:10.569Z,Union Coop تعاونية الاتحاد,page,facebook,Post,"معكرونة الوعاء الواحد!

 طعم كريمي شهي، وتحضير بسيط لا يأخذ من وقتك الكثير.

كل ما تحتاجه لتحضيرها متوفر في: @unioncoop 

#تعاونية_الاتحاد #وجبة_الوعاء_الواحد 

One-Pot Pasta

Creamy, comforting and easy to make when you’re short on time.

Your go-to grocery stop: @unioncoop

#Union_Coop #OnePotMeal",https://www.facebook.com/reel/1290489010816391/,,8,2,,1.19,1093,0,,3,,1093,1093,1093,
6a62f4e8937a4d5bc90cc7de,2026-07-24T06:00:38.113Z,Union Coop تعاونية الاتحاد,page,facebook,Post,"عشاء شهي يُحضّر في دقائق معدودة!

في تعاونية الاتحاد، نمنحك سرّ الراحة:
 وفّر وقتك واحتفظ بكامل النكهة!

جرّب تشكيلتنا الفاخرة من اللحوم المتبلة والمقطعة إلى شرائح رفيعة، والمحضّرة خصيصاً لتنضج بسرعة فائقة مع الحفاظ على طراوتها. فقط أضف إليها طبقاً من السلطة الطازجة، وحضر وجبة استثنائية لعائلتك.

ما هو عشاءك السريع المفضل؟

 شاركنا الجواب في التعليقات وادخل السحب للفوز بباقة عشاء عائلية فاخرة من تعاونية الاتحاد.

#تعاونية_الاتحاد.

Dinner, served in minutes. ⏱️

Save time and keep all the flavor…",https://www.facebook.com/reel/1597553518567160/,,8,2,,1.32,982,0,,3,,982,982,982,
69e9f3c307000a46930292fa,2026-04-23T10:26:20.217Z,Union Coop تعاونية الاتحاد,page,facebook,Post,"صندوق الغداء المدرسي بانتظار أفكاركم! 
هل أنتم مستعدون؟

نقدم لكم في هذا الفيديو أربع أفكار لوجبات غداء مثالية لأطفالكم من تعاونية الاتحاد.

شاركونا اختياراتكم في التعليقات لفرصة الفوز بمجموعة من الوجبات الخفيفة لشهر كامل!

#تعاونية_الاتحاد #العودة_للمدارس #وجبات_سهلة 

Back-to-school lunches, sorted?

Here are 4 ideas for lunch box meals from Union Coop

Comment your pick below to win a month’s supply of snacks!

#Union_Coop #BackToSchool #EasySnacks",https://www.facebook.com/reel/1334108722107025/,,8,2,,0.62,2412,1,,4,,2412,2412,2412,
69e3202f51dfec9b80bc33dd,2026-04-18T06:08:33.000Z,Union Coop تعاونية الاتحاد,page,facebook,Post,".
الحلقة السادسة وصلت، لكن هذه المرة جمعنا المقرمش مع الصحي في وعاء واحد!

مزيج لا يقاوم صحي ومشبع ولذيذ، فشار مقرمش مع التوت البري المجفف وبذور اليقطين والصنوبر ورشة شوكولاتة داكنة تضفي نكهة لا مثيل لها.

حضروه في المنزل بمستلزمات متوفرة فقط في تعاونية الاتحاد.

والآن ما الوصفة التي تريدون تجربتها في الحلقة القادمة؟ 

#تعاونية_الاتحاد #وصفة_شهيرة #تريند 
  In episode 6 of our viral recipe series, we tried a popcorn trail mix. Think crunchy popcorn, dried cranberries, pumpkin seeds, pine nuts, a…",https://www.facebook.com/reel/1509251090868121/,,8,2,,0.51,2750,0,,4,,2750,2750,2750,
6a85d943b13885f7463c2b4e,2026-08-19T16:27:08.046Z,Union Coop تعاونية الاتحاد,page,facebook,Post,"تجهيزات العودة للمدارس كثيرة؟ خفّف التكاليف واكسب أكثر مع تميّز!

لا داعي للقلق من تراكم المصاريف، مع تميّز كل درهم تنفقه يعود إليك بقيمة أكبر!

💰 استرداد نقدي يصل إلى 5 أضعاف مقارنة بكبرى برامج مكافآت البقالة.

💳 استرداد نقدي يصل إلى 10% عند استخدام بطاقة لِف تميّز الائتمانية*.

🏷️ مئات العروض الحصرية المخصصة للأعضاء.

🏆 تميّز تمنحك دائماً المزيد!

*تطبق الشروط والأحكام.

#تعاونية_الاتحاد #العودة_إلى_المدارس #تميّز

Back-to-school shopping adds up fast. With Tamayaz, your cart can go furthe…",https://www.facebook.com/351419630848390/posts/1037836795540000,,8,1,,2.09,1051,0,,13,,1051,1051,1051,
6956546433dd3a43ef0b056d,2026-01-01T11:03:05.612Z,Union Coop تعاونية الاتحاد,page,facebook,Post,"تهانينا للفائز في السحب الأخير بتاريخ 31 ديسمبر!
#النداء_الأخير #عروض_نهاية_العام #تسوق_واربح #تعاونية_الاتحاد 

Congratulations to the winner of the last draw on December 31!
#FinalCall #YearEndDeals #ShopAndWin #Union_Coop",https://www.facebook.com/351419630848390/posts/853943227262692,,8,1,,0.82,2073,0,,8,,2073,2073,2073,
6aa78bd1f11e3ec20f192122,2026-09-14T04:49:13.000Z,Union Coop تعاونية الاتحاد,page,facebook,Story,Media only,https://facebook.com/stories/105286645461691/UzpfSVNDOjE0MDQ5MjIyNTUxNTQ5Nzg=/?view_single=1,,8,,0,,,0,534,,8,,,,542
6a9c14897f566bc3ddb80ce1,2026-09-05T11:20:51.000Z,Union Coop تعاونية الاتحاد,page,facebook,Story,Media only,https://facebook.com/stories/105286645461691/UzpfSVNDOjE2MzY4OTE0NDQ3MjI5OTI=/?view_single=1,,8,,0,,,0,934,,8,,,,975
6a993b0101651063fa940b4f,2026-09-03T09:16:58.227Z,Union Coop تعاونية الاتحاد,page,facebook,Post,"كل يوم، بمستوى أرقى.

استرداد نقدي يصل إلى 10% عند التسوق من تعاونية الاتحاد، في الفروع أو عبر الاونلاين، بالإضافة إلى استرداد نقدي على الوقود والمطاعم مع بطاقة لف تميّز الائتمانية.

استمتع بمكافآت شهرية تصل قيمتها إلى 1,500 درهم، ومكافأة ترحيبية بقيمة 1,000 درهم، ودخول إلى صالات كبار الشخصيات في المطارات حول العالم، وتذاكر سينما ڤوكس، والمزيد من المزايا الاستثنائية.

قدّم طلبك الآن.

*تطبق الشروط والأحكام.

#تعاونية_الاتحاد #لف_تمَيّز 

Your everyday, upgraded.

Earn up to 10% cashback at Union…",https://www.facebook.com/351419630848390/posts/1049959334327746,,8,0,,1.30,923,0,,4,,923,923,923,
6a831b6f7b36f51e130e3385,2026-08-17T13:11:23.000Z,Union Coop تعاونية الاتحاد,page,facebook,Story,Media only,https://facebook.com/stories/105286645461691/UzpfSVNDOjEwNjE2NDgwMDMwMTM2NjQ=/?view_single=1,,8,,0,,,0,810,,8,,,,905
6a76aed45e56827772fed0c8,2026-08-08T06:00:10.899Z,Union Coop تعاونية الاتحاد,page,facebook,Post,"انطلق تحدي «العودة إلى المدارس» ومتسوقونا يشاركوننا الحماس!

فكيف ستكون مشاركتك اليوم؟

تسوق الآن في تعاونية الاتحاد لتحظى بفرصة الفوز!

*تطبق الشروط والأحكام.

#تعاونية_الاتحاد #العودة_إلى_المدارس #جوائز_يومية 

Our shoppers took on the Back-to-School challenge… how would you do? 

Shop now at Union Coop for your chance to win!

*T&Cs apply 

#Union_Coop #BacktoSchool #DailyPrizes",https://www.facebook.com/reel/2199924500928538/,,8,0,,2.26,619,0,,6,,619,619,619,
6a56226c9b291ecfd4083568,2026-07-14T11:50:21.177Z,Union Coop تعاونية الاتحاد,page,facebook,Post,"وجهتكم المفضلة قريباً في أبراج بحيرات جميرا ! 

استعدوا لتجربة استثنائية تمنحكم المزيد من الراحة والمزايا الحصرية، وخيارات التسوق اللامحدودة التي أصبحت الآن أقرب إليكم. 

#تعاونية_الاتحاد

Something fresh is coming to JLT this July! 

Get ready for more convenience, more value, and more choices right at your neighborhood! 

#Union_Coop",https://facebook.com/112240942183815_1008100995180247,,8,0,,1.50,1467,0,,14,,1467,1467,1467,
6a5084355e0a81669a0d7c17,2026-07-10T05:33:54.605Z,Union Coop تعاونية الاتحاد,page,facebook,Post,"الحيلة المثالية للانتعاش هذا الصيف!

سواء كنت متجهاً إلى الشاطئ أو تستعد لجمعة عائلية في عطلة نهاية الأسبوع، فإن طبق الفواكه الصيفية المبرّدة هو الوجبة الخفيفة المثالية للتحضير والغنية بالعصارة.

 أمّنا لكم في تعاونية الاتحاد مخزوناً وفيراً من أفضل أنواع الخوخ والنكتارين والمشمش والكرز الطازج لهذا الموسم.

ما هي الفاكهة الصيفية التي لا غنى لك عنها في يومك الصيفي المثالي؟ 

شاركنا رأيك في التعليقات لدخول السحب والفوز بسلة فواكه صيفية فاخرة من تعاونية الاتحاد!

#تعاونية_الاتحاد

The ultimate summe…",https://www.facebook.com/reel/1343370240584711/,,8,0,,1.06,1317,0,,6,,1317,1317,1317,
6a355fa2c296d4a47300e2b4,2026-06-19T15:27:08.235Z,Union Coop تعاونية الاتحاد,page,facebook,Post,"عطلتك تبدأ من تعاونية الاتحاد!
سواء كنت تستعد لرحلة سفر أو تستمتع بعطلة منزلية مع العائلة، فنحن نوفر لك كل ما تحتاجه لقائمة مستلزمات عطلتك.
من واقيات الشمس ومستلزمات السفر إلى الوجبات الخفيفة المثالية لرحلات الطريق، ستجد كل ما تحتاجه بأسعار لا تُنافس.
#تعاونية_الاتحاد #مستلزمات_العطلة #العطلة_الصيفية 

Whether you’re catching a flight or enjoying a relaxing staycation with the family, we’ve got your holiday checklist covered. 🎒☀️

From sun protection and travel-sized essentials to the perfect r…",https://www.facebook.com/351419630848390/posts/987554580568222,,8,0,,1.87,1394,0,,18,,1394,1394,1394,
69df5307849ce2694b0e9635,2026-04-15T08:57:53.351Z,Union Coop تعاونية الاتحاد,page,facebook,Post,"في الحلقة الرابعة من سلسلة الوصفات الشهيرة: الكافيتريا تنتقل إلى مطبخكم!

 نفس الطعم ونفس المتعة لكن هذه المرة من إعدادكم!

زنجر مقرمش مع صلصة كريمية، وخس طري ملفوف بإتقان، ومحضّر بحب!

كل ما تحتاجونه من مكونات طازجة دائماً متوفرة في تعاونية الاتحاد!

#تعاونية_الاتحاد #وصفات_سهلة #مكونات_طازجة 

In episode 4 of our viral recipe series, we’re bringing your favourite cafeteria meal home.

Crispy zinger, creamy sauce, crunchy lettuce all wrapped to perfection.

Shop the ingredients now at Union Coo…",https://www.facebook.com/reel/1509909493824566/,,8,0,,0.39,3325,0,,5,,3325,3325,3325,
69b44107b71d19e687091ba6,2026-03-13T16:53:36.272Z,Union Coop تعاونية الاتحاد,page,facebook,Post,"تبادلوا هدايا جديدة ومميزة مع أحبائكم في هذا العيد.

اطلبوا سلة فواكه العيد مسبقاً عبر تطبيق تعاونية الاتحاد ببضع نقرات فقط.

واختاروا من بين 5 أحجام مميزة ثم حددوا التاريخ، وتجهوا إلى أقرب فروعنا لاستلامها أو اطلبوا توصيلها مباشرة إلى منزلكم.

سارعوا لبثّ البهجة والفرحة في قلوب الأحبة عبر الطلب من خلال تطبيقنا الذكي. 

#تعاونية_الاتحاد #رمضان2026 #العيد_في_دبي

This Eid, share something fresh and thoughtful.      
                                                                                 …",https://www.facebook.com/reel/2753786271635143/,,8,0,,1.34,893,1,,3,,893,893,893,
69b296ac18245a790100441b,2026-03-12T10:34:32.762Z,Union Coop تعاونية الاتحاد,page,facebook,Post,"لا تدعوا الفرصة الذهبية تفوتكم! 
إنها آخر محاولة لكم للفوز بالجائزة الكبرى عبر سلة رمضان. اشتروا بمبلغ 150 درهم فقط من تعاونية الاتحاد، واحصلوا على فرصة للفوز بسيارة جيتور الفاخرة. فكل عملية شراء تعني فرصة فوز جديدة! 
زوروا أقرب فرع لنا أو تسوقوا بسهولة عبر تطبيقنا الآن.
#تعاونية_الاتحاد #رمضان2026 #رمضان_في_دبي 

In case you missed it, this is your last chance to let your Ramadan basket bring you closer to the big win. Spend AED 150 at Union Coop and receive 1 entry for a chance to win a Jetour…",https://www.facebook.com/reel/34686936044224856/,,8,0,,0.88,1473,1,,4,,1473,1473,1473,
69aaa23dfcd43910d30f8e64,2026-03-06T09:45:44.014Z,Union Coop تعاونية الاتحاد,page,facebook,Post,"لحم ضأن طري مطهو ببطء مع توابل هندية حارة.
ندعوكم للاستمتاع بهذا الطبق الكلاسيكي الشهي من إعداد الشيف ""آشيش كودتاركار"".

المكونات:
لحم ضأن (1 كجم) 4 بصلات مفرومة، 3 طماطم مفرومة، كزبرة طازجة (1 حزمة صغيرة)، غارام ماسالا (3 ملاعق كبيرة)، معجون الزنجبيل والثوم (3 ملاعق كبيرة)، مسحوق الكركم (2 ملاعق كبيرة)، مسحوق الفلفل الحار (2 ملاعق كبيرة)، مسحوق الكزبرة (1 ملعقة كبيرة)، مسحوق الكمون (1 ملعقة كبيرة)، ملح (حسب الرغبة - حوالي 2 ملاعق صغيرة)، زيت الطهي (4 ملاعق كبيرة)

طريقة التحضير:
ينقع لحم الضأن …",https://www.facebook.com/reel/1619557755858304/,,8,0,,0.98,1428,1,,5,,1428,1428,1428,
69d8c5c1dff999504c0aa96d,2026-04-11T06:00:36.698Z,Union Coop تعاونية الاتحاد,page,facebook,Post,"في اليوم العالمي للحيوانات الأليفة نحنفل بأكثر أفراد العائلة بهجة !
ويسرنا التعرف على حيوانك الأليف المفضل.

كيفية المشاركة:

• شارك صورة لحيوانك الأليف في التعليقات
• علق بالإشارة إلى حسابنا @union.coop 
• استخدم هاشتاج #MyunioncoopPet

سيحص الفائز على سلة من أغذية الحيوانات الأليفة. تنتهى المشاركة في 14 أبريل
تطبق الشروط والأحكام.
#تعاونية_الاتحاد #طعام_الحيوانات_الأليفة

It's National Pet Day and we want to meet your furry family member.                                                        …",https://www.facebook.com/351419630848390/posts/931246879532326,,7,9,,1.36,1613,0,,6,,1613,1613,1613,
6a9ff3c95ad94faf1011cb8d,2026-09-08T11:38:55.656Z,Union Coop تعاونية الاتحاد,page,facebook,Post,"عروضنا الحصرية تستحق أن تغتنمها بكلتا يديك.

تتوفر الآن مئات المنتجات بأسعار مخفضة.

تستمر الخصومات حتى 13 سبتمبر! 

سارعوا للاستفادة منها الآن.

#تعاونية_الاتحاد #العودة_إلى_المدارس 

Some deals are worth reaching for with both hands. 🎒🙌

Hundreds of products are now on offer, with discounts live until 13th September!

#Union_Coop #BackToSchool",https://www.facebook.com/reel/1987043705335584/,,7,1,,1.03,973,0,,2,,973,973,973,
6a78dd9fb179dbc029dd0217,2026-08-09T20:02:14.000Z,Union Coop تعاونية الاتحاد,page,facebook,Post,"عشاق القهوة المختصة، موعدكم مع أورورا! 

ندعوكم لتذوق القهوة الأصلية واكتشاف النكهات الإستثنائية في المقهى المؤقت داخل فرع تعاونية الاتحاد في اتحاد مول.

🗓️ الفترة: من 10 إلى 22 أغسطس 2026، من الساعة 10:00 صباحًا حتى 10:00 مساءً

📍 الموقع:  اتحاد مول

#تعاونية_الاتحاد #اتحاد_مول #سبيشاليتي_كافيه #قهوة_أورورا #مقهى_مؤقت

Aurora Specialty Coffee is here!

Visit the pop-up inside Union Coop at Etihad Mall and enjoy expertly crafted specialty coffee from 10 to 22 August 2026.

📍 Etihad Mall, insi…",https://www.facebook.com/351419630848390/posts/1029615313028815,,7,1,,1.79,896,0,,8,,896,896,896,
6a77f2cd092a3b48a2422dbb,2026-08-06T11:08:04.000Z,Union Coop تعاونية الاتحاد,page,facebook,Post,Media only,https://www.facebook.com/photo.php?fbid=1026776699979343&set=a.243999601590394&type=3,,7,1,,100.00,8,0,,0,,8,8,8,
6a6073c64f8c1216260e5b5e,2026-07-22T07:40:08.354Z,Union Coop تعاونية الاتحاد,page,facebook,Post,"حوّل مشترياتك الأسبوعية إلى 1,000,000 نقطة بهذه الخطوات السهلة. 👇

🛒 تسوّق في أي فرع من تعاونية الاتحاد (الحد الأدنى للإنفاق 200 درهم).

📲 امسح بطاقة تميّز الرقمية عند الدفع.

🎉 أصبحتَ رسمياً ضمن سحب يوم الاثنين!

نصيحة ذكية: كلما زادت قيمة مشترياتك، زادت فرصك في الفوز.

#تعاونية_الاتحاد #مليونير_تميّز 

Turning your weekly groceries into 1,000,000 points is this easy. 👇

🛒 Shop at any Union Coop store (Minimum spend of D200).

📲 Scan your digital Tamayaz ID at check-out.

 🎉 You are off…",https://www.facebook.com/351419630848390/posts/1014246297899050,,7,1,,3.59,1309,0,,39,,1309,1309,1309,
6a4f6eda0aa69e836f0347d5,2026-07-09T09:50:28.035Z,Union Coop تعاونية الاتحاد,page,facebook,Post,"8 مباريات و8 توقعات أخرى، أي أن فرصتك للفوز بسيارة Jetour T2 الجديدة كلياً تبعد عنك 10 أيام فقط.
افتح تطبيق تعاونية الاتحاد وأرسل توقعاتك للمباريات، واحجز مكانك قبل صافرة النهاية.

من منكم المحترف الحقيقي في كرة القدم؟

#تعاونية_الاتحاد #جيتورT2 #كأس_العالم_2026 

10 days to go and 8 matches left this FIFA World Cup. This means you have 8 more predictions to bring you closer to winning a Jetour T2. Open your Union Coop app, submit your match predictions, and secure your entries before the final …",https://www.facebook.com/351419630848390/posts/1004179448905735,,7,1,,1.09,1376,1,,6,,1376,1376,1376,
69f88617fcb0839639424399,2026-04-07T09:26:49.000Z,Union Coop تعاونية الاتحاد,page,facebook,Post,Media only,https://www.facebook.com/photo.php?fbid=928416129815401&set=a.243999608257060&type=3,,7,1,,5.22,9749,0,,501,,9749,9749,9749,
6aa78bd1f11e3ec20f19211c,2026-09-14T04:50:06.000Z,Union Coop تعاونية الاتحاد,page,facebook,Story,Media only,https://facebook.com/stories/105286645461691/UzpfSVNDOjk5ODY0OTI5MzE5MTU5OQ==/?view_single=1,,7,,0,,,0,444,,7,,,,444
6aa78bd1f11e3ec20f192115,2026-09-14T04:49:24.000Z,Union Coop تعاونية الاتحاد,page,facebook,Story,Media only,https://facebook.com/stories/105286645461691/UzpfSVNDOjkxOTkyMjQ3NDEyNDIxMQ==/?view_single=1,,7,,0,,,0,490,,7,,,,490
6aa78bd1f11e3ec20f192113,2026-09-14T04:50:10.000Z,Union Coop تعاونية الاتحاد,page,facebook,Story,Media only,https://facebook.com/stories/105286645461691/UzpfSVNDOjE4MTY1MTYyNzk1MTg3NjU=/?view_single=1,,7,,0,,,0,435,,7,,,,434
6a9ed4e67a4fea90083ae154,2026-09-07T15:14:53.832Z,Union Coop تعاونية الاتحاد,page,facebook,Post,"عبق الدخون يروي حكاية من تراثنا الإماراتي.

نسترجع معكم لحظات مميزة من ورشة صناعة الدخون، حيث اجتمعنا للاحتفاء بيوم المرأة الإماراتية والنساء اللواتي يواصلن الحفاظ على هذه الحرفة الجميلة.

 #تعاونية_الاتحاد

Bukhoor blended, bottles filled, and Emirati heritage brought to life.

A look back at the Dukhoon Workshop, where we came together to celebrate Emirati Women’s Day and the women who keep this beautiful craft alive.

#Union_Coop",https://www.facebook.com/reel/3041894666016124/,,7,0,,0.80,1002,0,,1,,1002,1002,1002,
6a9ac2b154048f3f22e676c8,2026-09-05T07:00:40.157Z,Union Coop تعاونية الاتحاد,page,facebook,Post,"مقرمش وهشّ وغنيّ بنكهة صلصة سيزر. 

ساندويتش الدجاج بصلصة سيزر الذي أصبح حديث الناس، مثالي لعلب الغداء والوجبات العائلية السهلة.

لقد جعلنا لكم استعدادات العودة إلى المدرسة أسهل من أي وقت مضى.

#تعاونية_الاتحاد #العودة_إلى_المدارس

Crispy, crunchy, and packed with Caesar flavour. 🥪

The viral chicken Caesar sandwich, perfect for lunchboxes and easy family meals.

Your back-to-school prep made easy.

#Union_Coop #BackToSchool",https://www.facebook.com/reel/1519204076891412/,,7,0,,0.51,1581,0,,1,,1581,1581,1581,
6a9296956db835054903b57a,2026-08-29T08:14:52.000Z,Union Coop تعاونية الاتحاد,page,facebook,Story,Media only,https://facebook.com/stories/105286645461691/UzpfSVNDOjE0MDAyOTc1ODUzOTg2OTE=/?view_single=1,,7,,0,,,0,963,,7,,,,1114
6a8deb34ca998268e5a01690,2026-08-25T18:59:34.000Z,Union Coop تعاونية الاتحاد,page,facebook,Story,Media only,https://facebook.com/stories/105286645461691/UzpfSVNDOjE4MTg0OTk4ODkxMTU5OTU=/?view_single=1,,7,,0,,,0,651,,7,,,,700
6a847531ed11f974a5caf8c0,2026-08-18T15:05:45.000Z,Union Coop تعاونية الاتحاد,page,facebook,Post,"موسم العودة إلى المدارس في أوجّه، ومعه جوائز يومية مميزة ومليون نقطة من تميّز بانتظار فائز كل أسبوع! كل ما عليكم فعله هو التسوّق بقيمة 200 درهم، واستخدام بطاقة تميّز الرقمية عند الدفع، لتتأهلوا تلقائياً لدخول السحب.

#تعاونية_الاتحاد #العودة_إلى_المدارس #جوائز_أسبوعية #جوائز_يومية 

We've made an interesting note for you. Back-to-school is in full season, matched with big prizes every day and 1 Million Tamayaz Points up for grabs every week. All you have to do is shop for AED 200 and scan your d…",https://www.facebook.com/reel/1678116683293074/,,7,0,,0.53,1694,0,,2,,1694,1694,1694,
6a7af2ef28a7bdb6ad3b3155,2026-08-10T17:45:26.000Z,Union Coop تعاونية الاتحاد,page,facebook,Story,Media only,https://facebook.com/stories/105286645461691/UzpfSVNDOjEwNzIzOTg4NTIyMDUyNTk=/?view_single=1,,7,,0,,,0,485,,7,,,,483
6a631b8f6eca015cb505d9f2,2026-07-24T09:00:54.710Z,Union Coop تعاونية الاتحاد,page,facebook,Post,"استمتعوا بتجربة مستقبل القيادة المستدام مع فينفاست في اتحاد مول!

وتعرفوا على أحدث التصاميم والتكنولوجيا المبتكرة للسيارات الكهربائية، مع تجربة قيادة مجانية.

رحلة استثنائية تقدمها فينفاست والطاير للسيارات، بالشراكة مع تعاونية الاتحاد.

📍 اتحاد مول

📅 حتى 30 يوليو

تفضلوا بزيارتنا اليوم واكتشفوا عالم فينفاست الفريد بأنفسكم!

#تعاونية_الاتحاد #فينفاست

Experience the future of driving with VinFast at Etihad Mall.

Explore the latest models, discover innovative EV technology, and enjoy a complim…",https://www.facebook.com/reel/1591095819353063/,,7,0,,0.31,2939,0,,2,,2939,2939,2939,
6a6220f42d2dfe68b101ad8b,2026-07-23T14:11:06.517Z,Union Coop تعاونية الاتحاد,page,facebook,Post,"في ختام أجواء كأس العالم 2026 نبارك للفائزة بالجائزة الكبرى ""بدرية عبدالله محمد"" فوزها بسيارة «جيتور T2» الجديدة!

ويسعدنا إعلام الجميع أن الإثارة لم تنتهِ بعد! 

ابقوا معنا وتابعوا السحوبات الأسبوعية على ""مليونير تميز""، والمزيد من المفاجآت القادمة قريباً في مكانكم المفضل للتسوق، تعاونية الاتحاد.

#تعاونية_الاتحاد #جوائز_كبرى #جيتور_تي2

We have our own big World Cup 2026 winner too. Congratulations to Badreya Abdulla Mohammad, who is driving away with our Grand Prize. A Jetour T2. To everyone e…",https://www.facebook.com/reel/1487653909780269/,,7,0,,0.78,1151,0,,2,,1151,1151,1151,
6a54e31de10a013a1d086a61,2026-07-13T13:07:47.208Z,Union Coop تعاونية الاتحاد,page,facebook,Post,"مفاجأة رائعة في انتظاركم غداًً.

لا تفوتوا خصم 50٪ وأكثر على مجموعة جديدة من المنتجات، حصرياً لحاملي بطاقة تميّز.

* فقط في فروع تعاونية الاتحاد.
* فعّل عروضك عبر تطبيق تميّز.
تتجدّد العروض كل يوم ثلاثاء حتى نفاذ الكمية.

#تعاونية_الاتحاد #تميّز

Something exciting is coming tomorrow 👀🛒

Stay tuned for 50% OFF & more on a new selection of products, exclusively for Tamayaz members.

📍 In-store only
📲 Activate your offers in the Tamayaz app
⏳ New deals every Tuesday, while stocks last

#Tamaya…",https://www.facebook.com/351419630848390/posts/1007377311919282,,7,0,,1.44,1250,0,,11,,1250,1250,1250,
6a50a04033f50533aa0ef384,2026-07-10T11:00:39.765Z,Union Coop تعاونية الاتحاد,page,facebook,Post,"وفر أكثر وتسوّق بذكاء!

توقف قليلاً واستكشف تشكيلتنا الواسعة من المنتجات الرائعة بأسعار مذهلة تتراوح بين  5 و10 و15 درهم فقط في تعاونية الاتحاد. 

خطط لمشترياتك واحتياجاتك الأسبوعية بكل سهولة، ووفر وقتك وجهدك قبل وصولك إلى ممراتنا!

العروض سارية حتى 22 يوليو.

لا تفوت الفرصة وتفضل بزيارتنا اليوم!

#تعاونية_الاتحاد #حياة_دبي 

Pause to explore the 5, 10, and 15 AED ranges at Union Coop. Building your weekly grocery list is simpler when you know exactly what to expect before you even reach the ais…",https://www.facebook.com/reel/1718421819068728/,,7,0,,0.28,2889,0,,1,,2889,2889,2889,
6a3cde44245a3641d700f5c8,2026-06-25T07:53:02.921Z,Union Coop تعاونية الاتحاد,page,facebook,Post,"نعم، قرأت الخبر بشكل صحيح تماماَ!
مليون نقطة من تميّز تساوي 16,700 درهم مما يعني حرفياً 5 أجهزة آيفون جديدة كلياً.
كيف تفوز؟ الأمر بسيط جداً!
أنفق 200 درهم أو أكثر وامسح بطاقة تميّز الرقمية عند الدفع وانتظر كل يوم اثنين لتجدد فرصتك بالفوز أسبوعياً!
الجائزة حقيقية، والفوز ممكن!
تطبق الشروط والأحكام*.

#تعاونية_الاتحاد #مليونيز_تميّز  #اثنين_المليونير

Yes, you read that right.  1,000,000 Tamayaz points could be yours, and they are worth up to AED 16,700*! That’s literally five brand-new iPhones. …",https://facebook.com/112240942183815_992230176767329,,7,0,,5.48,529,0,,22,,529,529,529,
6a33b7bc0409e5b793026b94,2026-06-18T09:17:56.594Z,Union Coop تعاونية الاتحاد,page,facebook,Post,"لأن الأب يستحق الأفضل، أصبح تسوق عيد الأب أكثر مكافأة!

اختاروا له الهدية المثالية من تعاونية الاتحاد من مستلزمات العناية الشخصية إلى الأجهزة الذكية. تسوقوا واكسبوا فرصاً إضافية للفوز بـ 1,000,000 نقطة من تميز! كل عملية شراء تقربكم أكثر من الفوز! 
العرض سارٍ من 18 حتى 21 يونيو 2026.
امسحوا بطاقة تميّز الرقمية عند الدفع وضاعفوا فرص الفوز!
كلما تسوقتم أكثر، زادت فرصكم بالفوز لتصبحوا مليونير تميز القادم.

#مليونير_تميّز #تعاونية_الاتحاد #عيد_الأب #تميّز 

Father’s Day shopping just got rewarding. �…",https://www.facebook.com/351419630848390/posts/986528774004136,,7,0,,1.53,1113,0,,10,,1113,1113,1113,
6a01fd2cf1434ef063439370,2026-05-11T15:59:01.000Z,Union Coop تعاونية الاتحاد,page,facebook,Post,"أغلقت  تعاونية الاتحاد الربع الأول من عام 2026 بتحقيق نمو مالي مطّرد.

* إجمالي الإيرادات: 676 مليون درهم  (+14%)
* الأرباح بعد الضرائب: 102 مليون درهم  (+3%)
* نمو في مبيعات التجارة الإلكترونية تجاوز 45%
* نمو في عدد العملاء بنسبة 8%
حيث شهدت الإيرادات ارتفاعاً في الربع الأول من عام 2026، مع تواصل النمو في الأرباح ومبيعات التجارة الإلكترونية وتوسّع قاعدة العملاء.

#تعاونية_الاتحاد #الربع_الأول  #2026",https://www.facebook.com/reel/1342758434407912/,,7,0,,0.61,1647,0,,3,,1647,1647,1647,
69d0e9bc41945f0b790505d6,2026-04-04T10:36:54.557Z,Union Coop تعاونية الاتحاد,page,facebook,Post,"لأن يوم الجزر العالمي يستحق الاحتفال، ندعوكم في تعاونية الاتحاد إلى تجربة أجود الجزر الطازج المستورد من عمان وتركيا، والكبير بالحجم والسهل التقشير!
 من سلطاتكم الصحية إلى وجباتكم اللذيذة، شاركونا كيف تتناولونه عادةً. 

#تعاونية_الاتحاد #يوم_الجزر

Celebrate International Carrot Day with the freshest picks from Union Coop! Sourced from Oman and Turkey, naturally larger and
easier to peel! 

From snacks to salads, carrots make every bite wholesome and delicious.
How do you enjoy yours? Comment bel…",https://www.facebook.com/reel/1338501524778215/,,7,0,,0.54,2615,1,,6,,2615,2615,2615,
69a199cfca5f919305477d3d,2026-02-27T13:18:02.000Z,Union Coop تعاونية الاتحاد,page,facebook,Post,".
من دعم العائلات بسلال التعاونية المزوّدة بكل المستلزمات الأساسية، إلى تقديم وجبات الإفطار ومشاركة بطاقات خيرات، وصولاً إلى التبرع عبر المنصات الخيرية المتوفرة داخل فروعنا، أو حتى توفير المياه للمصلين في جواركم. كل مساهمة منكم تعزز قيم الرحمة والعطاء في مجتمعنا خلال الشهر الفضيل.

تصفحوا الصور للتعرف على طرق عديدة ومفيدة لتكونوا جزءاً من روح رمضان.
#تعاونية_الاتحاد #تميّز #رمضان2026 #رمضان_الخير#بركات_رمضانالرعاية_المجتمعيةروح_رمضانرمضان_في_دبي

This Ramadan, every act of giving makes a differe…",https://www.facebook.com/351419630848390/posts/898486279475053,,7,0,,2.58,2485,1,,56,,2485,2485,2485,
6a86d4c257d6a3d83ed87967,2026-08-20T10:19:55.579Z,Union Coop تعاونية الاتحاد,page,facebook,Post,"انضموا إلينا لتجربة تذوق التوت مجاناً بالتعاون مع سان لوكار ودول، واستمتعوا بأجمل نكهات الصيف الطازجة والمنعشة، مع تجربة جديدة كل يوم في فرع مختلف من فروع تعاونية الاتحاد.

📍 21 أغسطس: البرشاء مول

📍 22 أغسطس: اتحاد مول

📍 23 أغسطس: ند الشبا مول

📍 24 أغسطس: موتور سيتي

📍 25 أغسطس: الخوانيج مول

📍 26 أغسطس: الورقاء سيتي مول

🕓 من 4:00 مساءً إلى 7:00 مساءً

نراكم في أقرب فرع لتعاونية الاتحاد إليكم! 🍓🫐

#العودة_إلى_المدارس  #تعاونية_الاتحاد

Join us for our FREE Berry Tasting with SanLuca…",https://www.facebook.com/351419630848390/posts/1038432268813786,,6,2,,2.43,1358,1,,24,,1358,1358,1358,
6a70732002768862670c2039,2026-08-03T10:53:27.403Z,Union Coop تعاونية الاتحاد,page,facebook,Post,"موسم العودة إلى المدارس بدأ! 

تسوق بقيمة 200 درهم، وامسح بطاقة تميز الرقمية عند الدفع لتسجيل حضورك في السحب
واكتساب مزايا حصرية!

#تعاونية_الاتحاد#العودة_إلى_المدارس #جوائز_يومية #جوائز_أسبوعية

Back-to-school shopping is officially back. Get much more for your shopping.

Shop for AED 200 to enter the draw and scan your digital Tamayaz ID at checkout. 

#Union_Coop #BacktoSchool #DailyPrizes #WeeklyPrizes",https://www.facebook.com/reel/1045586618446531/,,6,2,,0.89,1348,1,,3,,1348,1348,1348,
6a30d902d64f8e3fea005e17,2026-06-16T05:30:15.525Z,Union Coop تعاونية الاتحاد,page,facebook,Post,"أعلى مستويات تحقيق الأحلام هي أن تشتري مستلزماتك اليومية من تعاونية الاتحاد وتخرج بمفتاح منزل العمر!
هذا لا يعني أن شراء احتياجاتك الأسبوعية سيمنحك منزلاً على الفور، ولكن مع وجود 12 شقة متاحة للفوز بها، قد يصبح الحلم حقيقة.
ماذا لو كان هذا الأمر إشارة لك لشراء وجبة خفيفة إضافية لتتجاوز حاجز ال 500 درهم.
 . أنفق 500 درهم أو أكثر في أي فرع من تعاونية الاتحاد أو المتاجر المشاركة في فروعنا.
 . امسح إيصالك ضوئياً.
 . تابعنا لمعرفة ما إذا كنت أحد الفائزين المحظوظين.
ما أول شيء ستشتريه لشقتك الجديدة؟
ش…",https://www.facebook.com/351419630848390/posts/984762467514100,,6,2,,1.50,1134,0,,9,,1134,1134,1134,
6aacf482f05c8fb882bf4770,2026-09-18T08:21:36.820Z,Union Coop تعاونية الاتحاد,page,facebook,Post,"أثناء التسوق قد تضيّع العدّ بين أول منتج لا يمكنك الاستغناء عنه وثالث منتج اشتريته، لكن تميّز لا يفقد قدرته على الحساب أبداً.

فكل عملية تسوق معه تعني قيمة أكبر ومكافآت أكثر وأسباباً تجعلك تعود دائماً.

حمّل تطبيق تعاونية الاتحاد وابدأ رحلتك مع عضوية تميّز اليوم.

#تعاونية_الاتحاد #تميّز

Somewhere between the first essential and the third “might as well get it,” you stopped counting. Tamayaz didn’t.

With Tamayaz, every shop comes with more value, more rewards and more reasons to keep coming ba…",https://www.facebook.com/351419630848390/posts/1062566569733689,,6,1,,2.03,1183,0,,17,,1183,1183,1183,
6a912b8a1562ef40ec929695,2026-08-28T08:00:21.835Z,Union Coop تعاونية الاتحاد,page,facebook,Post,"🎒 أفكار صحية لوجبات أطفالكم 💚

اجعلوا وجبات أطفالكم المدرسية بسيطة، شهية ومغذية!

زورونا في تعاونية الاتحاد وتذوّقوا مع ريف لأفكار شهية لوجبات أطفالكم.

📍 اتحاد مول والبرشاء مول
📅 29 و30 أغسطس 
⏰ 11 صباحًا – 3 مساءً | 5 مساءً – 8 مساءً

#تعاونية_الاتحاد #العودة_إلى_المدارس

🎒 Healthy Lunchbox Ideas 💚

Make school lunches simple, tasty & nutritious!

Join us at Union Coop and taste with REEF for tasty ideas for your child’s lunchbox.

📍 Etihad Mall & Al Barsha Mall
📅 29 & 30 August
⏰ 11 A…",https://www.facebook.com/351419630848390/posts/1044980534825626,,6,1,,1.81,885,0,,9,,885,885,885,
6a8a7eed00f9c24c6beea863,2026-08-23T06:00:16.528Z,Union Coop تعاونية الاتحاد,page,facebook,Post,"حلاوة طبيعية بطعم الشوكولاتة اللذيذة، وبقيمة غذائية عالية. 

وجبة ما بعد الظهر الخفيفة الأمثل في أيام الدوام المدرسي.

 احصل على كل ما تحتاجه لتحضيرها من @union.coop 

#تعاونية_الاتحاد #العودة_إلى_المدارس

Naturally sweet, chocolatey and packed with goodness – the perfect little afternoon snack for back-to-school days. 

Pick up everything you need from @union.coop 

#Union_Coop #BackToSchool",https://www.facebook.com/reel/2241598930024286/,,6,1,,0.78,1281,0,,3,,1281,1281,1281,
6a79f61da1b534f99e6379aa,2026-08-10T16:02:46.853Z,Union Coop تعاونية الاتحاد,page,facebook,Post,"In H1 of 2026, Union Coop’s numbers tell one story: more, done right. 

AED 1.27B Total Revenue (+9.90%)
AED 191.3M Profit Before Tax
AED 173.7M Profit After Tax
+40% E-commerce Growth
Revenue grew in H1 2026, with exceptional growth in e-commerce and growing shopper confidence.

#Union_Coop #H1",https://www.facebook.com/reel/2003606850341130/,,6,1,,1.74,631,0,,4,,631,631,631,
6a6f30244048b975a90fa3ad,2026-08-02T11:55:46.902Z,Union Coop تعاونية الاتحاد,page,facebook,Post,Media only,https://www.facebook.com/351419630848390/posts/1023447696978910,,6,1,,8.83,2140,1,,181,,2140,2140,2140,
6aa78bd1f11e3ec20f192120,2026-09-14T04:49:41.000Z,Union Coop تعاونية الاتحاد,page,facebook,Story,Media only,https://facebook.com/stories/105286645461691/UzpfSVNDOjI1NDE0Mjk0Mjk2NTg2MTE=/?view_single=1,,6,,0,,,0,473,,6,,,,473
6aa78bd1f11e3ec20f19211e,2026-09-14T04:49:55.000Z,Union Coop تعاونية الاتحاد,page,facebook,Story,Media only,https://facebook.com/stories/105286645461691/UzpfSVNDOjE1ODg4OTA1ODI2NDQ4NzE=/?view_single=1,,6,,0,,,0,451,,6,,,,452
6aa78bd1f11e3ec20f192119,2026-09-14T04:49:52.000Z,Union Coop تعاونية الاتحاد,page,facebook,Story,Media only,https://facebook.com/stories/105286645461691/UzpfSVNDOjE1OTg3MzM3MDE5MjQwNjU=/?view_single=1,,6,,0,,,0,463,,6,,,,459
6aa78bd1f11e3ec20f192117,2026-09-14T04:50:21.000Z,Union Coop تعاونية الاتحاد,page,facebook,Story,Media only,https://facebook.com/stories/105286645461691/UzpfSVNDOjEzOTA1NDQ5MDI3Mzg2Mzk=/?view_single=1,,6,,0,,,0,430,,6,,,,436
6aa3913891d71cc2bb8d604e,2026-09-11T04:59:36.000Z,Union Coop تعاونية الاتحاد,page,facebook,Story,Media only,https://facebook.com/stories/105286645461691/UzpfSVNDOjExMTAzODM3OTEzNDI2NjU=/?view_single=1,,6,,0,,,0,925,,6,,,,961
6aa23c3d12b5e58076abede8,2026-09-10T04:46:36.000Z,Union Coop تعاونية الاتحاد,page,facebook,Story,Media only,https://facebook.com/stories/105286645461691/UzpfSVNDOjE4MDA5MzEyODgwMDI3OTg=/?view_single=1,,6,,0,,,0,1095,,6,,,,1200
6a9e919cdf8b5033ae079b1c,2026-09-07T08:12:18.000Z,Union Coop تعاونية الاتحاد,page,facebook,Story,Media only,https://facebook.com/stories/105286645461691/UzpfSVNDOjE0NTI3NjYzNTMzNjE5MzM=/?view_single=1,,6,,0,,,0,302,,6,,,,317
6a99135468b124eb93d5be88,2026-09-03T06:23:11.000Z,Union Coop تعاونية الاتحاد,page,facebook,Story,Media only,https://facebook.com/stories/105286645461691/UzpfSVNDOjIxNDkyODQ0ODI2NTIyODA=/?view_single=1,,6,,0,,,0,587,,6,,,,640
6a914270346a7fad55967d23,2026-08-28T07:37:39.000Z,Union Coop تعاونية الاتحاد,page,facebook,Story,Media only,https://facebook.com/stories/105286645461691/UzpfSVNDOjIzNjI5NTU0MDQ1MDc4MTY=/?view_single=1,,6,,0,,,0,347,,6,,,,377
6a8fdc6cd1707ef23c634298,2026-08-27T06:43:04.011Z,Union Coop تعاونية الاتحاد,page,facebook,Post,"🍓 تجربة تذوّق مجانية من توت دريسكولز الطازج بانتظاركم!

🫐انضموا إلينا لتجربة مليئة بالتوت الشهي واكتشفوا المذاق الطازج والمميز .

29–30 أغسطس | 4 مساءً–11 مساءً

📍 البرشاء مول، الاتحاد مول، ند الشبا مول والخوانيج مول.

 زورونا، تذوّقوا نكهاتكم المفضلة واستمتعوا بروعة التوت!

#تعاونية_الاتحاد #دريسكولز

🍓 Driscoll’s Free Berry Tasting is here! 🫐

Join us for a delicious berry-filled experience and discover the fresh, premium taste of Driscoll’s berries.

29–30 August | 4 pm–11 pm

📍 Al Bars…",https://www.facebook.com/351419630848390/posts/1044107398246273,,6,0,,2.14,935,0,,14,,935,935,935,
6a85efc47872fee2a309d568,2026-08-19T16:36:20.000Z,Union Coop تعاونية الاتحاد,page,facebook,Story,Media only,https://facebook.com/stories/105286645461691/UzpfSVNDOjEwMzEzMjA5NjYxNzA1NjA=/?view_single=1,,6,,0,,,0,693,,6,,,,760
6a85efc47872fee2a309d560,2026-08-19T16:36:57.000Z,Union Coop تعاونية الاتحاد,page,facebook,Story,Media only,https://facebook.com/stories/105286645461691/UzpfSVNDOjE1ODE3OTExODAxNTc3ODU=/?view_single=1,,6,,0,,,0,169,,6,,,,170
6a8148c3d980a476ddcb88e2,2026-08-16T06:00:25.658Z,Union Coop تعاونية الاتحاد,page,facebook,Post,"استقبلوا  العام الدراسي بإطلالة أنيقة! 

تسوّقوا أحدث أزياء العودة إلى المدرسة من متجر «جاشنمال» المؤقت في اتحاد مول، والعروض مستمرة حتى نهاية سبتمبر.

#تعاونية_الاتحاد #اتحاد_مول #جاشنمال

Show up to class in style with the coolest back-to-school finds. Visit the Jashanmal pop-up at Etihad Mall and explore the latest offers until the end of September.

#Union_Coop #EtihadMall #Jashanmal",https://www.facebook.com/reel/1540359340513230/,,6,0,,0.46,1733,0,,2,,1733,1733,1733,
6a7ec7cc38bef58b36cb9a6d,2026-08-14T07:38:38.000Z,Union Coop تعاونية الاتحاد,page,facebook,Story,Media only,https://facebook.com/stories/105286645461691/UzpfSVNDOjE1ODk4NjcwMTkzNjI2MzE=/?view_single=1,,6,,0,,,0,895,,6,,,,963
6a7d72ff7034fe3d09eb83ac,2026-08-13T06:34:21.000Z,Union Coop تعاونية الاتحاد,page,facebook,Story,Media only,https://facebook.com/stories/105286645461691/UzpfSVNDOjI1NzYzNjIzMjYxMDk4MDk=/?view_single=1,,6,,0,,,0,699,,6,,,,767
6a79f78a7dff2ea6aa6bae69,2026-08-10T16:08:50.775Z,Union Coop تعاونية الاتحاد,page,facebook,Post,"في النصف الأول من عام 2026، تعكس أرقام تعاونية الاتحاد قصة واضحة: المزيد من الإنجاز، ومزيدٌ قادم.

* 1.27 مليار درهم إجمالي الإيرادات (+9.90%)
* 191.3 مليون درهم الأرباح قبل الضريبة
* 173.7 مليون درهم الأرباح بعد الضريبة
* +40% نمو في التجارة الإلكترونية

شهدت الإيرادات نمواً خلال النصف الأول من عام 2026، بالتوازي مع ارتفاع ونمو في التجارة الإلكترونية، وتعزيز ثقة المتسوقين.

#تعاونية_الاتحاد #نتائج_النصف_الأول_لعام_2026",https://www.facebook.com/reel/1755922235611809/,,6,0,,1.37,583,0,,2,,583,583,583,
6a5744a01a96ab3b7c0322ee,2026-07-15T09:00:30.654Z,Union Coop تعاونية الاتحاد,page,facebook,Post,"لكلٍ منا عاداته الصغيرة التي لا يكتمل يومه بدونها، لكن هناك عادة واحدة فقط يمكنها أن تحول رحلتك لشراء احتياجاتك اليومية إلى مليون نقطة من تميّز.

 دلل نفسك بتلك الوجبة الخفيفة الإضافية، وامسح بطاقة تميّز الرقمية الخاصة بك عند الدفع لتحصل على فرصة للمشاركة في سحب يوم الاثنين المقبل. 

#تعاونية_الاتحاد #مليونير_تميّز 

We all have those little daily habits. 😉

But only one of them can turn your grocery run into a million Tamayaz points. Treat yourself to that extra snack, scan your digital Tamaya…",https://www.facebook.com/351419630848390/posts/1008820371774976,,6,0,,1.04,1157,0,,6,,1157,1157,1157,
6a4e6610d9b5e8f3d1099800,2026-07-08T15:02:29.220Z,Union Coop تعاونية الاتحاد,page,facebook,Post,"أصبح الربح عند تسوق المواد الغذائية أسهل مما تتخيل.

استخدم بطاقة لف تميّز الائتمانية في تعاونية الاتحاد واحصل على استرداد نقدي يصل إلى 10% يضاف مباشرةً إلى حسابك.

 اضغط على الصورة ومرر للأسفل واكتشف مدى سهولة الاستفادة القصوى من مشترياتك واحتياجاتك اليومية.

#تعاونية_الاتحاد #تميّز #لِف

Earning on your groceries is simpler than you think. ✨

Use your LIV x Tamayaz card at Union Coop and get up to 10% cashback straight to your account. Hold, scroll, and see how easy it is to get more out of yo…",https://facebook.com/112240942183815_1003577765632570,,6,0,,1.30,1307,0,,11,,1307,1307,1307,
6a2700937e94158400b4bfbf,2026-06-08T17:47:50.000Z,Union Coop تعاونية الاتحاد,page,facebook,Post,".
اللعبة بدأت… والعروض أيضاً! 
استعدوا لـ 10 أيام من التوفير المذهل من 8 إلى 17 يونيو. 
زوروا أقرب فرع اليوم أو تسوقوا بكل سهولة عبر تطبيق تعاونية الاتحاد!
#تعاونية_الاتحاد #كأس_العالم

The ball's rolling… and so are the offers!
Ready, set, SAVE. 10 days of epic deals you can't miss from 8 to 17 June . Drop in-store or shop online today at Union Coop!
#Union_Coop #WorldCup",https://www.facebook.com/351419630848390/posts/978573931466287,,6,0,,2.76,1630,0,,39,,1630,1630,1630,
6a01ff5396716dc6558d6858,2026-05-11T16:02:36.000Z,Union Coop تعاونية الاتحاد,page,facebook,Post,"Union Coop closes Q1 2026 with steady financial growth.

* AED 676M Total Revenue (+14%)
* AED 102M Net Profit after tax (+3%)
* Over 45% E-commerce growth
* +8% Customer Growth

Revenue increased in Q1 2026, with continued growth across profit, e-commerce, and customer base.

#UnionCoop #Q1  #2026",https://www.facebook.com/reel/2418363745334685/,,6,0,,0.97,1966,1,,12,,1966,1966,1966,
69931ed2979aa0f2df0d3157,2026-02-16T13:42:51.369Z,Union Coop تعاونية الاتحاد,page,facebook,Post,".
🎁 بطاقة خيرات… هدية رمضان المثالية 🌙
شارِك الخير في هذا الشهر الفضيل، متوفرة الآن في جميع فروع تعاونية الاتحاد.
#رمضان #رمضان_في_دبي #هدايا_رمضان #بطاقة_خيرات #تعاونية_الاتحاد

🎁 The Perfect Ramadan Gift 🌙
Share goodness this holy month with the Khairaat Card, now available at all Union Coop stores.
#Ramadan #RamadanInDubai #DubaiRamadan #RamadanGifts #KhairaatCard #Union_Coop",https://www.facebook.com/351419630848390/posts/889609730362708,,6,0,,2.18,1287,0,,22,,1287,1287,1287,
6985d68c91f6428e2a086df1,2026-02-06T11:55:08.656Z,Union Coop تعاونية الاتحاد,page,facebook,Post,"مساحة أوسع وخيارات تقنية أبعد!
يسرّ تعاونية الاتحاد، فرع ند الشبا مول إعلانها عن قسم الإلكترونيات بحلّته الجديدة، بمساحة أكبر وتشكيلة أوسع من أحدث الأجهزة.
اكتشف كل ما هو مواكب للعصر فقط في تعاونية الاتحاد.
#تعاونية_الاتحاد #خيارات_تقنية #جديدنا_في_المتجر 

More room to browse and more tech to choose from!
The electronics area at Union Coop Nad Al Sheba Mall is now bigger, with a wider range waiting for you.
Discover today!
#Union_Coop #TechFinds #NewInStore",https://facebook.com/112240942183815_881144484542566,,6,0,,1.30,2072,0,,21,,2072,2072,2072,
6979f1da7b541d035f0189e7,2026-01-28T11:24:21.090Z,Union Coop تعاونية الاتحاد,page,facebook,Post,"لا تنسَ مسح تطبيق تميّز عند الدفع!
أنفق 150 درهم واحصل على فرصة الفوز بسيارة جيتور ومواد غذائية أسبوعياً.
#تعاونية_الاتحاد #رمضان2026 

Don’t forget to scan your Tamayaz app at checkout.
Spend AED 150 and get a chance to win a Jetour car and weekly groceries.

#Ramadan2026 #Union_Coop",https://www.facebook.com/351419630848390/posts/873916695265345,,6,0,,0.96,2178,1,,14,,2178,2178,2178,
6a50861314fca16fa7012fe4,2026-07-10T07:00:23.671Z,Union Coop تعاونية الاتحاد,page,facebook,Post,"جولتك القادمة للتسوق قد تمنحك مفتاح شقتك الجديدة من بن غاطي!

نكافئكم هذا الموسم بـ 12 شقة كجوائز كبرى خلال فعاليات مفاجآت صيف دبي!
مستعد لتكون أحد الفائزين؟

كيفية المشاركة في السحب

·       أنفق 500 درهم أو أكثر في أحد فروعنا المشاركة.

·       امسح الباركود المخصص للحملة.

·        حمّل إيصال الشراء الخاص بك واشترك فوراً.

حوّل مشتريات واحتياجات أسرتك الأسبوعية إلى الفوز الأكبر في حياتك!

من 22 مايو حتى 30 أغسطس.

#مفاجآت_صيف_دبي #تعاونية_الاتحاد 

Your next grocery run could unlock a brand-n…",https://facebook.com/112240942183815_1004862378837442,,5,3,,1.34,1048,0,,6,,1048,1048,1048,
6aa43bce41a6b8e0a42b7a05,2026-09-11T17:35:15.073Z,Union Coop تعاونية الاتحاد,page,facebook,Post,"تسوّق البقالة؟ نحن نغطي كل شيء فيه! 

منتجات طازجة تنبض بالحياة من فواكه وخضروات مختارة بعناية، ولحوم ودواجن وأسماك بأعلى جودة.

ومع برنامج «تميّز»، تحصل على قيمة لا مثيل لها، تتجاوز أي برنامج ولاء آخر!

أسعار ثابتة تطمئنك وعروض نهاية أسبوع تنتظرك، ووصفات جديدة تفاجئك باستمرار.

المزيد من الأسباب لتزورنا كل يوم!

لأن التسوّق الاستثنائي لا يُختصر في ميزة واحدة، بل في تغطية كل التفاصيل بكل شغف.

#تعاونية_الاتحاد #تميّز 
Every side of grocery shopping, covered.

Freshness in every form, from fruits…",https://www.facebook.com/351419630848390/posts/1056986650291681,,5,2,,1.13,1154,0,,6,,1154,1154,1154,
6aa3b7067c033eb9ebda388b,2026-09-11T08:08:43.945Z,Union Coop تعاونية الاتحاد,page,facebook,Post,"هذه نشرتنا الترويجية الأخيرة المليئة بالأسباب الإضافية للتخزين والتوفير وإتمام قائمة تسوقكم بالكامل.

 اغتنموا هذه العروض قبل نفاذها، وتسوّقوا من تعاونية الاتحاد.

#تعاونية_الاتحاد #تسوق_ووفر 

The final leaflet offer is here, packed with more reasons to stock up, save and tick everything off your shopping list. 

Make the most of these offers before they’re gone and shop your picks at Union Coop. 

#Union_Coop #ShopAndSave",https://www.facebook.com/reel/1398889538250784/,,5,2,,1.53,980,0,,8,,980,980,980,
6aa25203f138b06b794a0c0e,2026-09-10T15:30:56.987Z,Union Coop تعاونية الاتحاد,page,facebook,Post,"حيلة مطبخية بسيطة ستغيّر طريقة اختيارك للتفاح! 

في المرة القادمة التي تشتري فيها التفاح، جرّب هذه الطريقة السهلة لاختيار التفاح الذي سيدوم طازجاً لفترة أطول. 

#تعاونية_الاتحاد #حيل_فعالة 

Some kitchen tricks are worth knowing. 🍎

Try this simple one the next time you’re picking your apples and choose ones that stay fresh for longer.

#Union_Coop #FreshHacks",https://www.facebook.com/reel/2562431724254441/,,5,1,,1.32,755,0,,4,,755,755,755,
6a926a9ba53e4add32417f09,2026-08-29T08:00:19.382Z,Union Coop تعاونية الاتحاد,page,facebook,Post,"أقوى العروض بانتظاركم عبر نقرة واحدة فقط! 

تسوقوا بسهولة أكبر واستمتعوا بالعروض الحصرية عبر تطبيق تعاونية الاتحاد.

تفضلوا بزيارة أقرب فرع من تعاونية الاتحاد إليكم وتسوقوا منتجاتكم المفضلة.

حمّلوا التطبيق الآن وابدأوا رحلة التوفير!

#تعاونية_الاتحاد #حصريا_على_التطبيق #عروض_تعاونية_الاتحاد

Your next great deal is just a tap away! 

Discover App-Exclusive Offers on the Union Coop app, then head to
your nearest store and shop your favourites.

Download the Union Coop app and start saving!

#Uni…",https://www.facebook.com/reel/1088428506865595/,,5,1,,1.32,760,0,,4,,760,760,760,
6a8fc5f545b792fa308d47e1,2026-08-28T04:00:39.420Z,Union Coop تعاونية الاتحاد,page,facebook,Post,"إلى من صنعن المجد وكتبن قصة النجاح، كل عام وأنتنّ روح الوطن.

نفخر بالمرأة الإماراتية فخراً لا حدود له، فأنتنّ ركنٌ أساسي في مسيرة نهضة وطننا، واليد التي تبني مستقبلاً واعداً، جيلاً بعد جيل.

عيد سعيد للمرأة الإماراتية.

#تعاونية_الاتحاد #يوم_المرأة_الإماراتية 

We take immense pride in all the women of UAE. You play a pivotal role in our nation’s growth.

Generation after generation, you continue to shape our progress.

Happy Emirati Women’s Day. 

#Union_Coop #EmiratiWomensDay",https://www.facebook.com/reel/1693038468446547/,,5,1,,1.75,570,0,,4,,570,570,570,
6a7c3a83e7bbf578e55afbf1,2026-08-12T09:19:21.147Z,Union Coop تعاونية الاتحاد,page,facebook,Post,"تسوق. امسح واربح!

أنفق 200 درهم وامسح بطاقة تميّز الرقمية عند الدفع لتدخل السحب فوراً على جوائز يومية وأسبوعية قيمّة!

فرص الفوز مستمرة حتى 13 سبتمبر.

#تعاونية_الاتحاد #موسم_العودة_إلى_المدارس #جوائز_أسبوعية #جوائز_يومية #من_الرائع

Kinda chic to shop, scan and win. Spend AED 200, scan your digital Tamayaz ID at checkout, and you could win daily or weekly prizes. Keep the wins coming till 13 Sept!

#Union_Coop #BackToSchool #WeeklyPrizes #DailyPrizes #KindaChic",https://www.facebook.com/351419630848390/posts/1031662542824092,,5,1,,1.81,882,0,,10,,882,882,882,
6aace13afdcb0db4f0ea394d,2026-09-18T05:17:45.000Z,Union Coop تعاونية الاتحاد,page,facebook,Story,Media only,https://facebook.com/stories/105286645461691/UzpfSVNDOjI4NDA0MjAzMDE1OTA0NDgz/?view_single=1,,5,,0,,,0,493,,5,,,,525
6aa3913891d71cc2bb8d6050,2026-09-11T04:59:58.000Z,Union Coop تعاونية الاتحاد,page,facebook,Story,Media only,https://facebook.com/stories/105286645461691/UzpfSVNDOjI5NTA4Mjk1MDE5MjIzNDI=/?view_single=1,,5,,0,,,0,480,,5,,,,492
6a9ebc03c4308b44a7555aff,2026-09-07T11:56:31.000Z,Union Coop تعاونية الاتحاد,page,facebook,Story,Media only,https://facebook.com/stories/105286645461691/UzpfSVNDOjE2MDY1NTgwMjc2NzQzMDQ=/?view_single=1,,5,,0,,,0,226,,5,,,,229
6a8f4041ec9d2efb9f2c4c2f,2026-08-26T17:59:09.000Z,Union Coop تعاونية الاتحاد,page,facebook,Story,Media only,https://facebook.com/stories/105286645461691/UzpfSVNDOjE3NDI3ODQxMDcwNDM0Nzk=/?view_single=1,,5,,0,,,0,557,,5,,,,642
6a8f4041ec9d2efb9f2c4c2d,2026-08-26T17:59:18.000Z,Union Coop تعاونية الاتحاد,page,facebook,Story,Media only,https://facebook.com/stories/105286645461691/UzpfSVNDOjE2MTQxNjU1NTcwMTkwMjE=/?view_single=1,,5,,0,,,0,184,,5,,,,188
6a8deb34ca998268e5a01693,2026-08-25T18:59:50.000Z,Union Coop تعاونية الاتحاد,page,facebook,Story,Media only,https://facebook.com/stories/105286645461691/UzpfSVNDOjE3MDc0NjgwMTM4ODY0MDU=/?view_single=1,,5,,0,,,0,186,,5,,,,192
6a8be9e9c1568e6ef04dc2e5,2026-08-24T06:42:40.000Z,Union Coop تعاونية الاتحاد,page,facebook,Story,Media only,https://facebook.com/stories/105286645461691/UzpfSVNDOjI4MDgyNTEzOTg4MDMxODk5/?view_single=1,,5,,0,,,0,675,,5,,,,749
6a85efc47872fee2a309d562,2026-08-19T16:36:26.000Z,Union Coop تعاونية الاتحاد,page,facebook,Story,Media only,https://facebook.com/stories/105286645461691/UzpfSVNDOjEwMzc2MTQzMDIzOTgzNTU=/?view_single=1,,5,,0,,,0,285,,5,,,,291
6a831b6f7b36f51e130e3375,2026-08-17T13:12:39.000Z,Union Coop تعاونية الاتحاد,page,facebook,Story,Media only,https://facebook.com/stories/105286645461691/UzpfSVNDOjE3NzYxODMxNjAxOTcwMTI=/?view_single=1,,5,,0,,,0,315,,5,,,,319
6a6213023cc857b3dd00fcb6,2026-07-23T13:11:42.086Z,Union Coop تعاونية الاتحاد,page,facebook,Post,"تذوّق طعم الرطب الطازج والمزروع محليّاً مع فريش بوكس في تعاونية الاتحاد!

انضم إلينا واستمتع بتذوق مجاني لحلوى البثيث الأصيلة.

⏰ من 10 صباحاً حتى 10 مساءً

📍 اتحاد مول | جميرا مول | البرشاء مول

📅 25 – 26 يوليو

اصطحب عائلتك واستمتع بعرَاقة المذاق الإماراتي الأصيل.

#تعاونية_الاتحاد #البثيث #فريش_بوكس

Taste the goodness of fresh, locally grown dates with FreshBox at Union Coop! 🌴 

Plus enjoy a FREE Batheetha sampling from 10 AM – 10 PM

📍 Etihad Mall, Jumeirah & Barsha Mall

📅 25–26 July…",https://www.facebook.com/351419630848390/posts/1015214234468923,,5,0,,1.49,1007,0,,10,,1007,1007,1007,
6a4cceebdccd6173080223b7,2026-07-07T10:03:31.107Z,Union Coop تعاونية الاتحاد,page,facebook,Post,"اشحن سيارتك  أثناء تسوقك!

أصبحت محطات الشحن السريع «Tesla Superchargers» جاهزة للعمل الآن في فرع تعاونية الاتحاد بواحة دبي للسيليكون.

اشحن سيارتك الكهربائية بكل سهولة وسرعة أثناء تسوق احتياجاتك ومشترياتك اليومية. تفضل بزيارتنا اليوم، واستمتع بتجربة تسوق أكثر ذكاءً و راحةً، واستدامة! 

#تعاونية_الاتحاد

Power up while you shop! ⚡🔋

Our Tesla Superchargers are now operational at Union Coop Dubai Silicon Oasis Branch. Charge your electric vehicle conveniently while you shop for your everyday ess…",https://facebook.com/112240942183815_1002510299072650,,5,0,,0.61,991,0,,1,,991,991,991,
6a4bada23ec652ab990bff90,2026-07-06T13:29:13.083Z,Union Coop تعاونية الاتحاد,page,facebook,Post,"مفاجأة كبرى بانتظاركـم! 

ابتداءً من الغد، سيصبح يوم الثلاثاء اليوم المفضل لدى الجميع في الأسبوع.

استعدوا لخصومات بقيمة 50% وأكثر على مجموعة متجددة من المنتجات كل يوم ثلاثاء!

* حصرياً لحاملي بطاقة تميّز
* تتوفر فقط في الفروع
* يُرجى تفعيل العروض عبر التطبيق
 العرض سارٍ حتى نفاذ الكمية.

نراكم غداً!

#تميّز #تعاونية_الاتحاد 
👀 Something BIG is coming...

Starting tomorrow, Tuesdays are about to become everyone's favourite day of the week.

Get ready for 50% OFF & more on a new selection of pro…",https://facebook.com/112240942183815_1001786172478396,,5,0,,1.23,1379,1,,11,,1379,1379,1379,
6a3e5bc40f29d0891c01bffc,2026-06-26T11:03:41.416Z,Union Coop تعاونية الاتحاد,page,facebook,Post,"حلو، مالح، جبن، أم كراميل؟

لمَ الحيرة وصافرة البداية لا تنتظر!
 لا تضيع وقتك في الاختيار بينما يمكنك الحصول عليها كلها. جهّز نكهتك المفضلة الآن من تعاونية الاتحاد، واستمتع بقائمة الأطعمة المثالية لماراثون مباريات عطلة نهاية الأسبوع.

الحماس في قمته! مع أي فريق تقف اليوم؟ شاركنا في التعليقات!
#تعاونية_الاتحاد #كأس_العالم

Sweet, salty, cheese, or caramel? 🍿 Why choose when you can have them all! Grab your perfect weekend binge-watching lineup at Union Coop today. Which team are you on? Let us k…",https://facebook.com/112240942183815_993169040006776,,5,0,,0.72,1254,0,,4,,1254,1254,1254,
6a3b96f5a3db738d6807b527,2026-06-24T08:36:28.871Z,Union Coop تعاونية الاتحاد,page,facebook,Post,"قرمشة لا تُقاوم في منزلكم!
 بدلاً من الخروج، حضّروا شطيرة الدجاج المقلي الأكثر شهرةً في مطبخكم، ولا تنسوا المكوّن السري: صلصة إكسلنس الشهيرة.  
والآن، من سيتولى الطهي في عطلة نهاية الأسبوع القادمة؟

#تعاونية_الاتحاد #صلصة_إكسلنس #الدجاج_المقلي

Craving that ultimate crunch? 💥 You don't need to go out to get it! Grab your ingredients and make the famous Viral Fried Chicken Sandwich at home. Don't forget the secret ingredient: the famous Excellence sauce! Who's cooking this weekend? 👨‍🍳👩‍🍳✨

…",https://www.facebook.com/351419630848390/posts/991421506848196,,5,0,,1.79,1395,0,,20,,1395,1395,1395,
6a38f1b901548203180be6c0,2026-06-22T08:26:46.758Z,Union Coop تعاونية الاتحاد,page,facebook,Post,"تشكيلة مثالية لمشاهدة المباريات من تعاونية الاتحاد.

المباريات الحماسية تحتاج إلى ضيافة استثنائية! جهّز طاولتك الآن بألذّ أنواع الشوكولاتة والمشروبات والحلويات الباردة، واجعل ليلة المباراة أكثر مكافأة. كل تسوق من تعاونية الاتحاد يمنحك فرصاً إضافية لدخول سحب مليونير تميّز. عِش أجواء الفوز داخل الملعب وخارجه، أنت تشتري ونحن ندفع!

من 22 يونيو حتى 19 يوليو!
#تعاونية_الاتحاد #تميز_مليونير

The ultimate match-day lineup. ⚽🍿

Your favorite game-time cravings just got more rewarding. Stock up your sn…",https://facebook.com/112240942183815_989771293679884,,5,0,,1.27,1178,0,,10,,1178,1178,1178,
6a283529ea789dfeb97a1be3,2026-06-09T15:44:37.000Z,Union Coop تعاونية الاتحاد,page,facebook,Post,".
مستعد لتحويل مشترياتك اليومية إلى مدخرات حقيقية؟ 
مع بطاقة لف تميّز الائتمانية، احصل على استرداد نقدي يصل إلى 10% على كل ما تشتريه في تعاونية الاتحاد وعلى نفقاتك اليومية الأخرى. 
لا تفوّت هذه الفرصة الرائعة للاستفادة القصوى من مكافآتك! امسح رمز الاستجابة السريعة الآن وقدم طلبك."" 

#لف  #تعاونية_الاتحاد #مكافآت_الاسترداد_النقدي #الإنفاق_الذكي

Ready for maximum rewards? Maximize your grocery trips at Union Coop and everyday spends with up to 10% cashback using the Liv Tamayaz Credit Card.

Don'…",https://www.facebook.com/351419630848390/posts/979324058057941,,5,0,,0.87,1263,0,,6,,1263,1263,1263,
6a2704357e94158400b4cfe2,2026-06-08T18:01:11.000Z,Union Coop تعاونية الاتحاد,page,facebook,Post,"اللعبة بدأت… والعروض أيضاً! 
استعدوا لـ 10 أيام من التوفير المذهل من 8 إلى 17 يونيو. 
زوروا أقرب فرع اليوم أو تسوقوا بكل سهولة عبر تطبيق تعاونية الاتحاد!
#تعاونية_الاتحاد #كأس_العالم

The ball's rolling… and so are the offers!
Ready, set, SAVE. 10 days of epic deals you can't miss from 8 to 17 June . Drop in-store or shop online today at Union Coop!
#Union_Coop #WorldCup",https://www.facebook.com/351419630848390/posts/978582551465425,,5,0,,3.30,1725,0,,52,,1725,1725,1725,
6aa2b3e452fe293b107e653b,2026-09-11T04:00:34.346Z,Union Coop تعاونية الاتحاد,page,facebook,Post,"تبحثون عن أفكار سهلة ولذيذة لوجبات أطفالكم المدرسية؟ 🎒🍴

زورونا في تعاونية الاتحاد – جميرا واستمتعوا بعرض مباشر وتذوق مجاني، واكتشفوا أفكارًا سهلة وشهية لتحضير وجبات أطفالكم المدرسية.

📅 11–12 سبتمبر
⏰ 4:00 مساءً 9:00 – مساءً
📍 تعاونية الاتحاد – جميرا

ننتظركم!

#تعاونية_الاتحاد #نيوتري_كوك

Looking for easy and tasty lunchbox ideas for the kids? 🎒🍴

Join us at Union Coop – Jumeirah for a live in-store demo and enjoy free sampling while discovering simple and tasty lunchbox inspiration for…",https://www.facebook.com/351419630848390/posts/1056464320343914,,4,1,,1.26,874,0,,6,,874,874,874,
6a9fc592d7662c89dd7e4858,2026-09-10T05:00:35.244Z,Union Coop تعاونية الاتحاد,page,facebook,Post,"🍎 تفاح روكيت الفاخر من نيوزيلندا، مقرمش… بنكهة استثنائية!

تذوّقوا روكيت مجاناً واكتشفوا مذاقه المميز في فروع مختارة من تعاونية الاتحاد.

📍 10–11 سبتمبر: البرشاء مول
📍 11–12 سبتمبر: اتحاد مول
📍 12–13 سبتمبر: الخوانيج مول

🕕 من 6 مساءً إلى 9 مساءً

نراكم هناك!

#تعاونية_الاتحاد #تفاح_روكيت #تفاح_نيوزيلندي

Sweet, crisp & straight from New Zealand! 🍎

Come and try the premium new Rockit apples from New Zealand with FREE sampling at selected Union Coop stores!

📍 10–11 September: Al Barsha M…",https://www.facebook.com/351419630848390/posts/1055645410425805,,4,1,,1.13,1147,0,,8,,1147,1147,1147,
6aacfca470b6cc6c8030940a,2026-09-19T06:00:34.523Z,Union Coop تعاونية الاتحاد,page,facebook,Post,"حلو؟

مالح؟

ولمَ اختيار واحد فقط… حين تقترب مفاجأةٌ شهية بمذاقٍ مختلف؟

تجربة استثنائية في طريقها إليكم… ترقّبوها!

#تعاونية_الاتحاد 
Sweet? 👀
Salty? 👀

Why choose just one?

Something exciting is coming. Stay tuned.

#Union_Coop",https://www.facebook.com/reel/980473018400719/,,4,0,,0.63,1431,0,,5,,1431,1431,1431,
6aa4e4daa4690e06bbd81c98,2026-09-12T04:06:42.000Z,Union Coop تعاونية الاتحاد,page,facebook,Story,Media only,https://facebook.com/stories/105286645461691/UzpfSVNDOjEwNDc5MTAwMzEyMDQwNTY=/?view_single=1,,4,,0,,,0,450,,4,,,,461
6aa3913891d71cc2bb8d602e,2026-09-11T05:00:02.000Z,Union Coop تعاونية الاتحاد,page,facebook,Story,Media only,https://facebook.com/stories/105286645461691/UzpfSVNDOjE1NjEyOTQwODUxOTI2MDE=/?view_single=1,,4,,0,,,0,471,,4,,,,481
6a9ebc02c4308b44a7555ade,2026-09-07T11:56:42.000Z,Union Coop تعاونية الاتحاد,page,facebook,Story,Media only,https://facebook.com/stories/105286645461691/UzpfSVNDOjE4MDUxODc4MzA2Njk4MTI=/?view_single=1,,4,,0,,,0,222,,4,,,,224
6a9296956db835054903b575,2026-08-29T08:16:00.000Z,Union Coop تعاونية الاتحاد,page,facebook,Story,Media only,https://facebook.com/stories/105286645461691/UzpfSVNDOjIyNzQ3NDU3OTYzOTgxMDg=/?view_single=1,,4,,0,,,0,193,,4,,,,192
6a916d0c0c53f7bc21a60feb,2026-08-28T10:44:19.000Z,Union Coop تعاونية الاتحاد,page,facebook,Story,Media only,https://facebook.com/stories/105286645461691/UzpfSVNDOjE0MjAxMTU1MjM1OTUxMzk=/?view_single=1,,4,,0,,,0,153,,4,,,,157
6a916d0c0c53f7bc21a60fe9,2026-08-28T10:43:57.000Z,Union Coop تعاونية الاتحاد,page,facebook,Story,Media only,https://facebook.com/stories/105286645461691/UzpfSVNDOjE1ODgwMjYxMzI4NjExOTY=/?view_single=1,,4,,0,,,0,160,,4,,,,166
6a8c6a5aaeee61f753594e80,2026-08-24T13:08:19.000Z,Union Coop تعاونية الاتحاد,page,facebook,Story,Media only,https://facebook.com/stories/105286645461691/UzpfSVNDOjEzOTkzOTg5NzU3MjIzMzQ=/?view_single=1,,4,,0,,,0,188,,4,,,,196
6a831b6f7b36f51e130e3383,2026-08-17T13:11:47.000Z,Union Coop تعاونية الاتحاد,page,facebook,Story,Media only,https://facebook.com/stories/105286645461691/UzpfSVNDOjE0NDcyOTg2MTA1NDg1MTU=/?view_single=1,,4,,0,,,0,365,,4,,,,380
6a831b6f7b36f51e130e3377,2026-08-17T13:12:45.000Z,Union Coop تعاونية الاتحاد,page,facebook,Story,Media only,https://facebook.com/stories/105286645461691/UzpfSVNDOjEwNjgxMzgyNDkyNDU5Mzg=/?view_single=1,,4,,0,,,0,301,,4,,,,306
6a7ef23bee9ec380851680fb,2026-08-14T09:46:10.000Z,Union Coop تعاونية الاتحاد,page,facebook,Story,Media only,https://facebook.com/stories/105286645461691/UzpfSVNDOjEwMzUxNjgxOTkyOTg5Mjk=/?view_single=1,,4,,0,,,0,430,,2,,,,448
6a7af2ef28a7bdb6ad3b315b,2026-08-10T13:50:21.000Z,Union Coop تعاونية الاتحاد,page,facebook,Story,Media only,https://facebook.com/stories/105286645461691/UzpfSVNDOjE1MjkxNzkzODg5ODE2MDE=/?view_single=1,,4,,0,,,0,627,,4,,,,649
6a7af2ef28a7bdb6ad3b3159,2026-08-10T13:54:08.000Z,Union Coop تعاونية الاتحاد,page,facebook,Story,Media only,https://facebook.com/stories/105286645461691/UzpfSVNDOjk4ODk1MDQ0MDg1MzQ0NA==/?view_single=1,,4,,0,,,0,515,,4,,,,521
6a7af2ef28a7bdb6ad3b3153,2026-08-10T13:50:36.000Z,Union Coop تعاونية الاتحاد,page,facebook,Story,Media only,https://facebook.com/stories/105286645461691/UzpfSVNDOjIwODM2MzE0NjU1NzQ4MDk=/?view_single=1,,4,,0,,,0,589,,4,,,,605
6a7af2ef28a7bdb6ad3b314b,2026-08-10T13:53:48.000Z,Union Coop تعاونية الاتحاد,page,facebook,Story,Media only,https://facebook.com/stories/105286645461691/UzpfSVNDOjg0Mjk4MDM0NTQ0ODIzMw==/?view_single=1,,4,,0,,,0,539,,4,,,,546
6a6cd3c16595aa650e5d2291,2026-07-31T16:54:56.000Z,Union Coop تعاونية الاتحاد,page,facebook,Post,"هل تساءلت يوماً عن سرّ جودتها الفائقة؟ 

كل حبةٍ تأتي من مزارع محلية، تُقطف وتُعبَّأ يدوياً بعناية، ثم تُنقل مباشرةً إلى رفوفنا لتصلك بأعلى طزاجة!
#تعاونية_الاتحاد #مهرجان_الرطب#البثيث #زراعة_محلية

Ever wondered why they are so good? Each one comes from local farms. Picked and packed by hand. Delivered straight to our shelves.

#Union_Coop #DatesFestival #Batheetha #LocallyGrown",https://www.facebook.com/reel/1577198303742481/,,4,0,,0.30,1982,1,,1,,1982,1982,1982,
69eb2c230c96f35cfd0df5d1,2026-04-24T08:39:08.945Z,Union Coop تعاونية الاتحاد,page,facebook,Post,"تهانينا للفائز الثاني في سحب جيتور الكبير في رمضان الماضي!

مرة أخرى، يعيش أحد متسوقي تعاونية الاتحاد لحظةً لا تُنسى، ويسعدنا مشاركته فرحة هذا الفوز.

والأجمل لم يأتِ بعد، مسابقات أكبر ومفاجآت أكثر في طريقها إليكم. تابعونا!

#تعاونية_الاتحاد #جيتور#السحب_الكبير

Congratulations to the 2nd winner of our Ramadan Jetour Mega draw! 

One more lucky shopper at Union Coop drove away with an unforgettable win, and we are thrilled to celebrate this moment with them. 

More exciting contests and bigger s…",https://www.facebook.com/reel/957866313632945/,,4,0,,7.69,52,0,,0,,52,52,52,
69bad63870124beb750eaf0f,2026-03-18T16:43:48.238Z,Union Coop تعاونية الاتحاد,page,facebook,Post,"تبرّعوا بما يدوم طويلاً. 

يسرّ تعاونية الاتحاد إطلاق مبادرة ""سلة الخير"" بالشراكة مع جمعية بيت الخير.
لأن المساعدة الحقيقية لا تُقاس بلحظة، بل بأثر يمتدّ.

تبرّعوا بمواد غذائية طويلة الأمد في فروعنا المحددة قبل تاريخ 15 يونيو، وكونوا سبباً في إدخال السعادة إلى قلب أسرة محتاجة.

 فالخير الحقيقي هو الذي لا يزول أثره.

#تعاونية_الاتحاد #سلة_الخير #بيت_الخير 

Give what lasts.

In partnership with the Beit Al Khair Society, Union Coop brings you the Basket of Goodness. 
A simple way to make a meanin…",https://www.facebook.com/351419630848390/posts/912713191385695,,4,0,,0.81,2600,1,,16,,2600,2600,2600,
6aa3df03181c760cb8a55e79,2026-09-11T10:59:23.032Z,Union Coop تعاونية الاتحاد,page,facebook,Post,"تسوقك اليومي؟

 يستحق أكثر من مجرد فاتورة! 

انضم إلى «عالم لِف تميّز» واكسب مكافآت على البقالة والسفر والمطاعم وكل نفقاتك من مكان واحد فقط.

هل أنت مستعد لتحويل تسوقك اليومي إلى مكاسب حقيقية؟

#تعاونية_الاتحاد #لِف_تميز #استرداد_نقدي 

Your everyday purchases deserve something in return.

Liv Tamayaz World rewards groceries, travel, dining, and everyday spends, all in one place.

Ready to make your everyday shop more rewarding?

#Union_Coop #LivTamayaz #Cashback
ء",https://www.facebook.com/reel/1550251023048975/,,3,2,,0.90,888,0,,3,,888,888,888,
6a8ea7646ca6eed372c7a164,2026-08-26T08:44:27.037Z,Union Coop تعاونية الاتحاد,page,facebook,Post,"مع ألذّ الوجبات تصبح العودة إلى المدرسة أكثر بهجةً وحماساً!

حضّروا ساندويتش البيض على الطريقة اليابانية بكل سهولة كوجبة غداء شهية وغنية لأطفالكم. 

#تعاونية_الاتحاد #العودة_إلى_المدارس #صندوق_الغداء_اللذيذ #البيض_الياباني

Back to school, made delicious! 🍳🥪 Make this easy Egg Sando for a tasty lunchbox treat your little ones will love.

#Union_Coop #BackToSchool #LunchboxWins #EggSando",https://www.facebook.com/reel/1762109545209646/,,3,2,,0.60,1657,0,,5,,1657,1657,1657,
6a9563917ee791d7d463b6e1,2026-08-31T11:21:02.185Z,Union Coop تعاونية الاتحاد,page,facebook,Post,"قريباً في قلب أبراج بحيرات جميرا (JLT)، أقرب إليكم من أي وقت مضى! 

يسعدنا الإعلان عن افتتاح فرعنا الجديد في شهر سبتمبر، لنمنحكم تجربة تسوّق مميزة ومريحة ومتكاملة في منطقة سكنكم مباشرةً.

تابعونا لمزيد من التفاصيل.

#تعاونية_الاتحاد #أبراج_بحيرات_جميرا

📍 Union Coop is coming to JLT this September.

 Get ready for a new destination and a more convenient shopping experience right in your
neighborhood. 

Stay tuned.

#Union_Coop",https://www.facebook.com/351419630848390/posts/1047572004566479,,3,1,,1.16,1034,0,,8,,1034,1034,1034,
6a8ec984383f4088e20ff0f1,2026-08-26T11:10:03.403Z,Union Coop تعاونية الاتحاد,page,facebook,Post,"تبدأ البساطة بخطوة بسيطة!

نقدّم لمتسوقينا الصغار وجبة فواكه صحية مجانية ليستمتعوا بها أثناء التسوق معنا! زوروا أركان الفواكه في فروع تعاونية الاتحاد في البرشاء مول، الاتحاد مول، جميرا والورقاء سيتي مول.

#تعاونية_الاتحاد #فواكه_مجانية_للأطفال #وجبة_صحية

Goodness starts with something simple!

We’re giving our little shoppers a free, healthy treat to enjoy while they shop with us! Visit our fruit stands at Union Coop branches in Al Barsha Mall, Etihad Mall, Jumeirah and Al Warqa City Mall.

#Un…",https://www.facebook.com/351419630848390/posts/1043440924979587,,3,1,,1.39,1222,0,,13,,1222,1222,1222,
6a7c0744fb6b51422e349d82,2026-08-09T20:02:14.000Z,Union Coop تعاونية الاتحاد,page,facebook,Post,Media only,https://www.facebook.com/photo.php?fbid=1029615286362151&set=a.243999611590393&type=3,,3,1,,1.34,896,0,,8,,896,896,896,
6a3ab394b403a2a3aca8c04b,2026-06-23T13:53:20.000Z,Union Coop تعاونية الاتحاد,page,facebook,Post,Media only,https://www.facebook.com/photo.php?fbid=990813930242287&set=a.243999608257060&type=3,,3,1,,3.60,7199,0,,255,,7199,7199,7199,
69f8f4be898579607b0da131,2026-05-04T19:34:29.958Z,Union Coop تعاونية الاتحاد,page,facebook,Post,"أيام الاثنين لم تعد كما كانت، وقد تصبح أيامك المفضلة!
كل اثنين هناك مليونير جديد مع تميّز، وقد يكون أنت! اربح مليون نقطة تصل قيمتها إلى 16,700 درهم أسبوعياً طوال عام 2026!

كيف تشارك؟
 تسوّق بـ 200درهم أو أكثر عبر التطبيق أو في فروعنا، وامسح بطاقة تميّز الرقمية عند الدفع.
 الاثنين القادم، قد يكون يومك! 
تطبق الشروط والأحكام.

#تعاونية_الاتحاد #مليونير_تميّز

Mondays are about to be your favorite day of the week!

Win 1,000,000 Tamayaz points worth up to AED 16,700 every Monday! 

Every Monday un…",https://www.facebook.com/reel/1024593949891244/,,3,1,,5.94,101,0,,2,,101,101,101,
6aacfdc1f05c8fb882c2341f,2026-09-20T06:00:37.384Z,Union Coop تعاونية الاتحاد,page,facebook,Post,"كل ما تحتاجه متوفر في مكان واحد.

تعرف على تشكيلة متنوعة من المنتجات الطازجة والمستلزمات اليومية، تجعل تسوقك أسهل من أي وقت مضى.

#تعاونية_الاتحاد

A little bit of everything, all in one place. From fresh produce and to everyday essentials, discover an assortment that makes your shopping easy.

#Union_Coop",https://www.facebook.com/reel/1076468448629497/,,3,0,,0.37,1621,0,,3,,1621,1621,1621,
6aace13afdcb0db4f0ea395e,2026-09-18T05:17:39.000Z,Union Coop تعاونية الاتحاد,page,facebook,Story,Media only,https://facebook.com/stories/105286645461691/UzpfSVNDOjQzNjgzMjIwMDAxNjUxMTg=/?view_single=1,,3,,0,,,0,538,,3,,,,567
6aace13afdcb0db4f0ea3956,2026-09-18T05:18:11.000Z,Union Coop تعاونية الاتحاد,page,facebook,Story,Media only,https://facebook.com/stories/105286645461691/UzpfSVNDOjExMTM1NTY3OTQ1NjgwMDc=/?view_single=1,,3,,0,,,0,471,,3,,,,499
6aabe21b0bc4f9947ba4798d,2026-09-17T09:58:37.000Z,Union Coop تعاونية الاتحاد,page,facebook,Story,Media only,https://facebook.com/stories/105286645461691/UzpfSVNDOjQ0NzYyMDkzMDU5NjY5MTc=/?view_single=1,,3,,0,,,0,348,,3,,,,356
6aa3913891d71cc2bb8d602c,2026-09-11T05:00:23.000Z,Union Coop تعاونية الاتحاد,page,facebook,Story,Media only,https://facebook.com/stories/105286645461691/UzpfSVNDOjEwNzEzNTcwMzIxOTE5ODM=/?view_single=1,,3,,0,,,0,449,,3,,,,457
6aa3913891d71cc2bb8d6028,2026-09-11T04:59:54.000Z,Union Coop تعاونية الاتحاد,page,facebook,Story,Media only,https://facebook.com/stories/105286645461691/UzpfSVNDOjI4NjkxMzA4MTY4MDE1ODA=/?view_single=1,,3,,0,,,0,493,,3,,,,509
6aa3913891d71cc2bb8d6025,2026-09-11T05:00:09.000Z,Union Coop تعاونية الاتحاد,page,facebook,Story,Media only,https://facebook.com/stories/105286645461691/UzpfSVNDOjE1OTgzOTczNDIwODIyMzg=/?view_single=1,,3,,0,,,0,461,,3,,,,472
6a9a9428929b37dd112b1bf9,2026-09-04T07:09:46.000Z,Union Coop تعاونية الاتحاد,page,facebook,Story,Media only,https://facebook.com/stories/105286645461691/UzpfSVNDOjE0MjEzMDkxODMyMDUwMzA=/?view_single=1,,3,,0,,,0,218,,3,,,,221
6a9a69bca18900b20e42dfd8,2026-09-04T06:15:13.000Z,Union Coop تعاونية الاتحاد,page,facebook,Story,Media only,https://facebook.com/stories/105286645461691/UzpfSVNDOjExMDQyNjE0ODUyNjQ0NDk=/?view_single=1,,3,,0,,,0,764,,3,,,,807
6a959323a0854abb4576d49e,2026-08-31T13:26:53.000Z,Union Coop تعاونية الاتحاد,page,facebook,Story,Media only,https://facebook.com/stories/105286645461691/UzpfSVNDOjI4MjMxNTI5NjgwNTg3MTQ=/?view_single=1,,3,,0,,,0,216,,3,,,,220
6a95746a92c92a03d890126b,2026-08-31T12:32:48.909Z,Union Coop تعاونية الاتحاد,page,facebook,Post,"دخل لشراء احتياجاته الأسبوعية وخرج بمنزل جديد! 

من رحلة تسوّق بسيطة إلى فتح باب شقة الأحلام في دبي!

 نبارك من القلب لعميلنا العزيز في تعاونية الاتحاد ""محمد سلمان مسعود"" الفائز في الجائزة الكبرى في حملة «اربح منزلك في دبي»، ونتمنى له بداية جديدة لحياة أكثر إشراقاً.

#تعاونية_الاتحاد #اربح_منزلاً 

Walked in for his weekly groceries, walked out with a beautiful new home! 🏡✨

Congratulations to our Union Coop customer, Mohammed Salman Masood, the grand prize winner of the Win Your Home in Dubai …",https://www.facebook.com/351419630848390/posts/1047620021228344,,3,0,,0.53,952,0,,2,,952,952,952,
6a916d0c0c53f7bc21a60fe7,2026-08-28T10:44:24.000Z,Union Coop تعاونية الاتحاد,page,facebook,Story,Media only,https://facebook.com/stories/105286645461691/UzpfSVNDOjE0NjQzOTYwNTkwNzc4ODg=/?view_single=1,,3,,0,,,0,151,,3,,,,154
6a914270346a7fad55967d1f,2026-08-28T08:04:25.000Z,Union Coop تعاونية الاتحاد,page,facebook,Story,Media only,https://facebook.com/stories/105286645461691/UzpfSVNDOjE0MjcyMjI1MzkyODE4MzQ=/?view_single=1,,3,,0,,,0,197,,3,,,,209
6a8c6a5aaeee61f753594ea5,2026-08-24T13:07:27.000Z,Union Coop تعاونية الاتحاد,page,facebook,Story,Media only,https://facebook.com/stories/105286645461691/UzpfSVNDOjE4NDI1Mzc3NzMzNzgyNTU=/?view_single=1,,3,,0,,,0,227,,3,,,,229
6a8c6a5aaeee61f753594e83,2026-08-24T13:06:41.000Z,Union Coop تعاونية الاتحاد,page,facebook,Story,Media only,https://facebook.com/stories/105286645461691/UzpfSVNDOjEwNDEyOTA0ODIwMTY2ODM=/?view_single=1,,3,,0,,,0,343,,3,,,,363
6a8c6a5aaeee61f753594e7c,2026-08-24T13:07:35.000Z,Union Coop تعاونية الاتحاد,page,facebook,Story,Media only,https://facebook.com/stories/105286645461691/UzpfSVNDOjk0OTI1NjQ1ODIwMzAyOQ==/?view_single=1,,3,,0,,,0,218,,3,,,,223
6a8c6a5aaeee61f753594e78,2026-08-24T13:08:06.000Z,Union Coop تعاونية الاتحاد,page,facebook,Story,Media only,https://facebook.com/stories/105286645461691/UzpfSVNDOjIwNTUyNTU2NjE4NjI5MTg=/?view_single=1,,3,,0,,,0,203,,3,,,,209
6a8c6a5aaeee61f753594e76,2026-08-24T13:07:53.000Z,Union Coop تعاونية الاتحاد,page,facebook,Story,Media only,https://facebook.com/stories/105286645461691/UzpfSVNDOjI4NDE2MjM5Mjk1Mjg4MTE=/?view_single=1,,3,,0,,,0,215,,3,,,,217
6a8c6a5aaeee61f753594e74,2026-08-24T13:07:59.000Z,Union Coop تعاونية الاتحاد,page,facebook,Story,Media only,https://facebook.com/stories/105286645461691/UzpfSVNDOjE0MjI3OTU0MDAwMzEzMTY=/?view_single=1,,3,,0,,,0,210,,3,,,,215
6a87ee6a16637c6fb7640d30,2026-08-21T06:08:00.000Z,Union Coop تعاونية الاتحاد,page,facebook,Story,Media only,https://facebook.com/stories/105286645461691/UzpfSVNDOjExMTcxMTk2NTQwODYxMTM=/?view_single=1,,3,,0,,,0,369,,3,,,,386
6a87ee6a16637c6fb7640d1f,2026-08-21T06:07:52.000Z,Union Coop تعاونية الاتحاد,page,facebook,Story,Media only,https://facebook.com/stories/105286645461691/UzpfSVNDOjEzODg5MjM5MjM0MTY5ODg=/?view_single=1,,3,,0,,,0,587,,3,,,,647
6a85efc47872fee2a309d56a,2026-08-19T16:36:31.000Z,Union Coop تعاونية الاتحاد,page,facebook,Story,Media only,https://facebook.com/stories/105286645461691/UzpfSVNDOjIxNjQ5ODc1MDQwNTY1Nzc=/?view_single=1,,3,,0,,,0,237,,3,,,,237
6a85efc47872fee2a309d55e,2026-08-19T16:36:52.000Z,Union Coop تعاونية الاتحاد,page,facebook,Story,Media only,https://facebook.com/stories/105286645461691/UzpfSVNDOjEzNzAwMTA1MDg1ODY1MjY=/?view_single=1,,3,,0,,,0,185,,3,,,,185
6a85a856bf495bc6cc86553d,2026-08-19T12:58:16.560Z,Union Coop تعاونية الاتحاد,page,facebook,Post,"أكثر من مجرد رحلة تسوق، إنها الطريقة الأمثل لاستثمار وقتك.

يومك مزدحم بالمهام ولا ينبغي أن يصبح فحص السيارة عبئاً إضافياً، أو رحلة أخرى أو انتظاراً في طابور آخر.

لهذا، تقدّم تعاونية الاتحاد خدمة «عابر للفحص الفني المتنقل للمركبات» مباشرةً إلى وجهة تسوقك.

الآن، يمكنك إنجاز فحص سيارتك أثناء تسوقك، من خلال وحدة فحص متنقلة مرخّصة بالكامل من هيئة الطرق والمواصلات (RTA)، وتقدّم اختبارات التصدير ونقل الملكية وتجديد التسجيل والتسجيل الجديد وفحص البيانات بشكل فوري.

📍 تعاونية الاتحاد – اتحاد مول
📍 ت…",https://www.facebook.com/351419630848390/posts/1037687602221586,,3,0,,1.61,1056,0,,14,,1056,1056,1056,
6a831b6f7b36f51e130e337f,2026-08-17T13:11:54.000Z,Union Coop تعاونية الاتحاد,page,facebook,Story,Media only,https://facebook.com/stories/105286645461691/UzpfSVNDOjg5NzQwNTg4OTcxODgxNg==/?view_single=1,,3,,0,,,0,359,,3,,,,368
6a831b6f7b36f51e130e3379,2026-08-17T13:11:32.000Z,Union Coop تعاونية الاتحاد,page,facebook,Story,Media only,https://facebook.com/stories/105286645461691/UzpfSVNDOjEwODU2OTAzMDczOTg5NTI=/?view_single=1,,3,,0,,,0,446,,3,,,,470
6a7ef23bee9ec380851680fd,2026-08-14T09:46:21.000Z,Union Coop تعاونية الاتحاد,page,facebook,Story,Media only,https://facebook.com/stories/105286645461691/UzpfSVNDOjIxODE0MTk5NzU3NjU5NDI=/?view_single=1,,3,,0,,,0,369,,3,,,,382
6a7ef23bee9ec380851680df,2026-08-14T09:46:29.000Z,Union Coop تعاونية الاتحاد,page,facebook,Story,Media only,https://facebook.com/stories/105286645461691/UzpfSVNDOjE3MjkxOTY3OTgzNDM3OTc=/?view_single=1,,3,,0,,,0,355,,3,,,,366
6a7d9e1cbceb30a8b1f883ab,2026-08-13T10:36:03.000Z,Union Coop تعاونية الاتحاد,page,facebook,Story,Media only,https://facebook.com/stories/105286645461691/UzpfSVNDOjIyMTkxNDUwODg4ODAzNzc=/?view_single=1,,3,,0,,,0,383,,3,,,,394
6a7d9e1cbceb30a8b1f883a9,2026-08-13T10:35:54.000Z,Union Coop تعاونية الاتحاد,page,facebook,Story,Media only,https://facebook.com/stories/105286645461691/UzpfSVNDOjE2OTM0OTE5MDg0MjU1Njc=/?view_single=1,,3,,0,,,0,567,,3,,,,594
6a7af2ef28a7bdb6ad3b3161,2026-08-10T13:54:00.000Z,Union Coop تعاونية الاتحاد,page,facebook,Story,Media only,https://facebook.com/stories/105286645461691/UzpfSVNDOjEwNTUxNjIwMDczODExMDc=/?view_single=1,,3,,0,,,0,522,,3,,,,529
6a7af2ef28a7bdb6ad3b315f,2026-08-10T13:54:18.000Z,Union Coop تعاونية الاتحاد,page,facebook,Story,Media only,https://facebook.com/stories/105286645461691/UzpfSVNDOjM5NzU3ODcyMTkyMjA3MjM=/?view_single=1,,3,,0,,,0,486,,3,,,,492
6a7af2ef28a7bdb6ad3b314f,2026-08-10T13:53:55.000Z,Union Coop تعاونية الاتحاد,page,facebook,Story,Media only,https://facebook.com/stories/105286645461691/UzpfSVNDOjE2MDEwNjEyMDQ3ODU5NzE=/?view_single=1,,3,,0,,,0,529,,3,,,,536
6a2306a1d673bf4b06098551,2026-06-05T17:26:07.968Z,Union Coop تعاونية الاتحاد,page,facebook,Post,"من عربة التسوق إلى مفتاح المنزل!

تسوّق بقيمة 500 درهم أو أكثر من فروع تعاونية الاتحاد أو المتاجر المشاركة في مراكزنا التجارية، وادخل السحب للحصول على فرصة الفوز بمنزل في دبي.

سواء كنت تتسوّق لاحتياجات الأسبوع أو لعائلتك، قد تكون مشترياتك هي الخطوة الأولى نحو تغيير حياتك.

#تعاونية_الاتحاد #مفاجآت_صيف_دبي #غرف_دبي",https://www.facebook.com/351419630848390/posts/975985201725160,,3,0,,0.42,1193,0,,2,,1193,1193,1193,
6a07326c5373f7efe30c0ad7,2026-05-15T14:49:45.817Z,Union Coop تعاونية الاتحاد,page,facebook,Post,"لأن عيدك يستحق الأسهل، اطلب أضحيتك بسلاسة تامة عبر تطبيق تعاونية الاتحاد، واختر نوع اللحم والقطعة المفضلة، ثم حدد فرع الاستلام والوقت المناسب لك، وفريقنا سيتولى الباقي!

تفضل بالطلب شخصياً وفريقنا في الفرع جاهز لمساعدتك في كل خطوة لإجراء الطلب.

#تعاونية_الاتحاد #عيد_الأضحى_٢٠٢٦ 

Order your sacrificial meat the easy way with the Union Coop App. Select your preferred meat and cut, choose a convenient pickup store and time slot, and leave the rest to our team. 

Prefer to order in-person? Our but…",https://facebook.com/112240942183815_958366990153648,,3,0,,0.48,1660,0,,5,,1660,1660,1660,
69e2159746e21030f0077e92,2026-04-18T06:00:35.364Z,Union Coop تعاونية الاتحاد,page,facebook,Post,"الحلقة السادسة وصلت، لكن هذه المرة جمعنا المقرمش مع الصحي في وعاء واحد!

مزيج لا يقاوم صحي ومشبع ولذيذ، فشار مقرمش مع التوت البري المجفف وبذور اليقطين والصنوبر ورشة شوكولاتة داكنة تضفي نكهة لا مثيل لها.

حضروه في المنزل بمستلزمات متوفرة فقط في تعاونية الاتحاد.

والآن ما الوصفة التي تريدون تجربتها في الحلقة القادمة؟ 

#تعاونية_الاتحاد #وصفة_شهيرة #تريند 

In episode 6 of our viral recipe series, we tried a popcorn trail mix. Think crunchy popcorn, dried cranberries, pumpkin seeds, pine nuts, and …",https://www.facebook.com/reel/787171974251326/,,3,0,,0.61,491,0,,0,,491,491,491,
69df6848a3374450eb062ae1,2026-04-15T10:28:36.864Z,Union Coop تعاونية الاتحاد,page,facebook,Post,"اشترك الآن واكسب ما يصل إلى 3.3 أضعاف قيمة اشتراكك السنوي مع توصيل مجاني وأولوية في خدمة العملاء واسترداد نقدي شهري على مشترياتك. 
تسوق أكثر تربح أكثر.

(ينطبق فقط على الاشتراكات السنوية).

#تعاونية_الاتحاد #مكافآت

Earn up to 3.3 times your annual subscription value with free delivery, priority contact center support, and monthly cashback on your spend. The more you shop, the greater the rewards. Subscribe today and start earning smarter. 

(applicable only on annual subscriptions).

#Union_coo…",https://www.facebook.com/351419630848390/posts/934369555886725,,3,0,,0.61,1811,0,,8,,1811,1811,1811,
69b514f83b53a03d08033127,2026-03-14T08:00:15.423Z,Union Coop تعاونية الاتحاد,page,facebook,Post,"ليكن عيد الفطر هذا أكثر حلاوةً مع كل الأحباء🌙

اطلبوا سلة فواكه العيد مسبقاً عبر تطبيق تعاونية الاتحاد. واختاروا من بين 5 أحجام. ثم حددوا تاريخ التسليم أو الاستلام في الوقت المناسب لكم، واستمتعوا بمنتجاتنا الطازجة.

#تعاونية_الاتحاد #العيد_في_دبي

Make this Eid sweeter for the people you love. 🌙

Pre-order your Eid fruit basket on the Union Coop App. Choose from 5 sizes, select your delivery or pick-up date, and enjoy freshness at your convenience.

Perfect for family, friends, and loved ones …",https://www.facebook.com/reel/900751102565817/,,3,0,,26.67,15,1,,0,,15,15,15,
69a6c08b89524eb2980cfc70,2026-03-03T11:05:57.614Z,Union Coop تعاونية الاتحاد,page,facebook,Post,".
اكسب ما يصل إلى 3.3 ضعف قيمة اشتراكك السنوي مع التوصيل المجاني والأولوية في الدعم واسترداد نقدي شهري على نفقاتك. 
كلما زادت مشترياتك، زادت مكافآتك.
قم بترقية حسابك اليوم وابدأ في الكسب بطريقة أكثر ذكاءً وسهولة.
#تعاونية_الاتحاد #خصومات_ذكية#اكسب_أكثر#مزايا_الاسترداد_النقدي
 
Earn up to 3.3 times your annual subscription value with free delivery, priority support, and monthly cashback on your spend. The more you shop, the more it gives back. Upgrade today and start earning smarter.

#Union_Coop…",https://www.facebook.com/351419630848390/posts/901585892498425,,3,0,,0.69,1450,0,,7,,1450,1450,1450,
6aa8138963236999d0f7cd13,2026-09-14T15:32:31.002Z,Union Coop تعاونية الاتحاد,page,facebook,Post,"تهانينا لأحمد كمال سجواني بمناسبة فوزه بسيارة «جيتور تي1 » الجديدة كلياً! 

شكراً من القلب لكل من شاركنا خلال موسم العودة إلى المدارس.

#تعاونية_الاتحاد #جيتور_تي1

Congratulations to Ahmad Kamal Sajwani on winning a brand-new Jetour T1! 🚗✨

Thank you to everyone who took part this Back to School season. 

#Union_Coop #JetourT1",https://www.facebook.com/reel/2136873970544365/,,2,1,,0.40,1258,0,,2,,1258,1258,1258,
6a9807ed5748f24f7ff3d294,2026-09-04T06:00:51.959Z,Union Coop تعاونية الاتحاد,page,facebook,Post,"🎒 أفكار صحية لوجبات أطفالكم 💚

اجعلوا وجبات أطفالكم المدرسية بسيطة، شهية ومغذية!

زورونا في تعاونية الاتحاد وتذوّقوا مع ريف لأفكار شهية لوجبات أطفالكم.

📍 جميرا وأم سقيم
📅 5 و6 سبتمبر
⏰ 11 صباحًا – 3 مساءً | 5 مساءً – 8 مساءً

#تعاونية_الاتحاد #العودة_إلى_المدارس 

🎒 Healthy Lunchbox Ideas 💚

Make school lunches simple, tasty & nutritious!

Join us at Union Coop and taste with REEF for tasty ideas for your child’s lunchbox.

📍 Jumeirah & Umm Suqeim
📅 5 & 6 September
⏰ 11 AM – 3 PM | 5 PM…",https://www.facebook.com/351419630848390/posts/1050683614255318,,2,1,,0.75,805,0,,3,,805,805,805,
6a7f1b121391c35bc622e3dd,2026-08-14T13:41:44.427Z,Union Coop تعاونية الاتحاد,page,facebook,Post,"نودلز إندومي الشهيرة؛ السرعة واللذة في طبق واحد! 

الوجبة المُنقذة والمفضلة للعائلة عندما تشتهون شيئاً شهياً وسريعاً في دقائق
معدودة.

تسوقوا مستلزماتكم واحتياجاتكم كالمعتاد من @unioncoop.

#تعاونية_الاتحاد #وصفات_شهيرة #إندومي #نودلز #دبي 
🍜 Viral Indomie Noodles

A family favourite when you want something tasty but just have a few minutes. 

Grocery run as usual from @unioncoop

#Union_Coop #ViralRecipes #Indomie #Noodles #Dubai",https://www.facebook.com/reel/1669818144081399/,,2,1,,1.31,381,0,,2,,381,381,381,
6a3ab3899ba2ea4a4823fadb,2026-06-23T13:53:20.000Z,Union Coop تعاونية الاتحاد,page,facebook,Post,Media only,https://www.facebook.com/photo.php?fbid=990806983576315&set=a.243999608257060&type=3,,2,1,,3.58,7199,0,,255,,7199,7199,7199,
6aa80ccdbbefe1b674a20b0e,2026-09-14T13:40:03.000Z,Union Coop تعاونية الاتحاد,page,facebook,Story,Media only,https://facebook.com/stories/105286645461691/UzpfSVNDOjExMDgwNDg4NjgzMTA4NTI=/?view_single=1,,2,,0,,,0,278,,2,,,,280
6aa80cccbbefe1b674a20af8,2026-09-14T13:39:54.000Z,Union Coop تعاونية الاتحاد,page,facebook,Story,Media only,https://facebook.com/stories/105286645461691/UzpfSVNDOjE0NDk1NzY4NTAzMTUyOTI=/?view_single=1,,2,,0,,,0,286,,2,,,,288
6aa80cccbbefe1b674a20af5,2026-09-14T13:40:14.000Z,Union Coop تعاونية الاتحاد,page,facebook,Story,Media only,https://facebook.com/stories/105286645461691/UzpfSVNDOjIzMzEzNzk1Nzc2NjgwOTU=/?view_single=1,,2,,0,,,0,272,,2,,,,272
6aa80cccbbefe1b674a20af3,2026-09-14T13:39:20.000Z,Union Coop تعاونية الاتحاد,page,facebook,Story,Media only,https://facebook.com/stories/105286645461691/UzpfSVNDOjEzOTQ5ODkzMTkyODc3Mjc=/?view_single=1,,2,,0,,,0,404,,2,,,,428
6aa80cccbbefe1b674a20af0,2026-09-14T13:40:47.000Z,Union Coop تعاونية الاتحاد,page,facebook,Story,Media only,https://facebook.com/stories/105286645461691/UzpfSVNDOjE2MTI2MTUzNTAyOTk1NjY=/?view_single=1,,2,,0,,,0,248,,2,,,,252
6aa80cccbbefe1b674a20aea,2026-09-14T13:39:33.000Z,Union Coop تعاونية الاتحاد,page,facebook,Story,Media only,https://facebook.com/stories/105286645461691/UzpfSVNDOjU0NTcwNTAzMDQ1MjA0NzQ=/?view_single=1,,2,,0,,,0,309,,2,,,,310
6aa80cccbbefe1b674a20ae7,2026-09-14T13:41:03.000Z,Union Coop تعاونية الاتحاد,page,facebook,Story,Media only,https://facebook.com/stories/105286645461691/UzpfSVNDOjE3MTMzMzk1ODY0MjI3NjY=/?view_single=1,,2,,0,,,0,224,,2,,,,226
6aa80cccbbefe1b674a20ae3,2026-09-14T13:40:21.000Z,Union Coop تعاونية الاتحاد,page,facebook,Story,Media only,https://facebook.com/stories/105286645461691/UzpfSVNDOjI1MDM3NjE1MzAxMTU0MDg=/?view_single=1,,2,,0,,,0,263,,2,,,,267
6aa80cccbbefe1b674a20ae1,2026-09-14T13:40:45.000Z,Union Coop تعاونية الاتحاد,page,facebook,Story,Media only,https://facebook.com/stories/105286645461691/UzpfSVNDOjEzOTgzNDk2MTIyNzAxNzE=/?view_single=1,,2,,0,,,0,252,,2,,,,257
6aa4e4daa4690e06bbd81c93,2026-09-12T04:06:53.000Z,Union Coop تعاونية الاتحاد,page,facebook,Story,Media only,https://facebook.com/stories/105286645461691/UzpfSVNDOjE0NTI0MjY2NzY5NDAyODc=/?view_single=1,,2,,0,,,0,249,,2,,,,256
6a9ebc03c4308b44a7555afd,2026-09-07T11:56:25.000Z,Union Coop تعاونية الاتحاد,page,facebook,Story,Media only,https://facebook.com/stories/105286645461691/UzpfSVNDOjQ0NzkyMDc4MDg5ODUwMjQ=/?view_single=1,,2,,0,,,0,230,,2,,,,235
6a9ebc02c4308b44a7555ae7,2026-09-07T11:56:49.000Z,Union Coop تعاونية الاتحاد,page,facebook,Story,Media only,https://facebook.com/stories/105286645461691/UzpfSVNDOjEzNTIzNDAzMDM1NTA1MDA=/?view_single=1,,2,,0,,,0,211,,2,,,,216
6a9ebc02c4308b44a7555ae0,2026-09-07T12:10:28.000Z,Union Coop تعاونية الاتحاد,page,facebook,Story,Media only,https://facebook.com/stories/105286645461691/UzpfSVNDOjE4NjY5NTYxMTc2MTUyODI=/?view_single=1,,2,,0,,,0,199,,2,,,,202
6a9d3db9235a6015e2c7ae7b,2026-09-06T07:38:36.000Z,Union Coop تعاونية الاتحاد,page,facebook,Story,Media only,https://facebook.com/stories/105286645461691/UzpfSVNDOjIxNDAzNDE3ODMxODE2Njc=/?view_single=1,,2,,0,,,0,646,,2,,,,670
6a9a9428929b37dd112b1bff,2026-09-04T07:09:55.000Z,Union Coop تعاونية الاتحاد,page,facebook,Story,Media only,https://facebook.com/stories/105286645461691/UzpfSVNDOjE2MjAzMDk4OTMwNTg5NjU=/?view_single=1,,2,,0,,,0,187,,2,,,,191
6a99135468b124eb93d5be94,2026-09-03T06:23:58.000Z,Union Coop تعاونية الاتحاد,page,facebook,Story,Media only,https://facebook.com/stories/105286645461691/UzpfSVNDOjEwOTExNjg4NTk5MTc0MzQ=/?view_single=1,,2,,0,,,0,235,,2,,,,236
6a99135468b124eb93d5be92,2026-09-03T06:23:25.000Z,Union Coop تعاونية الاتحاد,page,facebook,Story,Media only,https://facebook.com/stories/105286645461691/UzpfSVNDOjE2MjQzMTgyOTk0Mzg4NTQ=/?view_single=1,,2,,0,,,0,255,,2,,,,257
6a99135468b124eb93d5be90,2026-09-03T06:24:13.000Z,Union Coop تعاونية الاتحاد,page,facebook,Story,Media only,https://facebook.com/stories/105286645461691/UzpfSVNDOjEwMDA3Mjg1NTMwMjY5Nzg=/?view_single=1,,2,,0,,,0,225,,2,,,,229
6a99135468b124eb93d5be8e,2026-09-03T06:23:48.000Z,Union Coop تعاونية الاتحاد,page,facebook,Story,Media only,https://facebook.com/stories/105286645461691/UzpfSVNDOjE2NDQ4Mzc5OTcyMDQ5OTU=/?view_single=1,,2,,0,,,0,239,,2,,,,241
6a99135468b124eb93d5be8c,2026-09-03T06:23:47.000Z,Union Coop تعاونية الاتحاد,page,facebook,Story,Media only,https://facebook.com/stories/105286645461691/UzpfSVNDOjIwNzU3OTE5Mjk2OTc4MjM=/?view_single=1,,2,,0,,,0,242,,2,,,,244
6a99135468b124eb93d5be8a,2026-09-03T06:24:05.000Z,Union Coop تعاونية الاتحاد,page,facebook,Story,Media only,https://facebook.com/stories/105286645461691/UzpfSVNDOjI1MTk5Nzc5MjUxNjg2NDk=/?view_single=1,,2,,0,,,0,230,,2,,,,232
6a99135468b124eb93d5be86,2026-09-03T06:23:35.000Z,Union Coop تعاونية الاتحاد,page,facebook,Story,Media only,https://facebook.com/stories/105286645461691/UzpfSVNDOjIyNTc4ODgzMDgzMTExMTc=/?view_single=1,,2,,0,,,0,248,,2,,,,251
6a959323a0854abb4576d4b6,2026-08-31T13:27:00.000Z,Union Coop تعاونية الاتحاد,page,facebook,Story,Media only,https://facebook.com/stories/105286645461691/UzpfSVNDOjEwNTcxNDc1NzAyNDE4NDM=/?view_single=1,,2,,0,,,0,181,,2,,,,183
6a959323a0854abb4576d4b1,2026-08-31T13:28:06.000Z,Union Coop تعاونية الاتحاد,page,facebook,Story,Media only,https://facebook.com/stories/105286645461691/UzpfSVNDOjIyNzU4NjcxOTk4MTQzNzI=/?view_single=1,,2,,0,,,0,141,,2,,,,143
6a9296956db835054903b570,2026-08-29T08:14:58.000Z,Union Coop تعاونية الاتحاد,page,facebook,Story,Media only,https://facebook.com/stories/105286645461691/UzpfSVNDOjE0MDM5NjA4NTEwNjgzMjU=/?view_single=1,,2,,0,,,0,250,,2,,,,261
6a9296956db835054903b56e,2026-08-29T08:16:08.000Z,Union Coop تعاونية الاتحاد,page,facebook,Story,Media only,https://facebook.com/stories/105286645461691/UzpfSVNDOjIwODcxNjA5Mjg1NTAxMTI=/?view_single=1,,2,,0,,,0,180,,2,,,,186
6a916d0c0c53f7bc21a60ff4,2026-08-28T10:43:22.000Z,Union Coop تعاونية الاتحاد,page,facebook,Story,Media only,https://facebook.com/stories/105286645461691/UzpfSVNDOjQ0MzczOTk1NzY1MTU5MjU=/?view_single=1,,2,,0,,,0,174,,2,,,,181
6a916d0c0c53f7bc21a60fef,2026-08-28T10:43:39.000Z,Union Coop تعاونية الاتحاد,page,facebook,Story,Media only,https://facebook.com/stories/105286645461691/UzpfSVNDOjExMDEyMDIyNzU2NzIzNzg=/?view_single=1,,2,,0,,,0,168,,2,,,,174
6a916d0c0c53f7bc21a60fed,2026-08-28T10:43:15.000Z,Union Coop تعاونية الاتحاد,page,facebook,Story,Media only,https://facebook.com/stories/105286645461691/UzpfSVNDOjIwMDEyODI5NDA1NzY5NzQ=/?view_single=1,,2,,0,,,0,283,,2,,,,300
6a916d0c0c53f7bc21a60fe5,2026-08-28T10:44:30.000Z,Union Coop تعاونية الاتحاد,page,facebook,Story,Media only,https://facebook.com/stories/105286645461691/UzpfSVNDOjE2MDA0NDY3ODgzOTA5MjA=/?view_single=1,,2,,0,,,0,151,,2,,,,158
6a916d0c0c53f7bc21a60fe3,2026-08-28T10:44:12.000Z,Union Coop تعاونية الاتحاد,page,facebook,Story,Media only,https://facebook.com/stories/105286645461691/UzpfSVNDOjE4MTc0MDk0MjI3NjI4MTE=/?view_single=1,,2,,0,,,0,157,,2,,,,161
6a916d0c0c53f7bc21a60fe1,2026-08-28T10:43:51.000Z,Union Coop تعاونية الاتحاد,page,facebook,Story,Media only,https://facebook.com/stories/105286645461691/UzpfSVNDOjE0MzgwMTc5MDgyMjU5NDg=/?view_single=1,,2,,0,,,0,165,,2,,,,171
6a900c6a4670894d94ff8106,2026-08-27T10:07:50.579Z,Union Coop تعاونية الاتحاد,page,facebook,Post,"احتفلي معنا بـ يوم المرأة الإماراتية من خلال ورشة صناعة الدخون المميزة والمستوحاة من التراث الإماراتي.

انضمي إلينا في تجربة تفاعلية مميزة واصنعي دخونك الخاص.

📅 28 أغسطس 2026
📍 اتحاد مول | البرشاء مول | الخوانيج مول
🎁 ورشة مجانية
👩 مخصصة للسيدات فقط
🎟 المقاعد محدودة – التسجيل مطلوب

امسحي رمز الـ QR للتسجيل واختيار الموقع والجلسة المناسبة لكِ.

#تعاونية_الاتحاد

Celebrate Emirati Women’s Day with us through a special Dukhoon Making Workshop, inspired by Emirati heritage.

Join us for a uni…",https://www.facebook.com/351419630848390/posts/1044215224902157,,2,0,,0.83,841,0,,5,,841,841,841,
6a8be9e9c1568e6ef04dc2e3,2026-08-24T06:42:56.000Z,Union Coop تعاونية الاتحاد,page,facebook,Story,Media only,https://facebook.com/stories/105286645461691/UzpfSVNDOjE1NjM5NDQ2MTE4NDg3MTA=/?view_single=1,,2,,0,,,0,217,,2,,,,224
6a87ee6a16637c6fb7640d2b,2026-08-21T06:08:42.000Z,Union Coop تعاونية الاتحاد,page,facebook,Story,Media only,https://facebook.com/stories/105286645461691/UzpfSVNDOjE3MDA3MjYyMTc4MjgzOTc=/?view_single=1,,2,,0,,,0,295,,2,,,,311
6a87ee6a16637c6fb7640d27,2026-08-21T06:08:37.000Z,Union Coop تعاونية الاتحاد,page,facebook,Story,Media only,https://facebook.com/stories/105286645461691/UzpfSVNDOjIwNjIzMDMzMzQ0MDYwMzc=/?view_single=1,,2,,0,,,0,305,,2,,,,319
6a87ee6a16637c6fb7640d25,2026-08-21T06:08:07.000Z,Union Coop تعاونية الاتحاد,page,facebook,Story,Media only,https://facebook.com/stories/105286645461691/UzpfSVNDOjE1ODAxNDE2MzA0NjgyNDU=/?view_single=1,,2,,0,,,0,336,,2,,,,352
6a87ee6a16637c6fb7640d23,2026-08-21T06:08:31.000Z,Union Coop تعاونية الاتحاد,page,facebook,Story,Media only,https://facebook.com/stories/105286645461691/UzpfSVNDOjE2NzA1NzUyMzA3MDQ1MTA=/?view_single=1,,2,,0,,,0,307,,2,,,,321
6a87ee6a16637c6fb7640d21,2026-08-21T06:08:12.000Z,Union Coop تعاونية الاتحاد,page,facebook,Story,Media only,https://facebook.com/stories/105286645461691/UzpfSVNDOjE1ODAwMjIyMjAyMzA3MTY=/?view_single=1,,2,,0,,,0,321,,2,,,,338
6a85efc47872fee2a309d566,2026-08-19T16:36:45.000Z,Union Coop تعاونية الاتحاد,page,facebook,Story,Media only,https://facebook.com/stories/105286645461691/UzpfSVNDOjEzOTY5NjM3NTU4MzE4MTc=/?view_single=1,,2,,0,,,0,199,,2,,,,199
6a85efc47872fee2a309d564,2026-08-19T16:36:37.000Z,Union Coop تعاونية الاتحاد,page,facebook,Story,Media only,https://facebook.com/stories/105286645461691/UzpfSVNDOjIxNDE2NjU2ODYzOTk0MTU=/?view_single=1,,2,,0,,,0,215,,2,,,,215
6a831b6f7b36f51e130e3381,2026-08-17T13:12:12.000Z,Union Coop تعاونية الاتحاد,page,facebook,Story,Media only,https://facebook.com/stories/105286645461691/UzpfSVNDOjE4OTM1MTkyMzg3MTk2NDI=/?view_single=1,,2,,0,,,0,344,,2,,,,352
6a831b6f7b36f51e130e337d,2026-08-17T13:11:41.000Z,Union Coop تعاونية الاتحاد,page,facebook,Story,Media only,https://facebook.com/stories/105286645461691/UzpfSVNDOjEzMjg0NTczNTU3NDE4OTY=/?view_single=1,,2,,0,,,0,385,,2,,,,399
6a831b6f7b36f51e130e3373,2026-08-17T13:12:23.000Z,Union Coop تعاونية الاتحاد,page,facebook,Story,Media only,https://facebook.com/stories/105286645461691/UzpfSVNDOjEzNDU4MzgwNTQzNzYyODY=/?view_single=1,,2,,0,,,0,335,,2,,,,340
6a831b6f7b36f51e130e3371,2026-08-17T13:12:39.000Z,Union Coop تعاونية الاتحاد,page,facebook,Story,Media only,https://facebook.com/stories/105286645461691/UzpfSVNDOjEwODcyODgzNTA0MDAyMzc=/?view_single=1,,2,,0,,,0,327,,2,,,,335
6a7f46be98f986f1b1106c89,2026-08-14T16:48:07.869Z,Union Coop تعاونية الاتحاد,page,facebook,Post,"من مزارع لبنان بكل فخر.

يصل إليكم طازجاً يومياً عبر الشحن الجوي.
بطيخ خالٍ من البذور، ناضج، وحلو المذاق بطبيعته.

تذوّقوه مجاناً في تعاونية الاتحاد.

📍 اتحاد مول: اليوم حتى الساعة 10:00 مساءً
📍 الخوانيج: غداً من الساعة 10:00 صباحاً حتى 10:00 مساءً
📍 البرشاء مول: يوم الأحد من الساعة 10:00 صباحاً حتى 10:00 مساءً

#تعاونية_الاتحاد #بطيخ_بدون_بذور #تذوق_مجاني

Proudly grown in Lebanon.

Flown in fresh daily.

Seedless, ripe and naturally sweet watermelon.

📍 Etihad Mall today until 10pm
📍 Al K…",https://www.facebook.com/reel/1423752776473068/,,2,0,,13.33,15,0,,0,,15,15,15,
6a7ef23bee9ec380851680e4,2026-08-14T09:46:41.000Z,Union Coop تعاونية الاتحاد,page,facebook,Story,Media only,https://facebook.com/stories/105286645461691/UzpfSVNDOjEwNDMxMTU2NjUwOTg4NTA=/?view_single=1,,2,,0,,,0,343,,2,,,,352
6a7ef23bee9ec380851680e1,2026-08-14T09:47:12.000Z,Union Coop تعاونية الاتحاد,page,facebook,Story,Media only,https://facebook.com/stories/105286645461691/UzpfSVNDOjEwMzI4MzkzODkzNjkxMjA=/?view_single=1,,2,,0,,,0,334,,2,,,,342
6a7ef23bee9ec380851680dc,2026-08-14T09:47:18.000Z,Union Coop تعاونية الاتحاد,page,facebook,Story,Media only,https://facebook.com/stories/105286645461691/UzpfSVNDOjEwMDM1NDQ1NjkzOTczNTQ=/?view_single=1,,2,,0,,,0,320,,2,,,,332
6a7ec7cc38bef58b36cb9a83,2026-08-14T07:38:54.000Z,Union Coop تعاونية الاتحاد,page,facebook,Story,Media only,https://facebook.com/stories/105286645461691/UzpfSVNDOjEwNzM3MTg4ODg3MTQ5NjM=/?view_single=1,,2,,0,,,0,459,,2,,,,485
6a7ec7cc38bef58b36cb9a6b,2026-08-14T07:38:46.000Z,Union Coop تعاونية الاتحاد,page,facebook,Story,Media only,https://facebook.com/stories/105286645461691/UzpfSVNDOjEwOTAwMDIyMjM2OTczNzc=/?view_single=1,,2,,0,,,0,511,,2,,,,546
6a7ec7cc38bef58b36cb9a69,2026-08-14T07:39:07.000Z,Union Coop تعاونية الاتحاد,page,facebook,Story,Media only,https://facebook.com/stories/105286645461691/UzpfSVNDOjE5MjMzNTU5NDUwMDU5NjE=/?view_single=1,,2,,0,,,0,422,,2,,,,438
6a7ec7cc38bef58b36cb9a67,2026-08-14T07:39:39.000Z,Union Coop تعاونية الاتحاد,page,facebook,Story,Media only,https://facebook.com/stories/105286645461691/UzpfSVNDOjMzNzgzOTEwOTIzMzE3ODA=/?view_single=1,,2,,0,,,0,390,,2,,,,411
6a7ec7cc38bef58b36cb9a65,2026-08-14T07:39:24.000Z,Union Coop تعاونية الاتحاد,page,facebook,Story,Media only,https://facebook.com/stories/105286645461691/UzpfSVNDOjEwOTI4MDMwNjY2MzgxNjQ=/?view_single=1,,2,,0,,,0,407,,2,,,,420
6a7dc8f3401c83263d9500fb,2026-08-13T13:39:10.383Z,Union Coop تعاونية الاتحاد,page,facebook,Post,"طازج وغني بالعصير وحلو بطبيعته! 

استمتعوا بطعم البطيخ الخالي من البذور والمزروع بفخر في مزارع لبنان والمستورد طازجاً ليصلكم جواً يومياً!

😋 شاركونا حلاوة الصيف وتذوقوا العينات المجانية:

📍 14 أغسطس – اتحاد مول
📍 15 أغسطس – الخوانيج
📍 16 أغسطس –  البرشاء مول

⏰ 10 صباحاً – 10 مساءً

نسعد بلقائكم!

#تعاونية_الاتحاد #بطيخ_بدون_بذور #تذوق_مجاني 

Fresh, juicy, ripe and naturally sweet! 🍉

Discover our seedless watermelon, proudly grown in Lebanon and flown in fresh daily by plane.

Join us for…",https://www.facebook.com/351419630848390/posts/1032667696056910,,2,0,,1.11,995,0,,9,,995,995,995,
6a7d72ff7034fe3d09eb83ba,2026-08-13T06:34:28.000Z,Union Coop تعاونية الاتحاد,page,facebook,Story,Media only,https://facebook.com/stories/105286645461691/UzpfSVNDOjEwMzEyNzYwNzMwMzYyODA=/?view_single=1,,2,,0,,,0,321,,2,,,,329
6a7d72ff7034fe3d09eb83b8,2026-08-13T06:34:47.000Z,Union Coop تعاونية الاتحاد,page,facebook,Story,Media only,https://facebook.com/stories/105286645461691/UzpfSVNDOjE3Mzg0NjY4NTQwMTU1MjY=/?view_single=1,,2,,0,,,0,276,,2,,,,281
6a7d72ff7034fe3d09eb83b6,2026-08-13T06:34:36.000Z,Union Coop تعاونية الاتحاد,page,facebook,Story,Media only,https://facebook.com/stories/105286645461691/UzpfSVNDOjE1OTYyMzEwODIyMDQ5MTk=/?view_single=1,,2,,0,,,0,286,,2,,,,293
6a7d72ff7034fe3d09eb83b4,2026-08-13T06:35:10.000Z,Union Coop تعاونية الاتحاد,page,facebook,Story,Media only,https://facebook.com/stories/105286645461691/UzpfSVNDOjE1ODIwNzQ5Mzk4OTk5ODY=/?view_single=1,,2,,0,,,0,257,,2,,,,267
6a7d72ff7034fe3d09eb83b2,2026-08-13T06:34:53.000Z,Union Coop تعاونية الاتحاد,page,facebook,Story,Media only,https://facebook.com/stories/105286645461691/UzpfSVNDOjI4NjIyNjMyMTQxMTA4Mzg=/?view_single=1,,2,,0,,,0,271,,2,,,,278
6a7d72ff7034fe3d09eb83b0,2026-08-13T06:35:02.000Z,Union Coop تعاونية الاتحاد,page,facebook,Story,Media only,https://facebook.com/stories/105286645461691/UzpfSVNDOjQxNTAxMTE0MTE5NTUwMTY=/?view_single=1,,2,,0,,,0,269,,2,,,,275
6a7d72ff7034fe3d09eb83ae,2026-08-13T06:34:42.000Z,Union Coop تعاونية الاتحاد,page,facebook,Story,Media only,https://facebook.com/stories/105286645461691/UzpfSVNDOjEwNDUwNjg1MTQ1NzY5NTA=/?view_single=1,,2,,0,,,0,278,,2,,,,285
6a7af2ef28a7bdb6ad3b315d,2026-08-10T13:50:43.000Z,Union Coop تعاونية الاتحاد,page,facebook,Story,Media only,https://facebook.com/stories/105286645461691/UzpfSVNDOjkxNDc0MDAxMTEyODkzMg==/?view_single=1,,2,,0,,,0,563,,2,,,,573
6a7af2ef28a7bdb6ad3b3157,2026-08-10T13:53:39.000Z,Union Coop تعاونية الاتحاد,page,facebook,Story,Media only,https://facebook.com/stories/105286645461691/UzpfSVNDOjE2NjY0ODk2OTg4MTYxNDE=/?view_single=1,,2,,0,,,0,552,,2,,,,561
6a7af2ef28a7bdb6ad3b3151,2026-08-10T13:54:13.000Z,Union Coop تعاونية الاتحاد,page,facebook,Story,Media only,https://facebook.com/stories/105286645461691/UzpfSVNDOjEzNjg3MjIxMTUzNzM4ODQ=/?view_single=1,,2,,0,,,0,504,,2,,,,511
6a7af2ef28a7bdb6ad3b314d,2026-08-10T13:54:22.000Z,Union Coop تعاونية الاتحاد,page,facebook,Story,Media only,https://facebook.com/stories/105286645461691/UzpfSVNDOjQ1OTY2NDc0MDA1ODAyMTY=/?view_single=1,,2,,0,,,0,473,,2,,,,479
6a6765f8bd8960782a005722,2026-07-27T14:08:21.261Z,Union Coop تعاونية الاتحاد,page,facebook,Post,"هذا الصيف، خاض 50 طالباً رحلة ملهمة في عالم الخط العربي في المقرّ الرئيسي لتعاونية الاتحاد في الورقاء سيتي مول.

وتحت إشراف مدربين خبراء، اكتشف المشاركون أساسيات هذا الفن الأصيل وأتقنوا أنماطاً مختلفة منه، مما ساعدهم على صقل مهاراتهم وتعميق ارتباطهم بجمال اللغة العربية.

عكست كل حركة قلم إبداعهم وشغفهم، وأبهرتنا أعمالهم الفنية بما يحملونه من موهبة وقدرة على التطور. 

 نتطلع بشغف لاستقبال المزيد من المواهب الشابة في ورش العمل المقبلة!

#تعاونية_الاتحاد  #ورشة_الخط_العربي

✨ This summer, 50 studen…",https://www.facebook.com/351419630848390/posts/1018436224146724,,2,0,,0.68,1317,0,,7,,1317,1317,1317,
6a6592d02db6d2a86f03c818,2026-07-26T06:43:29.144Z,Union Coop تعاونية الاتحاد,page,facebook,Post,"استمتعوا بالطعم الأصيل للمنتجات المحلية في تعاونية الاتحاد.

واكتشفوا التمور المزروعة محلياً في الإمارات من خلال تذوق مجاني لحلوى البثيثة.

تفضلوا بزيارة تعاونية الاتحاد في فروعنا في الاتحاد مول وجميرا مول وفرع البرشاء مول.

#تعاونية_الاتحاد #البثيثة #تمور_الإمارات

Get a taste of homegrown goodness. Discover the finest UAE dates with a free Batheetha sampling.                                                                               

Stop by Union Coop at our Etihad Mall branch, Jumeirah b…",https://www.facebook.com/reel/1282997097079590/,,2,0,,1.90,263,0,,3,,263,263,263,
6a45f72edddf8e6bdc026699,2026-07-02T05:29:33.354Z,Union Coop تعاونية الاتحاد,page,facebook,Post,"هل تعتقد أنك تتمتع بالمهارات المطلوبة؟ 

لا داعي لأن تكون لديك مهارات كروية خارقة للفوز هذا الموسم. اختبر معلوماتك حول المباريات مع لعبة تميز ""العب واربح“.
 توقع الفائزين يومياً واكسب فرصاً في السحب مع كل توقع صحيح، واحصل على فرصة للفوز بسيارة Jetour T2.

العب مجاناً على تطبيق تعاونية الاتحاد. اشترك في تميّز اليوم واجعل كل مباراة حاسمة.

حمّل التطبيق وابدأ الحماس.

#تعاونية_الاتحاد #كأس_العالم 

Think you have what it takes? ⚽✨

You don't need fancy ball skills to win this season. Put your matc…",https://www.facebook.com/reel/1643607146707393/,,2,0,,40.00,10,0,,2,,10,10,10,
6a0f042a6cdb0eab220ceb92,2026-05-21T13:10:12.652Z,Union Coop تعاونية الاتحاد,page,facebook,Post,"ما الذي كان يختبئ في رفوف متاجرنا؟ 
المزيد من العروض المميزة في تسوقك الأسبوعي في انتظارك، لا تفوّتها!
#تميّز #تعاونية_الاتحاد#5أضعاف 

What’s been hiding in our aisles? 👀 There’s more value in your weekly shop than you think. Stay tuned. #Union_Coop #Tamayaz #5XMore",https://www.facebook.com/reel/1956945902374805/,,2,0,,7.14,28,0,,0,,28,28,28,
6a02200a6e25abc957f27c33,2026-05-11T18:28:20.000Z,Union Coop تعاونية الاتحاد,page,facebook,Post,"أنت من أي جيل؟ جيل الألفية الجدي أم جيل زد المرح؟ 
كلاهما متفق على شيء واحد وهو عروض تعاونية الاتحاد التي لا تُفوت!
#تعاونية_الاتحاد #عروض #مزايا_قيمة

Millennial vs. Gen Z… same offers, different personalities 👀✨
Who said it best?

#Union_Coop #GreatValue #Offers",https://www.facebook.com/351419630848390/posts/955270957129918,,2,0,,0.85,1294,0,,9,,1294,1294,1294,
69d7dcee8f27706e0c017aea,2026-04-09T17:08:12.919Z,Union Coop تعاونية الاتحاد,page,facebook,Post,"علمٌ واحد. وطنٌ واحد. قلبٌ واحد.

في تعاونية الاتحاد، نقف بفخر إلى جانب كل من يعيش على أرض هذا الوطن العظيم، رافعين العلم، ومستجيبين لنداء قيادتنا بروحٍ من الوحدة والاعتزاز.

لطالما كانت دولة الإمارات منارةً للسلام والقوة والمرونة. ومهما كانت التحديات التي تواجه منطقتنا، يظل هذا العلم رمزًا لما نحن عليه وما نؤمن به.

شكرًا لكِ يا الإمارات، على الأمان الذي تمنحينه، والقيم التي ترسخينها، والوطن الذي تحتضنين فيه الجميع.
#تعاونية_الاتحاد 

One flag. One nation. One heart.

At Union Coop, we stand pr…",https://www.facebook.com/reel/2527378400990659/,,2,0,,3.85,78,0,,1,,78,78,78,
69b3e199df3c80eee60ffe6b,2026-03-13T10:06:29.121Z,Union Coop تعاونية الاتحاد,page,facebook,Post,"في هذا الشهر الكريم، مساهمتك البسيطة قد تحمل معنى عميقاً لعائلة محتاجة.

انضم إلينا في تعاونية الاتحاد مع مؤسسة ""عائلة العطاء"" ومنصة ""تراحم"" الخيرية في حملة دعم العائلات المحتاجة عبر صناديق العطاء المتوفرة بثلاثة خيارات: 50 درهم، 100 درهم و150 درهم.

كل صندوق يحتوي على مواد غذائية أساسية عالية الجودة لإعانة العائلات خلال شهر رمضان المبارك.
وتذكر أنه لا يوجد تبرع صغير. كل درهم يساهم في توفير الأساسيات  لمن هم أحوج إليها.

الطريقة سهلة جداً، امسح رمز QR المرفق ، قدم تبرعك في ثوان معدودة وكن جزءاً …",https://www.facebook.com/reel/1308741297746438/,,2,0,,18.18,11,0,,0,,11,11,11,
6999b72c443eb388890c4de8,2026-02-21T13:46:30.061Z,Union Coop تعاونية الاتحاد,page,facebook,Post,"Every step I take now brings me closer to Tokyo.
I train smart, stay hydrated, and run together with the Pocari Sweat supporting my journey since day one.

#PocariSweat #SweatForSuccess #TokyoMarathon 2026 #TogetherToTokyo",https://www.facebook.com/reel/1078598357774848/,,2,0,,0.66,610,1,,1,,610,610,610,
6aa2570ed728adfbfca8392c,2026-09-12T06:00:42.848Z,Union Coop تعاونية الاتحاد,page,facebook,Post,"متبّلة بنكهة مدخّنة وغنية بالطعم اللذيذ. إنها العرايس، المثالية لوجبة عائلية شهية أو وجبة خفيفة بعد الظهر!

لأن الأمهات أيضاً لهنّ نصيب من الاستعداد للعودة إلى المدارس!

كل ما تحتاجه لأطباقك المفضلة يتوفر في: @union.coop 

#تعاونية_الاتحاد #عرايس

Spiced, smoky, and packed with flavour. The perfect Arayes for a delicious family meal or an afternoon snack!

Because even mums need to get ready for back-to-school! 📚✨

Your go-to grocery stop: @union.coop

#Union_Coop #Arayes",https://www.facebook.com/reel/2325513981644632/,,1,1,,0.60,1332,0,,6,,1332,1332,1332,
6aace13afdcb0db4f0ea3962,2026-09-18T05:18:57.000Z,Union Coop تعاونية الاتحاد,page,facebook,Story,Media only,https://facebook.com/stories/105286645461691/UzpfSVNDOjE5OTkxNjQyNjc0NTU0OTE=/?view_single=1,,1,,0,,,0,445,,1,,,,466
6aace13afdcb0db4f0ea3960,2026-09-18T05:34:47.000Z,Union Coop تعاونية الاتحاد,page,facebook,Story,Media only,https://facebook.com/stories/105286645461691/UzpfSVNDOjIzMjgxMTAwNTQ2Nzg4MjU=/?view_single=1,,1,,0,,,0,401,,1,,,,418
6aace13afdcb0db4f0ea395c,2026-09-18T05:18:29.000Z,Union Coop تعاونية الاتحاد,page,facebook,Story,Media only,https://facebook.com/stories/105286645461691/UzpfSVNDOjIwMzM5ODAwNTcyODc5OTY=/?view_single=1,,1,,0,,,0,463,,1,,,,489
6aace13afdcb0db4f0ea395a,2026-09-18T05:34:51.000Z,Union Coop تعاونية الاتحاد,page,facebook,Story,Media only,https://facebook.com/stories/105286645461691/UzpfSVNDOjEzODYwMzMzNjY1NzY5NzE=/?view_single=1,,1,,0,,,0,433,,1,,,,452
6aace13afdcb0db4f0ea3958,2026-09-18T05:18:37.000Z,Union Coop تعاونية الاتحاد,page,facebook,Story,Media only,https://facebook.com/stories/105286645461691/UzpfSVNDOjE2MzIwNDg2OTE2MzkxMjk=/?view_single=1,,1,,0,,,0,455,,1,,,,481
6aace13afdcb0db4f0ea3954,2026-09-18T05:18:49.000Z,Union Coop تعاونية الاتحاد,page,facebook,Story,Media only,https://facebook.com/stories/105286645461691/UzpfSVNDOjE1NTYzNjE2NjI0NzEzMjI=/?view_single=1,,1,,0,,,0,449,,1,,,,476
6aace13afdcb0db4f0ea3952,2026-09-18T05:18:17.000Z,Union Coop تعاونية الاتحاد,page,facebook,Story,Media only,https://facebook.com/stories/105286645461691/UzpfSVNDOjk2MjQ2MTQ2MzU1NDI3OA==/?view_single=1,,1,,0,,,0,466,,1,,,,490
6aabe21b0bc4f9947ba4798a,2026-09-17T09:58:27.000Z,Union Coop تعاونية الاتحاد,page,facebook,Story,Media only,https://facebook.com/stories/105286645461691/UzpfSVNDOjExMTU4NDU1NzEwMDMwMjA=/?view_single=1,,1,,0,,,0,493,,1,,,,523
6aabe21b0bc4f9947ba47988,2026-09-17T09:58:33.000Z,Union Coop تعاونية الاتحاد,page,facebook,Story,Media only,https://facebook.com/stories/105286645461691/UzpfSVNDOjE4NDMzNDY5OTY2NTM0ODM=/?view_single=1,,1,,0,,,0,379,,1,,,,393
6aab8c830cc07651842d053c,2026-09-17T04:36:23.000Z,Union Coop تعاونية الاتحاد,page,facebook,Story,Media only,https://facebook.com/stories/105286645461691/UzpfSVNDOjI3OTkyNDkxOTY3MTE2NTY1/?view_single=1,,1,,0,,,0,283,,1,,,,292
6aa80ccdbbefe1b674a20b15,2026-09-14T13:40:30.000Z,Union Coop تعاونية الاتحاد,page,facebook,Story,Media only,https://facebook.com/stories/105286645461691/UzpfSVNDOjEwODI3NzI4Njc3MzI4MzI=/?view_single=1,,1,,0,,,0,259,,1,,,,264
6aa80cccbbefe1b674a20aee,2026-09-14T13:40:58.000Z,Union Coop تعاونية الاتحاد,page,facebook,Story,Media only,https://facebook.com/stories/105286645461691/UzpfSVNDOjQzODIwMTQwODUzODY2NzQ=/?view_single=1,,1,,0,,,0,236,,1,,,,239
6aa3913891d71cc2bb8d6032,2026-09-11T05:00:16.000Z,Union Coop تعاونية الاتحاد,page,facebook,Story,Media only,https://facebook.com/stories/105286645461691/UzpfSVNDOjE2Nzk3OTgyMjAzMzU5NzA=/?view_single=1,,1,,0,,,0,456,,1,,,,465
6aa3913891d71cc2bb8d602a,2026-09-11T05:00:29.000Z,Union Coop تعاونية الاتحاد,page,facebook,Story,Media only,https://facebook.com/stories/105286645461691/UzpfSVNDOjEwODU4NzYyNTc0MjcxNDU=/?view_single=1,,1,,0,,,0,435,,1,,,,444
6a9ebc02c4308b44a7555af3,2026-09-07T11:56:17.000Z,Union Coop تعاونية الاتحاد,page,facebook,Story,Media only,https://facebook.com/stories/105286645461691/UzpfSVNDOjEwMDE3MDk2MzI4ODUxODc=/?view_single=1,,1,,0,,,0,233,,1,,,,237
6a9ebc02c4308b44a7555af1,2026-09-07T11:54:11.000Z,Union Coop تعاونية الاتحاد,page,facebook,Story,Media only,https://facebook.com/stories/105286645461691/UzpfSVNDOjIyNjgxOTE3ODA2MzIyOTk=/?view_single=1,,1,,0,,,0,264,,1,,,,269
6a9ebc02c4308b44a7555aed,2026-09-07T11:55:34.000Z,Union Coop تعاونية الاتحاد,page,facebook,Story,Media only,https://facebook.com/stories/105286645461691/UzpfSVNDOjI4ODg0NDk4ODI3ODIxODU2/?view_single=1,,1,,0,,,0,254,,1,,,,258
6a9ebc02c4308b44a7555aeb,2026-09-07T11:53:47.000Z,Union Coop تعاونية الاتحاد,page,facebook,Story,Media only,https://facebook.com/stories/105286645461691/UzpfSVNDOjEzOTA5NDg4OTU4NjA3NTg=/?view_single=1,,1,,0,,,0,288,,1,,,,291
6a9ebc02c4308b44a7555ae9,2026-09-07T11:55:44.000Z,Union Coop تعاونية الاتحاد,page,facebook,Story,Media only,https://facebook.com/stories/105286645461691/UzpfSVNDOjEwNzUzMjYxOTIxMzg3ODM=/?view_single=1,,1,,0,,,0,245,,1,,,,250
6a9ebc02c4308b44a7555ae3,2026-09-07T11:55:51.000Z,Union Coop تعاونية الاتحاد,page,facebook,Story,Media only,https://facebook.com/stories/105286645461691/UzpfSVNDOjMyMzI2Njc4NjcxMjM0MDA=/?view_single=1,,1,,0,,,0,239,,1,,,,246
6a9a9428929b37dd112b1c03,2026-09-04T07:10:46.000Z,Union Coop تعاونية الاتحاد,page,facebook,Story,Media only,https://facebook.com/stories/105286645461691/UzpfSVNDOjEwNjA5MTU3NzY4MDMwNzI=/?view_single=1,,1,,0,,,0,156,,1,,,,161
6a9a9428929b37dd112b1c01,2026-09-04T07:10:41.000Z,Union Coop تعاونية الاتحاد,page,facebook,Story,Media only,https://facebook.com/stories/105286645461691/UzpfSVNDOjE1ODI3MTM5OTk5ODQ0NDI=/?view_single=1,,1,,0,,,0,159,,1,,,,162
6a9a9428929b37dd112b1bfb,2026-09-04T07:10:27.000Z,Union Coop تعاونية الاتحاد,page,facebook,Story,Media only,https://facebook.com/stories/105286645461691/UzpfSVNDOjE4MDIzNjY3NTA3NTU3MTI=/?view_single=1,,1,,0,,,0,165,,1,,,,168
6a9a9428929b37dd112b1bf7,2026-09-04T07:10:18.000Z,Union Coop تعاونية الاتحاد,page,facebook,Story,Media only,https://facebook.com/stories/105286645461691/UzpfSVNDOjIyNjQ0Mjc3MzEwNzM3MjE=/?view_single=1,,1,,0,,,0,168,,1,,,,173
6a9a9428929b37dd112b1bf5,2026-09-04T07:10:02.000Z,Union Coop تعاونية الاتحاد,page,facebook,Story,Media only,https://facebook.com/stories/105286645461691/UzpfSVNDOjI5ODc1Nzk5NDgyNDgzMjM=/?view_single=1,,1,,0,,,0,174,,1,,,,177
6a9a69bca18900b20e42dfd6,2026-09-04T06:15:23.000Z,Union Coop تعاونية الاتحاد,page,facebook,Story,Media only,https://facebook.com/stories/105286645461691/UzpfSVNDOjI1NDQ1MjIwMjYwNTQzNTc=/?view_single=1,,1,,0,,,0,244,,1,,,,254
6a99135468b124eb93d5be84,2026-09-03T06:23:17.000Z,Union Coop تعاونية الاتحاد,page,facebook,Story,Media only,https://facebook.com/stories/105286645461691/UzpfSVNDOjEwOTY2MjcyNjI4Nzk0NzQ=/?view_single=1,,1,,0,,,0,293,,1,,,,313
6a959323a0854abb4576d4a4,2026-08-31T13:27:55.000Z,Union Coop تعاونية الاتحاد,page,facebook,Story,Media only,https://facebook.com/stories/105286645461691/UzpfSVNDOjIxNDI3OTY3ODI5MzU5MTc=/?view_single=1,,1,,0,,,0,147,,1,,,,148
6a959323a0854abb4576d4a2,2026-08-31T13:27:39.000Z,Union Coop تعاونية الاتحاد,page,facebook,Story,Media only,https://facebook.com/stories/105286645461691/UzpfSVNDOjIwMTQxOTYxMjkyNzEzNjY=/?view_single=1,,1,,0,,,0,152,,1,,,,153
6a959323a0854abb4576d4a0,2026-08-31T12:35:05.000Z,Union Coop تعاونية الاتحاد,page,facebook,Story,Media only,https://facebook.com/stories/105286645461691/UzpfSVNDOjIwODE3MDUxODk0MDMxMDA=/?view_single=1,,1,,0,,,0,697,,1,,,,788
6a959323a0854abb4576d49a,2026-08-31T13:27:24.000Z,Union Coop تعاونية الاتحاد,page,facebook,Story,Media only,https://facebook.com/stories/105286645461691/UzpfSVNDOjQ0MzY1OTExMTY1ODc4MTk=/?view_single=1,,1,,0,,,0,158,,1,,,,158
6a959323a0854abb4576d498,2026-08-31T13:27:46.000Z,Union Coop تعاونية الاتحاد,page,facebook,Story,Media only,https://facebook.com/stories/105286645461691/UzpfSVNDOjEwODkwODA1MTY5MTA4Nzg=/?view_single=1,,1,,0,,,0,151,,1,,,,151
6a959323a0854abb4576d496,2026-08-31T13:27:29.000Z,Union Coop تعاونية الاتحاد,page,facebook,Story,Media only,https://facebook.com/stories/105286645461691/UzpfSVNDOjIxMDkzMjk4NjY2NzM4MTU=/?view_single=1,,1,,0,,,0,155,,1,,,,156
6a914270346a7fad55967d21,2026-08-28T08:04:32.000Z,Union Coop تعاونية الاتحاد,page,facebook,Story,Media only,https://facebook.com/stories/105286645461691/UzpfSVNDOjE1OTI5MTE1NDkyMTI2MzI=/?view_single=1,,1,,0,,,0,162,,1,,,,170
6a8c6a5aaeee61f753594ea7,2026-08-24T13:07:20.000Z,Union Coop تعاونية الاتحاد,page,facebook,Story,Media only,https://facebook.com/stories/105286645461691/UzpfSVNDOjE1Njc1OTA5MDUzODEwNTg=/?view_single=1,,1,,0,,,0,230,,1,,,,234
6a8c6a5aaeee61f753594e86,2026-08-24T13:08:15.000Z,Union Coop تعاونية الاتحاد,page,facebook,Story,Media only,https://facebook.com/stories/105286645461691/UzpfSVNDOjEwNDM4MTcwNjg0MTQ1NTQ=/?view_single=1,,1,,0,,,0,197,,1,,,,205
6a8c6a5aaeee61f753594e7a,2026-08-24T13:07:44.000Z,Union Coop تعاونية الاتحاد,page,facebook,Story,Media only,https://facebook.com/stories/105286645461691/UzpfSVNDOjExMDE0MDQzMDI0NDc3OTE=/?view_single=1,,1,,0,,,0,220,,1,,,,228
6a8be9e9c1568e6ef04dc2eb,2026-08-24T06:43:00.000Z,Union Coop تعاونية الاتحاد,page,facebook,Story,Media only,https://facebook.com/stories/105286645461691/UzpfSVNDOjIyNzQ2NzA2NDk5Njk3NjA=/?view_single=1,,1,,0,,,0,212,,1,,,,219
6a8be9e9c1568e6ef04dc2e7,2026-08-24T06:43:18.000Z,Union Coop تعاونية الاتحاد,page,facebook,Story,Media only,https://facebook.com/stories/105286645461691/UzpfSVNDOjEwNjI2MTM1Nzk4MDQ1Mzk=/?view_single=1,,1,,0,,,0,204,,1,,,,214
6a8be9e9c1568e6ef04dc2e1,2026-08-24T06:43:13.000Z,Union Coop تعاونية الاتحاد,page,facebook,Story,Media only,https://facebook.com/stories/105286645461691/UzpfSVNDOjQxNjQ4NTI1OTM4MjIxNzU=/?view_single=1,,1,,0,,,0,203,,1,,,,211
6a8be9e9c1568e6ef04dc2df,2026-08-24T06:43:22.000Z,Union Coop تعاونية الاتحاد,page,facebook,Story,Media only,https://facebook.com/stories/105286645461691/UzpfSVNDOjE2NDk2MDM5MjM0MDgxMTY=/?view_single=1,,1,,0,,,0,202,,1,,,,212
6a8be9e9c1568e6ef04dc2dd,2026-08-24T06:43:06.000Z,Union Coop تعاونية الاتحاد,page,facebook,Story,Media only,https://facebook.com/stories/105286645461691/UzpfSVNDOjQ0OTQ1NzcwMDc0MjUxMTQ=/?view_single=1,,1,,0,,,0,205,,1,,,,212
6a8be9e9c1568e6ef04dc2d9,2026-08-24T06:42:46.000Z,Union Coop تعاونية الاتحاد,page,facebook,Story,Media only,https://facebook.com/stories/105286645461691/UzpfSVNDOjEzNzc3NzkzMDA1MTI0MTQ=/?view_single=1,,1,,0,,,0,264,,1,,,,276
6a87ee6a16637c6fb7640d2d,2026-08-21T06:08:19.000Z,Union Coop تعاونية الاتحاد,page,facebook,Story,Media only,https://facebook.com/stories/105286645461691/UzpfSVNDOjE0MjA2NDg2MTAxMTc4NTc=/?view_single=1,,1,,0,,,0,315,,1,,,,330
6a87ee6a16637c6fb7640d29,2026-08-21T06:08:24.000Z,Union Coop تعاونية الاتحاد,page,facebook,Story,Media only,https://facebook.com/stories/105286645461691/UzpfSVNDOjExMDUzNzkyMDg4MTk5MTU=/?view_single=1,,1,,0,,,0,309,,1,,,,324
6a831b6f7b36f51e130e337b,2026-08-17T13:12:05.000Z,Union Coop تعاونية الاتحاد,page,facebook,Story,Media only,https://facebook.com/stories/105286645461691/UzpfSVNDOjIwODQzODU2MTIxNTE4MTE=/?view_single=1,,1,,0,,,0,350,,1,,,,358
6a7ef23bee9ec380851680e9,2026-08-14T09:46:53.000Z,Union Coop تعاونية الاتحاد,page,facebook,Story,Media only,https://facebook.com/stories/105286645461691/UzpfSVNDOjIwOTQ4MjgyNDgwOTQxNzY=/?view_single=1,,1,,0,,,0,337,,1,,,,345
6a7ef23bee9ec380851680e7,2026-08-14T09:46:36.000Z,Union Coop تعاونية الاتحاد,page,facebook,Story,Media only,https://facebook.com/stories/105286645461691/UzpfSVNDOjE1MTk0NDYzMzYxNzE3NTE=/?view_single=1,,1,,0,,,0,347,,1,,,,357
6a7ef23bee9ec380851680d9,2026-08-14T09:47:01.000Z,Union Coop تعاونية الاتحاد,page,facebook,Story,Media only,https://facebook.com/stories/105286645461691/UzpfSVNDOjQ0NTUyNDU5NzEzNjQ1OTc=/?view_single=1,,1,,0,,,0,338,,1,,,,345
6a7ec7cc38bef58b36cb9a74,2026-08-14T07:38:59.000Z,Union Coop تعاونية الاتحاد,page,facebook,Story,Media only,https://facebook.com/stories/105286645461691/UzpfSVNDOjEwNTM3ODI5MzA1ODIwMTc=/?view_single=1,,1,,0,,,0,443,,1,,,,462
6a7ec7cc38bef58b36cb9a72,2026-08-14T07:39:21.000Z,Union Coop تعاونية الاتحاد,page,facebook,Story,Media only,https://facebook.com/stories/105286645461691/UzpfSVNDOjM5MjI5MzgyNDEzNDE4MTM=/?view_single=1,,1,,0,,,0,415,,1,,,,431
6a7ec7cc38bef58b36cb9a70,2026-08-14T07:39:31.000Z,Union Coop تعاونية الاتحاد,page,facebook,Story,Media only,https://facebook.com/stories/105286645461691/UzpfSVNDOjE3ODc5MDY2MTI2MjQyMTc=/?view_single=1,,1,,0,,,0,404,,1,,,,420
69fdc7f5c321d461990c64f4,2026-05-08T11:24:50.969Z,Union Coop تعاونية الاتحاد,page,facebook,Post,"هل تعرف أحداً يستعد لأداء فريضة الحج؟ 
إننا هنا لنساعده في ذلك.
في موسم الحج هذا العام، يسعدنا في تعاونية الاتحاد أن ندعم أحد أحبائكم في رحلته المباركة.
اذكر اسمه في التعليقات، واترك له رسالة تتيح له فرصة الفوز بمجموعة متكاملة من مستلزمات الحج، تحتوي على كل ما يحتاجه الحاج.
#تعاونية_الاتحاد #هدايا_الحج #مستلزمات_الحج

Know someone preparing for Hajj? Let's help them get ready. 
This Hajj season, we at Union Coop want to support someone on their spiritual journey. 
Tag your loved one who is prepa…",https://www.facebook.com/reel/928349573530479/,,1,0,,5.26,19,0,,0,,19,19,19,
69d5f076cf968c631f2c9a78,2026-04-08T06:00:09.000Z,Union Coop تعاونية الاتحاد,page,facebook,Post,"جرّبوا معنا أشهر الوصفات
الحلقة الأولى:

قررنا في تعاونية الاتحاد تجربة أشهر الوصفات الأكثر تداولاً، واحدة تلو الأخرى! 
هل لديكم أي اقتراحات إضافية؟
شاركوها معنا في التعليقات.
كل ما تحتاجونه لتحضير أي وصفة متوفر في تعاونية الاتحاد. 

#تعاونية_الاتحاد#وصفة_شهيرة #تريند 

Episode 1 of Trying Viral Recipes 🍽️

We’re putting viral recipes to the test, one trend at a time. What should we try next? Tell us below 👇

Find everything you need to recreate your favourites at Union Coop.

#Union_Coop #Vir…",https://www.facebook.com/reel/2107069896752874/,,1,0,,12.50,16,0,,1,,16,16,16,
69b65df9efe2bc83d1092eb6,2026-03-15T07:21:40.783Z,Union Coop تعاونية الاتحاد,page,facebook,Post,"استمتعوا بحلويات «ماها بلانكا» من إعداد ""جيني سومايو كارورو"" والمزينة برقائق جوز الهند المحمصة، والتي تتميز بقوامها الناعم والحريري، مثالية لتكون من حلويات العيد.

طريقة التحضير:
يخلط نشاء الذرة مع القليل من حليب جوز الهند حتى يصبح المزيج ناعماً. في قدر، يُسخن ما تبقى من حليب جوز الهند، والحليب المبخر، والسكر، والملح حتى يتجانس المزيج ثم يُضاف مزيج نشا الذرة ببطء مع التحريك المستمر حتى يصبح  سميكاً. تضاف الذرة والفانيليا، ويُخلط المزيج جيداً، ثم يُسكب في طبق ويُملّس السطح. يُترك ليبرد ويُحفظ في …",https://www.facebook.com/reel/1768954171156605/,,1,0,,16.67,6,0,,0,,6,6,6,
6aaf880225e13315f80a5db5,2026-09-20T05:44:42.000Z,Union Coop تعاونية الاتحاد,page,facebook,Story,Media only,https://facebook.com/stories/105286645461691/UzpfSVNDOjE0NDc0ODUyMzcyMDAxMzg=/?view_single=1,,0,,0,,,0,109,,0,,,,132
6aa7dc1d8b1f48c731d25fe6,2026-09-14T11:36:03.823Z,Union Coop تعاونية الاتحاد,page,facebook,Post,"عطلة نهاية الأسبوع في عالم الكبار؟ هكذا تبدو بالضبط! 

جولة سريعة لشراء احتياجاتك، وتجديد بعض المخزون، وسؤال يتكرر كل مرة: «ما الذي نحتاجه لهذا الأسبوع؟».

اجعل رحلة التسوق أسهل مع تعاونية الاتحاد.

نحن نتولى التسوق، وأنت استمتع بعطلتك.

#تعاونية_الاتحاد 

This is what your weekend looks like when you’re an adult. 

A little grocery run, a little restocking, and a lot of “what do we need for the week?”

Make your weekend grocery run easier with Union Coop.

Your weekend plans just got a little m…",https://www.facebook.com/reel/1793125815215409/,,0,0,,,,0,,,,,,,
6aa7cbe4a8dbc48a4c5ea65a,2026-09-14T10:26:50.931Z,Union Coop تعاونية الاتحاد,page,facebook,Post,"عطلة نهاية الأسبوع في عالم الكبار؟ هكذا تبدو بالضبط! 

جولة سريعة لشراء احتياجاتك، وتجديد بعض المخزون، وسؤال يتكرر كل مرة: «ما الذي نحتاجه لهذا الأسبوع؟».

اجعل رحلة التسوق أسهل مع تعاونية الاتحاد.

نحن نتولى التسوق، وأنت استمتع بعطلتك.

#تعاونية_الاتحاد 

This is what your weekend looks like when you’re an adult. 

A little grocery run, a little restocking, and a lot of “what do we need for the week?”

Make your weekend grocery run easier with Union Coop.

Your weekend plans just got a little m…",https://www.facebook.com/reel/1917958796255888/,,0,0,,,,0,,,,,,,
6a9d3db9235a6015e2c7ae79,2026-09-06T07:38:41.000Z,Union Coop تعاونية الاتحاد,page,facebook,Story,Media only,https://facebook.com/stories/105286645461691/UzpfSVNDOjEyMzI0MDMyMzU3MDc4NTY=/?view_single=1,,0,,0,,,0,294,,0,,,,300
6a9a9428929b37dd112b1c06,2026-09-04T07:10:10.000Z,Union Coop تعاونية الاتحاد,page,facebook,Story,Media only,https://facebook.com/stories/105286645461691/UzpfSVNDOjM2MzM5OTk2NjAwOTg5NzE=/?view_single=1,,0,,0,,,0,169,,0,,,,173
6a9a9428929b37dd112b1bfd,2026-09-04T07:10:32.000Z,Union Coop تعاونية الاتحاد,page,facebook,Story,Media only,https://facebook.com/stories/105286645461691/UzpfSVNDOjg0NDYyMTY3NTQwMzkyMA==/?view_single=1,,0,,0,,,0,163,,0,,,,167
6a959323a0854abb4576d4af,2026-08-31T13:27:59.000Z,Union Coop تعاونية الاتحاد,page,facebook,Story,Media only,https://facebook.com/stories/105286645461691/UzpfSVNDOjI1ODcwMDUyMDUwNjQ3Nzc=/?view_single=1,,0,,0,,,0,145,,0,,,,146
6a959323a0854abb4576d4a6,2026-08-31T13:27:08.000Z,Union Coop تعاونية الاتحاد,page,facebook,Story,Media only,https://facebook.com/stories/105286645461691/UzpfSVNDOjEwNjA1NzI1MTY2Nzk4NTk=/?view_single=1,,0,,0,,,0,168,,0,,,,171
6a959323a0854abb4576d49c,2026-08-31T13:27:17.000Z,Union Coop تعاونية الاتحاد,page,facebook,Story,Media only,https://facebook.com/stories/105286645461691/UzpfSVNDOjExMDI1NDY1MjkwMjY4Mzg=/?view_single=1,,0,,0,,,0,162,,0,,,,164
6a8c6a5aaeee61f753594ea2,2026-08-24T13:07:07.000Z,Union Coop تعاونية الاتحاد,page,facebook,Story,Media only,https://facebook.com/stories/105286645461691/UzpfSVNDOjI4MjU2NjEzNTExMjc2MDQ=/?view_single=1,,0,,0,,,0,241,,0,,,,243
6a8be9e9c1568e6ef04dc2db,2026-08-24T06:42:51.000Z,Union Coop تعاونية الاتحاد,page,facebook,Story,Media only,https://facebook.com/stories/105286645461691/UzpfSVNDOjEyMzMyNTEwMjU2MTA0Nzk=/?view_single=1,,0,,0,,,0,226,,0,,,,233
6a7f43db38cf4302506818eb,2026-08-14T16:33:48.000Z,Union Coop تعاونية الاتحاد,page,facebook,Post,"من مزارع لبنان بكل فخر

يصل إليكم طازجاً يومياً عبر الشحن الجوي
بطيخ خالٍ من البذور، ناضج، وحلو المذاق بطبيعته.

تذوّقوه مجاناً في تعاونية الاتحاد.

📍 اتحاد مول: اليوم حتى الساعة 10:00 مساءً
📍 الخوانيج: غداً من الساعة 10:00 صباحاً حتى 10:00 مساءً
📍 البرشاء مول: يوم الأحد من الساعة 10:00 صباحاً حتى 10:00 مساءً

Proudly grown in Lebanon 

Flown in fresh daily

Seedless, ripe and naturally sweet watermelon

📍 Etihad Mall today until 10pm
📍 Al Khawaneej tomorrow 10am - 10pm
📍 Al Barsha Mall on…",https://www.facebook.com/reel/1701266510953875/,,0,0,,,,0,,,,,,,
6a7dc2de016fb4f304c344e7,2026-08-13T13:11:54.000Z,Union Coop تعاونية الاتحاد,page,facebook,Post,"مفاجأة الموسم: أسماء إبراهيم مجرد شخصية خيالية! ولكن الخبر الأكيد؟ عروض منشوراتنا حقيقية 100%! 

لا تفوّتوا الفرصة وتصفحوا أقوى عروض هذا الأسبوع الآن في تعاونية الاتحاد.

#تعاونية_الاتحاد #أقوى_العروض #خصومات

Plot twist: Asma Ibrahim doesn't exist 👀

But these leaflet offers? Very real.

Swipe through this week's offers to find the best deals.

#Union_Coop #LeafletOffers",https://www.facebook.com/351419630848390/posts/1032648939392119,,0,0,,,,0,,,,,,,
6a7c5c939fa1687d78735d59,2026-08-12T11:44:25.988Z,Union Coop تعاونية الاتحاد,page,facebook,Post,"واحد من بين أفضل المقاهي المحلية المفضلة، الآن أقرب إليك ☕️

يسعدنا أن نرحّب بـ أورورا للقهوة المختصة في تعاونية الاتحاد، الاتحاد مول، حتى 22 أغسطس. 

زورونا الآن!

من 10 صباحًا إلى 10 مساءً.

#تعاونية_الاتحاد
A local favourite, now closer to you. ☕️

We’re happy to welcome Aurora Specialty Coffee to Union Coop, Etihad Mall, until 22 August.

Visit us now!

10AM - 10PM

#Union_Coop",https://www.facebook.com/reel/1601927268136238/,,0,0,,,,0,,,,,,,
6a770d903aa4e88b8199d6d7,2026-08-09T06:00:43.789Z,Union Coop تعاونية الاتحاد,page,facebook,Post,"هل هناك أسهل من ذلك؟ تسوّق، امسح، واربح! 

3 خطوات بسيطة تفصلك عن دخول السحب على الجائزة الأسبوعية الكبرى: 1,000,000 نقطة من تميّز! 

وليس هذا فحسب، هناك جوائز يومية رائعة بانتظارك مع كل عملية تسوّق.

#تعاونية_الاتحاد #العودة_إلى_المدارس #مشاركة_سهلة 

Could it get any easier? Shop. Scan. Win. Spend AED 200 or more at Union Coop for your chance to win 1 Million Tamayaz Points in our weekly draw, plus exciting daily prizes.

Shop now! T&Cs apply.

#Union_Coop #BacktoSchool #EasyParticipation",https://www.facebook.com/reel/1336410228679610/,,0,0,,,,0,,,,,,,
6a72f12ae9d1f762deac597c,2026-08-05T08:14:26.000Z,Union Coop تعاونية الاتحاد,page,facebook,Post,"هل تبحث عن طريقة ممتعة ومفيدة لتطوير مهارات طفلك هذا الصيف؟

دعه يخوض تجربة فريدة ويكتشف أسرار عالم البيع بالتجزئة مع برنامج «رواد التجزئة الصغار» من تعاونية الاتحاد! 

رحلة مليئة بالتعلم العملي والعمل الجماعي والأنشطة التفاعلية التي تبني شخصيته وتكسبه مهارات حياتية وقيادية قيّمة.

🔹 الفئة العمرية: من 7 إلى 17 سنة
📅 تاريخ الانطلاق: 10 أغسطس
📍 الأماكن محدودة!

📲 سجّل طفلك الآن عبر مسح رمز الـ (QR Code) ولتكن إجازته الصيفية هذه بداية لمستقبل واعد!

#تعاونية_الاتحاد #أنشطة_صيفية #أنشطة_الأطفال …",https://www.facebook.com/351419630848390/posts/1025821176741562,,0,0,,,,0,,,,,,,
6a61e9a4f6da6012950f50b3,2026-07-23T10:15:05.765Z,Union Coop تعاونية الاتحاد,page,facebook,Post,"في ختام أجواء كأس العالم 2026 نبارك للفائزة بالجائزة الكبرى ""بدرية عبدالله محمد"" فوزها بسيارة «جيتور T2» الجديدة!

ويسعدنا إعلام الجميع أن الإثارة لم تنتهِ بعد! 

ابقوا معنا وتابعوا السحوبات الأسبوعية على ""مليونير تميز""، والمزيد من المفاجآت القادمة قريباً في مكانكم المفضل للتسوق، تعاونية الاتحاد.

#تعاونية_الاتحاد #جوائز_كبرى #جيتور_تي2

We have our own big World Cup 2026 winner too. Congratulations to Badreya Abdulla Mohammad, who is driving away with our Grand Prize. A Jetour T2. To everyone e…",https://www.facebook.com/reel/3015056995493922/,,0,0,,,,0,,,,,,,
6a61bf4a74b538c9b3076a09,2026-07-23T07:14:24.496Z,Union Coop تعاونية الاتحاد,page,facebook,Post,"في ختام أجواء كأس العالم 2026 نبارك للفائزة بالجائزة الكبرى ""بدرية عبدالله محمد"" فوزها بسيارة «جيتور T2» الجديدة!

ويسعدنا إعلام الجميع أن الإثارة لم تنتهِ بعد! 

ابقوا معنا وتابعوا السحوبات الأسبوعية على ""مليونير تميز""، والمزيد من المفاجآت القادمة قريباً في مكانكم المفضل للتسوق، تعاونية الاتحاد.

#تعاونية_الاتحاد #جوائز_كبرى #جيتور_تي2

We have our own big World Cup 2026 winner too. Congratulations to Badreya Abdulla Mohammad, who is driving away with our Grand Prize. A Jetour T2. To everyone e…",https://www.facebook.com/reel/998218983041742/,,0,0,,0.00,0,0,,0,,0,0,0,
6a15c7a6c49eae4101510892,2026-05-26T16:16:38.000Z,Union Coop تعاونية الاتحاد,page,facebook,Post,Media only,https://www.facebook.com/351419630848390/videos/968359702782218,,0,0,,0.00,0,0,,0,,0,0,0,
6a044fec5217e24c1fa50abe,2026-05-13T10:17:09.000Z,Union Coop تعاونية الاتحاد,page,facebook,Post,"برياني اللحم المنزلي الشهي بأقل من ٢٠ درهم!
الأسعار الثابتة في تعاونية الاتحاد تجعل كل وجبة لذيذة وبميزانية مريحة.
تسوّق الآن وابدأ تحضير ألذ الأطباق لعائلتك.

#تعاونية_الاتحاد #أسعار_ثابتة

Cook your own lamb biryani at home for under AED 20 with Union Coop’s fixed prices, making key ingredients budget-friendly. 🍛✨ Shop now at Union Coop.

#Union_Coop #FixedPrice",https://www.facebook.com/351419630848390/posts/956551780335169,,0,0,,,,0,,,,,,,
6a044f840ea6a0d5964e02a0,2026-05-13T10:15:22.000Z,Union Coop تعاونية الاتحاد,page,facebook,Post,".
برياني اللحم المنزلي الشهي بأقل من ٢٠ درهم!
الأسعار الثابتة في تعاونية الاتحاد تجعل كل وجبة لذيذة وبميزانية مريحة.
تسوّق الآن وابدأ تحضير ألذ الأطباق لعائلتك.

#تعاونية_الاتحاد #أسعار_ثابتة

Cook your own lamb biryani at home for under AED 20 with Union Coop’s fixed prices, making key ingredients budget-friendly. 🍛✨ Shop now at Union Coop.

#Union_Coop #FixedPrice",https://www.facebook.com/351419630848390/posts/956550430335304,,0,0,,,,0,,,,,,,
6a02f38c466bd2808588f165,2026-05-12T09:30:21.000Z,Union Coop تعاونية الاتحاد,page,facebook,Post,".
المشروب الأكثر شعبية في الإمارات قد انضم للتو إلى قائمة مشترياتك!
متوفر الآن في تعاونية الاتحاد. لا وقت للتفكير، سارع واشتريه.
#تعاونية_الاتحاد #الكولا_الخضراء

The UAE’s favourite drink just landed on your shopping list 👀
Now on offer at Union Coop￼. Don’t walk, run! 🛒

#Union_Coop #GreenCola",https://www.facebook.com/reel/1554172202981076/,,0,0,,,,0,,,,,,,
6a02f1ee8a8f8a6806739df6,2026-05-12T09:23:42.000Z,Union Coop تعاونية الاتحاد,page,facebook,Post,".
المشروب الأكثر شعبية في الإمارات قد انضم للتو إلى قائمة مشترياتك!
متوفر الآن في تعاونية الاتحاد. لا وقت للتفكير، سارع واشتريه.
#تعاونية_الاتحاد #الكولا_الخضراء

The UAE’s favourite drink just landed on your shopping list 👀
Now on offer at Union Coop￼. Don’t walk, run! 🛒

#Union_Coop #GreenCola",https://www.facebook.com/reel/1157240843204560/,,0,0,,,,0,,,,,,,
6a021f45e5c2cdb3913c7bf5,2026-05-11T18:25:05.000Z,Union Coop تعاونية الاتحاد,page,facebook,Post,"أنت من أي جيل؟ جيل الألفية الجدي أم جيل Z المرح؟ 
كلاهما متفق على شيء واحد وهو عروض تعاونية الاتحاد التي لا تُفوت!
#تعاونية_الاتحاد #عروض #مزايا_قيمة

Millennial vs. Gen Z… same offers, different personalities 👀✨
Who said it best?

#Union_Coop #GreatValue #Offers",https://www.facebook.com/351419630848390/posts/955268780463469,,0,0,,,,0,,,,,,,
6a021ebf980852a5d34f5668,2026-05-11T18:22:43.000Z,Union Coop تعاونية الاتحاد,page,facebook,Post,".
أنت من أي جيل؟ جيل الألفية الجدي أم جيل Z المرح؟ 
كلاهما متفق على شيء واحد وهو عروض تعاونية الاتحاد التي لا تُفوت!

#تعاونية_الاتحاد #عروض #مزايا_قيمة

Millennial vs. Gen Z… same offers, different personalities 👀✨
Who said it best?

#Union_Coop #GreatValue Offers",https://www.facebook.com/351419630848390/posts/955266840463663,,0,0,,,,0,,,,,,,
6a01f85043429efc020df44b,2026-05-11T15:40:15.575Z,Union Coop تعاونية الاتحاد,page,facebook,Post,"Union Coop closes Q1 2026 with steady financial growth.

* AED 676M Total Revenue (+14%)
* AED 102M Net Profit after tax (+3%)
* Over 45% E-commerce growth
* +8% Customer Growth

Revenue increased in Q1 2026, with continued growth across profit, e-commerce, and customer base.

#UnionCoop #Q1 #2026",https://www.facebook.com/reel/980888584877179/,,0,0,,,,0,,,,,,,
6a01f61e700b6b5a5a0c9964,2026-05-11T15:30:51.962Z,Union Coop تعاونية الاتحاد,page,facebook,Post,"أغلقت  تعاونية الاتحاد الربع الأول من عام 2026 بتحقيق نمو مالي مطّرد.

* إجمالي الإيرادات: 676 مليون درهم  (+14%)
* الأرباح بعد الضرائب: 102 مليون درهم  (+3%)
* نمو في مبيعات التجارة الإلكترونية تجاوز 45%
* نمو في عدد العملاء بنسبة 8%
حيث شهدت الإيرادات ارتفاعاً في الربع الأول من عام 2026، مع تواصل النمو في الأرباح ومبيعات التجارة الإلكترونية وتوسّع قاعدة العملاء.
#تعاونية_الاتحاد #الربع_الأول #2026",https://www.facebook.com/reel/843502674884897/,,0,0,,,,0,,,,,,,
69fe1e598496010d450bd77c,2026-05-08T17:33:22.645Z,Union Coop تعاونية الاتحاد,page,facebook,Post,"الإثارة الحقيقية تبدأ يوم الاثنين!
مليون نقطة من تميز تصل قيمتها إلى 16,700 درهم كل أسبوع.
30 أسبوع، 30 مليونير.
تسوق في تعاونية الاتحاد عبرالتطبيق أو في فروعنا، واشتر بقيمة 200 درهم أو أكثر، ثم امسح بطاقة تميز الرقمية الخاصة بك عند الدفع، لتدخل السحب. 
تخيل أن تكون أنت المليونير الاثنين المقبل!
تطبق الشروط والأحكام.
#تعاونية الاتحاد #اثنين_المليونير #مليونير_تميز 

Mondays just got an upgrade!
Win 1,000,000 Tamayaz points worth up to AED 16,700 every single week. 
30 Mondays. 30 Millionaires.
S…",https://www.facebook.com/reel/811665775036121/,,0,0,,0.00,43,0,,0,,43,43,43,
69faf4441ece344354704e85,2026-05-06T07:55:38.000Z,Union Coop تعاونية الاتحاد,page,facebook,Post,".
وقّعت تعاونية الاتحاد مذكرة تفاهم استراتيجية مع شركة (NRTC) الدولية لتجارة الخضروات والفواكه في دبي، في خطوة تعكس التزام الطرفين بدعم المنتجات الوطنية، وتعزيز كفاءة سلاسل التوريد في دولة الإمارات العربية المتحدة.

وقد تم توقيع مذكرة التفاهم في أبوظبي على هامش إطلاق مبادرة""اصنع في الإمارات"" (Make It In the Emirates) التي تنظمها وزارة الصناعة والتكنولوجيا المتقدمة، في إطار دعم التوجهات الوطنية بهدف تعزيز القطاع الصناعي وتمكين المنتجات المحلية.

Union Coop has signed a Memorandum of Understanding…",https://www.facebook.com/351419630848390/posts/950932457563768,,0,0,,,,0,,,,,,,
69e215233a5efd34f80aa345,2026-04-19T06:00:54.223Z,Union Coop تعاونية الاتحاد,page,facebook,Post,"كل ما تحتاجونه من إلكترونيات في مكان واحد! 

من المستلزمات اليومية إلى أحدث الأجهزة الذكية والتقنيات المنزلية التي لا يمكنكم الاستغناء عنها تجدونها في قسم الإلكترونيات في تعاونية الاتحاد فرع ند الشبا.

بانتظار زيارتكم!
#تعاونية_الاتحاد #ند_الشبا #تريند #الكترونيات 

From everyday essentials to the latest must-haves, the electronics section at Union Coop Nad Al Sheba has it all under one roof. Explore a wide range of gadgets, home tech, and more, all in one place.

#Union_Coop #NadAlSheba #Electr…",https://www.facebook.com/reel/1349976240268920/,,0,0,,,,0,,,,,,,
69e0d628b33d9a435d014ad1,2026-04-16T12:29:38.012Z,Union Coop تعاونية الاتحاد,page,facebook,Post,"في الحلقة الخامسة من سلسلة الوصفات الشهيرة، اخترنا لكم نكهة تعيدكم إلى الأصالة، وهي عبارة عن مزيج من التمر وميلك شيك الزعفران مع رشة من الهيل، والنتيجة مشروب غني يجمع أشهى نكهات المطبخ العربي. 

حضّروها في منزلكم بمكونات طازجة دائماً تجدونها في تعاونية الاتحاد.

#تعاونية_الاتحاد#وصفات_شهيرة #تريند 

In episode 5 of our recipe series, we tried a date and saffron milkshake. Creamy, rich, and full of flavour, with a hint of cardamom.

Get everything you need from Union Coop to make it at home.

#Un…",https://www.facebook.com/reel/1483372766565121/,,0,0,,0.00,7,0,,0,,7,7,7,
69df22a80bdc0aae0918b7ce,2026-04-15T05:29:50.000Z,Union Coop تعاونية الاتحاد,page,facebook,Post,"في الحلقة الرابعة من سلسلة الوصفات الشهيرة: الكافيتريا تنتقل إلى مطبخكم!

 نفس الطعم ونفس المتعة لكن هذه المرة من إعدادكم!

زنجر مقرمش مع صلصة كريمية، وخس طري ملفوف بإتقان، ومحضّر بحب!

كل ما تحتاجونه من مكونات طازجة دائماً متوفرة في تعاونية الاتحاد!

#تعاونية_الاتحاد #وصفات_سهلة #مكونات_طازجة 

In episode 4 of our viral recipe series, we’re bringing your favourite cafeteria meal home.

Crispy zinger, creamy sauce, crunchy lettuce all wrapped to perfection.

Shop the ingredients now at Union Coo…",https://www.facebook.com/reel/783408011300451/,,0,0,,,,0,,,,,,,
69da29cf855564f18e12aa41,2026-04-11T10:59:29.000Z,Union Coop تعاونية الاتحاد,page,facebook,Post,Media only,https://www.facebook.com/351419630848390/videos/1649525226086557,,0,0,,0.00,0,0,,0,,0,0,0,
69da29cb0be32b73bbb3beae,2026-04-11T10:59:24.000Z,Union Coop تعاونية الاتحاد,page,facebook,Post,Media only,https://www.facebook.com/351419630848390/videos/964431882940625,,0,0,,0.00,0,0,,0,,0,0,0,
69d8d3662db901ecfe2b15df,2026-04-10T10:38:25.000Z,Union Coop تعاونية الاتحاد,page,facebook,Post,Media only,https://www.facebook.com/351419630848390/videos/26888956657364031,,0,0,,0.00,0,0,,0,,0,0,0,
69d5e4172c12def4dd05d2f2,2026-04-08T06:02:41.810Z,Union Coop تعاونية الاتحاد,page,facebook,Post,"جرّبوا معنا أشهر الوصفات
الحلقة الأولى:

قررنا في تعاونية الاتحاد تجربة أشهر الوصفات الأكثر تداولاً، واحدة تلو الأخرى! 
هل لديكم أي اقتراحات إضافية؟
شاركوها معنا في التعليقات.
كل ما تحتاجونه لتحضير أي وصفة متوفر في تعاونية الاتحاد. 

#تعاونية_الاتحاد #وصفة_شهيرة #تريند 

Episode 1 of Trying Viral Recipes 🍽️

We’re putting viral recipes to the test, one trend at a time. What should we try next? Tell us below 👇

Find everything you need to recreate your favourites at Union Coop.

#Union_Coop #Vi…",https://www.facebook.com/reel/834850418929308/,,0,0,,,,0,,,,,,,
69d22ee39f7d3095613bd3fd,2026-04-05T09:42:57.000Z,Union Coop تعاونية الاتحاد,page,facebook,Post,Media only,https://www.facebook.com/351419630848390/videos/978324588185822,,0,0,,0.00,0,0,,0,,0,0,0,
69d22ee12141331aa5eb4aae,2026-04-05T09:42:56.000Z,Union Coop تعاونية الاتحاد,page,facebook,Post,Media only,https://www.facebook.com/351419630848390/videos/4305045576402373,,0,0,,0.00,0,0,,0,,0,0,0,
69cfef2a9f7d30956136444d,2026-04-03T16:46:33.000Z,Union Coop تعاونية الاتحاد,page,facebook,Post,Media only,https://www.facebook.com/351419630848390/videos/2001948940390043,,0,0,,0.00,0,0,,0,,0,0,0,
69cfd801089266ad160387ab,2026-04-03T15:04:02.000Z,Union Coop تعاونية الاتحاد,page,facebook,Post,Media only,https://www.facebook.com/351419630848390/videos/1293039972751312,,0,0,,0.00,0,0,,0,,0,0,0,
69cfd7cf2141331aa5e5344f,2026-04-03T15:03:18.000Z,Union Coop تعاونية الاتحاد,page,facebook,Post,Media only,https://www.facebook.com/351419630848390/videos/1382230463667344,,0,0,,0.00,0,0,,0,,0,0,0,
69ce9766ccd4a373518cc274,2026-04-02T16:19:28.000Z,Union Coop تعاونية الاتحاد,page,facebook,Post,".
وجدنا أخيراً أرشيف تعاونية الاتحاد!
من أولى خطوات تعاونية الاتحاد معكم، إلى تعاونية الاتحاد التي تعرفونها وتحبونها اليوم. لا بدّ أن لديكم ذكريات معها من أيام التسعينات!
 شاركونا صوركم مع تعاونية الاتحاد في تلك الفترة، وكونوا جزءاً من هذه القصة.
#تعاونية_الاتحاد

We found the archives.  From humble beginnings to the Union Coop you know today. Do you have a memory with Union Coop from the 90's? Share pictures with us and be part of the story. #Union_Coop",https://www.facebook.com/reel/929360726611251/,,0,0,,,,0,,,,,,,
69ce972133ad12b3ae020f33,2026-04-02T16:19:53.301Z,Union Coop تعاونية الاتحاد,page,facebook,Post,"وجدنا أخيراً أرشيف تعاونية الاتحاد!
من أولى خطوات تعاونية الاتحاد معكم، إلى تعاونية الاتحاد التي تعرفونها وتحبونها اليوم. لا بدّ أن لديكم ذكريات معها من أيام التسعينات!
 شاركونا صوركم مع تعاونية الاتحاد في تلك الفترة، وكونوا جزءاً من هذه القصة.
#تعاونية_الاتحاد 

We found the archives.  From humble beginnings to the Union Coop you know today. Do you have a memory with Union Coop from the 90's? Share pictures with us and be part of the story. #Union_Coop",https://www.facebook.com/reel/823858813444525/,,0,0,,,,0,,,,,,,
69ccd0b4d5663484a42641f7,2026-04-01T07:59:50.000Z,Union Coop تعاونية الاتحاد,page,facebook,Post,Media only,https://www.facebook.com/351419630848390/videos/1280600890309973,,0,0,,0.00,0,0,,0,,0,0,0,
69ccae19542faa88931fcd3f,2026-04-01T05:32:10.000Z,Union Coop تعاونية الاتحاد,page,facebook,Post,Media only,https://www.facebook.com/351419630848390/videos/903312669191580,,0,0,,0.00,0,0,,0,,0,0,0,
69ccae09542faa88931fcd1d,2026-04-01T05:31:54.000Z,Union Coop تعاونية الاتحاد,page,facebook,Post,Media only,https://www.facebook.com/351419630848390/videos/968892698953132,,0,0,,0.00,0,0,,0,,0,0,0,
69cb76dff3d64579cf65663c,2026-03-31T07:24:14.000Z,Union Coop تعاونية الاتحاد,page,facebook,Post,Media only,https://www.facebook.com/351419630848390/videos/1218507470102129,,0,0,,0.00,0,0,,0,,0,0,0,
69cb76d493cd831396b550af,2026-03-31T07:24:07.000Z,Union Coop تعاونية الاتحاد,page,facebook,Post,Media only,https://www.facebook.com/351419630848390/videos/918040487606840,,0,0,,0.00,0,0,,0,,0,0,0,
69c62940bc3e6f2c5339ea8a,2026-03-27T06:51:46.000Z,Union Coop تعاونية الاتحاد,page,facebook,Post,Media only,https://www.facebook.com/351419630848390/videos/1454309592843289,,0,0,,0.00,0,0,,0,,0,0,0,
69c11ed553f42b1b70af434f,2026-03-23T11:03:59.000Z,Union Coop تعاونية الاتحاد,page,facebook,Post,Media only,https://www.facebook.com/351419630848390/videos/1701851607901562,,0,0,,0.00,0,0,,0,,0,0,0,
69bfb0f7e6d88f1b4dcb27a8,2026-03-22T09:04:58.000Z,Union Coop تعاونية الاتحاد,page,facebook,Post,Media only,https://www.facebook.com/351419630848390/videos/944232268146775,,0,0,,0.00,0,0,,0,,0,0,0,
69beacdb81704484a75ebb59,2026-03-21T14:35:07.000Z,Union Coop تعاونية الاتحاد,page,facebook,Post,Media only,https://www.facebook.com/351419630848390/videos/960807329711813,,0,0,,0.00,0,0,,0,,0,0,0,
69bc0cceff6199ab03ddc292,2026-03-19T14:47:43.000Z,Union Coop تعاونية الاتحاد,page,facebook,Post,Media only,https://www.facebook.com/351419630848390/videos/1479790053529107,,0,0,,0.00,0,0,,0,,0,0,0,
69bc07ae42b721aae3c6616d,2026-03-19T14:25:28.000Z,Union Coop تعاونية الاتحاد,page,facebook,Post,".
في رمضان، تتألق النفوس الطيبة… تعاونية الاتحاد تسلط الضوء على قصة ملهمة تسعى لفعل الخير يوماً بعد يوم، لتكون مثالاً للعطاء والتأثير الإيجابي في مجتمعها.",https://www.facebook.com/reel/1877970332922221/,,0,0,,,,0,,,,,,,
69baea9e3c1e94045f8f5dc6,2026-03-18T18:04:52.000Z,Union Coop تعاونية الاتحاد,page,facebook,Post,Media only,https://www.facebook.com/351419630848390/videos/1836558930377496,,0,0,,0.00,0,0,,0,,0,0,0,
69ba98e5da84ee96f1663371,2026-03-18T12:20:45.000Z,Union Coop تعاونية الاتحاد,page,facebook,Post,".
بقيادة واثقة ورؤية راسخة، تمضي أمتنا إلى الأمام أقوى وأكثر تماسكاً من أي وقتٍ مضى.
في تعاونية الاتحاد، نعتزّ بأن نكون جزءاً من هذا المسير مستمرين في خدمة مجتمعنا، وحاملين لقيم تُرسّخ الازدهار وتصنع الغد.

نحتفل اليوم بروح لا تُكسر وعزيمة لا تتوقف، وأمل يُضيء درب المستقبل للجميع.

Guided by visionary leadership, our nation continues to grow stronger, united, and resilient. At Union Coop, we are proud to serve our community and support the values that keep our nation thriving. 

Together, we cel…",https://www.facebook.com/351419630848390/posts/912557951401219,,0,0,,,,0,,,,,,,
69ba87750c5658c21523a515,2026-03-18T11:03:56.000Z,Union Coop تعاونية الاتحاد,page,facebook,Post,Media only,https://www.facebook.com/351419630848390/videos/2849230272086402,,0,0,,0.00,0,0,,0,,0,0,0,
69ba44457c51a7b793e3b4f7,2026-03-18T06:19:51.000Z,Union Coop تعاونية الاتحاد,page,facebook,Post,Media only,https://www.facebook.com/351419630848390/videos/926667463083458,,0,0,,0.00,0,0,,0,,0,0,0,
69b7e7f48f5d86fe89c66045,2026-03-16T11:21:24.000Z,Union Coop تعاونية الاتحاد,page,facebook,Post,Media only,https://www.facebook.com/351419630848390/videos/945118211798458,,0,0,,0.00,0,0,,0,,0,0,0,
69b6fdf4581f412dbaf8c37f,2026-03-15T18:43:01.000Z,Union Coop تعاونية الاتحاد,page,facebook,Post,Media only,https://www.facebook.com/351419630848390/videos/774341169082057,,0,0,,0.00,0,0,,0,,0,0,0,
69b6622a581f412dbaf6d060,2026-03-15T07:38:21.000Z,Union Coop تعاونية الاتحاد,page,facebook,Post,Media only,https://www.facebook.com/351419630848390/videos/1891445388179029,,0,0,,0.00,0,0,,0,,0,0,0,
69b505d3581f412dbaf32ce1,2026-03-14T06:52:00.000Z,Union Coop تعاونية الاتحاد,page,facebook,Post,Media only,https://www.facebook.com/351419630848390/videos/931439156485234,,0,0,,0.00,0,0,,0,,0,0,0,
69b43c6fc272ad6ce407e452,2026-03-13T16:34:01.470Z,Union Coop تعاونية الاتحاد,page,facebook,Post,"تبادلوا هدايا جديدة ومميزة مع أحبائكم في هذا العيد.

اطلبوا سلة فواكه العيد مسبقاً عبر تطبيق تعاونية الاتحاد ببضع نقرات فقط.

واختاروا من بين 5 أحجام مميزة ثم حددوا التاريخ، ووتجهوا إلى أقرب فروعنا لاستلامها أو اطلبوا توصيلها مباشرة إلى منزلكم.

سارعوا لبثّ البهجة والفرحة في قلوب الأحبة عبر الطلب من خلال تطبيقنا الذكي. 

#تعاونية_الاتحاد #رمضان2026 #العيد_في_دبي

This Eid, share something fresh and thoughtful.      
                                                                                …",https://www.facebook.com/reel/1473294444500307/,,0,0,,,,0,,,,,,,
69b3fde7e22d10e56b06c182,2026-03-13T12:07:14.317Z,Union Coop تعاونية الاتحاد,page,facebook,Post,"تبادلوا هدايا جديدة ومميزة مع أحبائكم في هذا العيد.

اطلبوا سلة فواكه العيد مسبقاً عبر تطبيق تعاونية الاتحاد ببضع نقرات فقط.

واختاروا من بين 5 أحجام مميزة ثم حددوا التاريخ، ووتجهوا إلى أقرب فروعنا لاستلامها أو اطلبوا توصيلها مباشرة إلى منزلكم.

سارعوا لبثّ البهجة والفرحة في قلوب الأحبة عبر الطلب من خلال تطبيقنا الذكي. 
#تعاونية_الاتحاد #رمضان2026 #العيد_في_دبي

This Eid, share something fresh and thoughtful.      
                                                                                 …",https://www.facebook.com/reel/1533450764867810/,,0,0,,,,0,,,,,,,
69b296305a0bdbeea1e07f2c,2026-03-12T10:30:57.000Z,Union Coop تعاونية الاتحاد,page,facebook,Post,Media only,https://www.facebook.com/351419630848390/videos/905217675757424,,0,0,,0.00,0,0,,0,,0,0,0,
69afddc48af766ad88d7918b,2026-03-10T08:59:34.000Z,Union Coop تعاونية الاتحاد,page,facebook,Post,Media only,https://www.facebook.com/351419630848390/videos/1240875297660701,,0,0,,0.00,0,0,,0,,0,0,0,
69afdca7e4ce0d9b371d83f6,2026-03-10T08:54:43.000Z,Union Coop تعاونية الاتحاد,page,facebook,Post,Media only,https://www.facebook.com/351419630848390/videos/2751503611858870,,0,0,,0.00,2,0,,0,,2,2,2,
69ab2d3c80a7f0a9713c8e53,2026-03-06T19:37:32.000Z,Union Coop تعاونية الاتحاد,page,facebook,Post,Media only,https://www.facebook.com/351419630848390/videos/4344539212501258,,0,0,,0.00,0,0,,0,,0,0,0,
69a1b42cd36db345f5442ab9,2026-02-27T15:05:51.000Z,Union Coop تعاونية الاتحاد,page,facebook,Post,Media only,https://www.facebook.com/351419630848390/videos/665266480005520,,0,0,,0.00,0,0,,0,,0,0,0,
69a1b164d36db345f5441038,2026-02-27T14:58:23.000Z,Union Coop تعاونية الاتحاد,page,facebook,Post,Media only,https://www.facebook.com/351419630848390/videos/1446571883733036,,0,0,,0.00,0,0,,0,,0,0,0,
69a1b046a94d31c6844e1827,2026-02-27T14:53:11.000Z,Union Coop تعاونية الاتحاد,page,facebook,Post,Media only,https://www.facebook.com/351419630848390/videos/1489086086066553,,0,0,,0.00,21,0,,0,,21,21,21,
69a190f6ca07b648df008c81,2026-02-27T12:41:57.230Z,Union Coop تعاونية الاتحاد,page,facebook,Post,".
من دعم العائلات بسلال التعاونية المزوّدة بكل المستلزمات الأساسية، إلى تقديم وجبات الإفطار ومشاركة بطاقات خيرات، وصولاً إلى التبرع عبر المنصات الخيرية المتوفرة داخل فروعنا، أو حتى توفير المياه للمصلين في جواركم. كل مساهمة منكم تعزز قيم الرحمة والعطاء في مجتمعنا خلال الشهر الفضيل.

تصفحوا الصور للتعرف على طرق عديدة ومفيدة لتكونوا جزءاً من روح رمضان.
#تعاونية_الاتحاد #تميّز #رمضان2026c #رمضان_الخير#بركات_رمضان# الرعاية_المجتمعية #روح_رمضان #رمضان_في_دبي 

This Ramadan, every act of giving makes a…",https://www.facebook.com/351419630848390/posts/898463479477333,,0,0,,,,0,,,,,,,
69a18df32e3da48de209c0ec,2026-03-08T11:02:21.112Z,Union Coop تعاونية الاتحاد,page,facebook,Post,".
بطاقة تميّز من ليف بعوائد استرداد نقدي كبيرة على مشتريات البقالة، والطعام والوقود وغيرها.
إضافةً إلى مكافأة ترحيبية تصل إلى 1000 درهم عند التسجيل.
سجّلوا الآن واحصلوا على بطاقتكم اليوم!
#بطاقة_تميز_من_ليف #استرداد_نقدي #تعاونية_الاتحاد #بنك_الإمارات_دبي_الوطني

Liv Tamayaz card is here with big cashback rewards on grocery spends, dining, fuel and more. Plus, an AED 1000 welcome bonus. Register for your card today!
#LivTamayazCard #Cashback #Union_Coop #EmiratesNBD",https://www.facebook.com/reel/1458032532346533/,,0,0,,,,0,,,,,,,
69a05534b28f6334df82e126,2026-02-26T14:13:08.000Z,Union Coop تعاونية الاتحاد,page,facebook,Post,Media only,https://www.facebook.com/351419630848390/videos/1654097388921116,,0,0,,0.00,0,0,,0,,0,0,0,
699dcea2887074bbd164e758,2026-02-24T16:14:27.000Z,Union Coop تعاونية الاتحاد,page,facebook,Post,Media only,https://www.facebook.com/351419630848390/videos/770257086138459,,0,0,,0.00,0,0,,0,,0,0,0,
699dce968d511f8cea07bb0f,2026-02-24T16:14:15.000Z,Union Coop تعاونية الاتحاد,page,facebook,Post,Media only,https://www.facebook.com/351419630848390/videos/2110220063099892,,0,0,,0.00,0,0,,0,,0,0,0,
699dce8a97af0a1abfc2964f,2026-02-24T16:14:03.000Z,Union Coop تعاونية الاتحاد,page,facebook,Post,Media only,https://www.facebook.com/351419630848390/videos/1216848507251590,,0,0,,0.00,0,0,,0,,0,0,0,
699dce7b8d511f8cea07ba8b,2026-02-24T16:13:48.000Z,Union Coop تعاونية الاتحاد,page,facebook,Post,Media only,https://www.facebook.com/351419630848390/videos/2017427905857839,,0,0,,0.00,0,0,,0,,0,0,0,
699dce6a8d511f8cea07ba4b,2026-02-24T16:13:26.000Z,Union Coop تعاونية الاتحاد,page,facebook,Post,Media only,https://www.facebook.com/351419630848390/videos/943118495562609,,0,0,,0.00,0,0,,0,,0,0,0,
699c11b76e8ae1824da743a0,2026-02-23T08:35:50.000Z,Union Coop تعاونية الاتحاد,page,facebook,Post,Media only,https://www.facebook.com/351419630848390/videos/1252357376869118,,0,0,,0.00,0,0,,0,,0,0,0,
699c10c1b5b9df12f29952db,2026-02-23T08:31:34.000Z,Union Coop تعاونية الاتحاد,page,facebook,Post,Media only,https://www.facebook.com/351419630848390/videos/1934417320491075,,0,0,,0.00,5,0,,0,,5,5,5,
6999bfc0cd11dcd0715fa054,2026-02-21T14:21:50.000Z,Union Coop تعاونية الاتحاد,page,facebook,Post,Media only,https://www.facebook.com/351419630848390/videos/1458468155999780,,0,0,,0.00,0,0,,0,,0,0,0,
6999bedbcd11dcd0715f9dcf,2026-02-21T14:18:02.000Z,Union Coop تعاونية الاتحاد,page,facebook,Post,Media only,https://www.facebook.com/351419630848390/videos/1454345232714803,,0,0,,0.00,0,0,,0,,0,0,0,
6998c3bff4d90a6bf846ddd1,2026-02-20T20:26:39.000Z,Union Coop تعاونية الاتحاد,page,facebook,Post,Media only,https://www.facebook.com/351419630848390/videos/1122683059920930,,0,0,,0.00,0,0,,0,,0,0,0,
69989f7ef4d90a6bf8462a4b,2026-02-20T17:51:58.000Z,Union Coop تعاونية الاتحاد,page,facebook,Post,Media only,https://www.facebook.com/351419630848390/videos/847667164988070,,0,0,,0.00,0,0,,0,,0,0,0,
6998947af4d90a6bf845e93f,2026-02-20T17:01:29.000Z,Union Coop تعاونية الاتحاد,page,facebook,Post,Media only,https://www.facebook.com/351419630848390/videos/774111765748739,,0,0,,0.00,0,0,,0,,0,0,0,
699893bb5f074ed888e634ae,2026-02-20T17:00:37.000Z,Union Coop تعاونية الاتحاد,page,facebook,Post,Media only,https://www.facebook.com/351419630848390/videos/1396173778388819,,0,0,,0.00,0,0,,0,,0,0,0,
699893435f074ed888e630a7,2026-02-20T16:59:44.000Z,Union Coop تعاونية الاتحاد,page,facebook,Post,Media only,https://www.facebook.com/351419630848390/videos/1960133318212520,,0,0,,0.00,0,0,,0,,0,0,0,
6996d15699b7172e9343d0d2,2026-02-19T09:00:06.000Z,Union Coop تعاونية الاتحاد,page,facebook,Post,Media only,https://www.facebook.com/351419630848390/videos/793118313820192,,0,0,,0.00,0,0,,0,,0,0,0,
6995b8807843eb6cbc0547cc,2026-02-18T13:03:30.899Z,Union Coop تعاونية الاتحاد,page,facebook,Post,".
هل أنت عالق في تسوّق اللحظات الأخيرة  الأخيرة استعداداً للإفطار؟
لا تقلق! تعاونية الاتحاد توفر لك كل ما تحتاجه بسرعة وسهولة.

صناديق الإفطار متوفرة في الفروع التالية:
مردف، الورقاء، العوير، البرشاء، جميرا، أم سقيم، ند الشبا مول، الوصل، الخوانيج، موتور سيتي

#رمضان_في_دبي #تعاونية_الاتحاد 

Caught up with last-minute shopping and on the go for iftar? Don’t worry, Union Coop has you covered. 

Iftar boxes available at the following stores: Mirdif, Al Warqa, Al Aweer, Al Barsha, Jumeirah, Umm Suq…",https://www.facebook.com/reel/1558854008682445/,,0,0,,,,0,,,,,,,
6993f970eb0e677469fd1643,2026-02-17T05:14:24.000Z,Union Coop تعاونية الاتحاد,page,facebook,Post,Media only,https://www.facebook.com/351419630848390/videos/1620962082239546,,0,0,,0.00,0,0,,0,,0,0,0,
6992a692bda59757e1380211,2026-02-16T05:08:36.000Z,Union Coop تعاونية الاتحاد,page,facebook,Post,Media only,https://www.facebook.com/351419630848390/videos/1533190097758613,,0,0,,,,0,,,,,,,
6990307d2986582f70a596c0,2026-02-14T08:20:14.000Z,Union Coop تعاونية الاتحاد,page,facebook,Post,Media only,https://www.facebook.com/351419630848390/videos/881114511467594,,0,0,,0.00,0,0,,0,,0,0,0,
6990150a167736b2c747656e,2026-02-14T06:23:04.000Z,Union Coop تعاونية الاتحاد,page,facebook,Post,Media only,https://www.facebook.com/351419630848390/videos/935508332380907,,0,0,,0.00,11,0,,0,,11,11,11,
699014f29a694f9cfa708124,2026-02-14T06:22:23.000Z,Union Coop تعاونية الاتحاد,page,facebook,Post,Media only,https://www.facebook.com/351419630848390/videos/2097103217801646,,0,0,,0.00,104,0,,0,,104,104,104,
6990142c167736b2c7476403,2026-02-14T06:19:03.000Z,Union Coop تعاونية الاتحاد,page,facebook,Post,Media only,https://www.facebook.com/351419630848390/videos/988200211041896,,0,0,,0.00,0,0,,0,,0,0,0,
699013c49a694f9cfa707f76,2026-02-14T06:17:18.000Z,Union Coop تعاونية الاتحاد,page,facebook,Post,Media only,https://www.facebook.com/351419630848390/videos/1438166934616174,,0,0,,0.00,0,0,,0,,0,0,0,
69900e73167736b2c74754c0,2026-02-14T05:54:57.000Z,Union Coop تعاونية الاتحاد,page,facebook,Post,Media only,https://www.facebook.com/351419630848390/videos/1603478027456727,,0,0,,0.00,0,0,,0,,0,0,0,
698f04d216aded216b16d42e,2026-02-13T11:00:48.000Z,Union Coop تعاونية الاتحاد,page,facebook,Post,Media only,https://www.facebook.com/351419630848390/videos/797843689271605,,0,0,,0.00,0,0,,0,,0,0,0,
69859f9374dca56bf82b52c0,2026-02-06T07:59:16.000Z,Union Coop تعاونية الاتحاد,page,facebook,Post,Media only,https://www.facebook.com/351419630848390/videos/944012908284783,,0,0,,,,0,,,,,,,
697d9ce60067f2359d338220,2026-01-31T06:09:44.000Z,Union Coop تعاونية الاتحاد,page,facebook,Post,Media only,https://www.facebook.com/351419630848390/videos/1655008535939157,,0,0,,0.00,0,0,,0,,0,0,0,
697d9b67d80f3de10b558b16,2026-01-31T06:03:19.000Z,Union Coop تعاونية الاتحاد,page,facebook,Post,Media only,https://www.facebook.com/351419630848390/videos/759658713396188,,0,0,,,,0,,,,,,,
697b60d113c6c449d95143d1,2026-01-29T13:28:50.000Z,Union Coop تعاونية الاتحاد,page,facebook,Post,Media only,https://www.facebook.com/351419630848390/videos/1268603288426037,,0,0,,0.00,0,0,,0,,0,0,0,
6978965057072a0c7c289341,2026-01-27T10:40:18.000Z,Union Coop تعاونية الاتحاد,page,facebook,Post,Media only,https://www.facebook.com/351419630848390/videos/742537255215728,,0,0,,0.00,0,0,,0,,0,0,0,
69735cd17f8f90da7b7e9f60,2026-01-23T11:33:39.000Z,Union Coop تعاونية الاتحاد,page,facebook,Post,Media only,https://www.facebook.com/351419630848390/videos/3547616052044481,,0,0,,,,0,,,,,,,
696f6ad9296dc8413f08de2a,2026-01-20T11:45:37.357Z,Union Coop تعاونية الاتحاد,page,facebook,Post,"كعكة الجبن اليابانية الشهيرة بالطريقة الألذّ!
تسوّق كل مكوناتها من تعاونية الاتحاد!

#تعاونية_الاتحاد #كعكة_الجبن_اليابانية #لوتس #لبن_يوناني

Japanese cheesecake, the viral way.
Shop the ingredients at Union Coop.

#Union_Coop #Viral #JapaneseCheesecake #Lotus #GreekYogurt",https://www.facebook.com/reel/2769350523457227/,,0,0,,,,0,,,,,,,