Post Id,Published At,Channel Name,Channel Type,Network,Post Type,Post Text (Excerpt),Post URL,Tags,Reactions,Comments,Eng. Rate,Video Views,Shares,Reach,Watch Time (min),Avg. Watch Time (sec),fullVideoWatchedRate
69778ae502f46d7e410be874,2026-01-26T15:41:04.876Z,union.coop,account,tiktok,Post,"استمتعوا بلحظات قيّمة مع كل تسوّق من تعاونية الاتحاد في رمضان. تسوقوا مستلزماتكم واستمتعوا بجوائز أسبوعية من المواد الغذائية، وسحوبات شهرية على السيارات. تسوقوا الآن واغتنموا فرصة العروض الرائعة. #تعاونية_الاتحاد #رمضان2026 #رمضان_الخير This Ramadan, enjoy rewarding moments with every visit to Union Coop. Shop your essentials, enjoy weekly free grocery prizes and monthly car draws. Start shopping now and enjoy great deals. #Union_Coop #Ramadan #Tamayaz #Jetour",https://www.tiktok.com/@union.coop/video/7599693459028593976?utm_campaign=tt4d_open_api&utm_source=7103819247981182978,,2609,16,,5567352,53,1441422,96123.47,1.04,0.0009
6a888dcd89955d07050cf928,2026-08-21T17:51:20.714Z,union.coop,account,tiktok,Post,"حضّر. شارك. اربح هل تعتقد أنك وطفلك تستطيعان تحضير صندوق الغداء المثالي؟ شارك الآن لتحصل على فرصة الفوز ببطاقة هدايا من ""بطاقة الأفضل"" بقيمة 250 درهم! للمشاركة، اختر إحدى الطريقتين: 1️⃣ علّق باسم الوجبة الخفيفة المفضلة لطفلك في صندوق الغداء أو 2️⃣ شارك صورة صندوق الغداء، مع الإشارة إلى @Union.Coop واستخدام هاشتاج #تحدي_صندوق_الغداء هل قمت بإحدى الخطوتين؟ علّق بكلمة ""تم"" لنعرف أنك دخلت السحب! المسابقة مستمرة حتى 15 سبتمبر. لا تفوّت الفرصة!"" *تطبق الشروط والأحكام. #تعاونية_الاتحاد #العودة_إلى_المد…",https://www.tiktok.com/@union.coop/video/7676542266126634247?utm_campaign=tt4d_open_api&utm_source=7103819247981182978,,2187,9,0.44,504700,21,171375,35427.25,4.69,0.0233
698b2c2cbc9a45721105ef95,2026-02-11T06:44:25.664Z,union.coop,account,tiktok,Post,طبق إماراتي تقليدي من إعداد الشيف فاطمة علي بن سالم وجبة أصيلة تجمع بين نكهة اللحم الطّري والخضروات المطهيّة على نار هادئة، وتُقدَّم مع خبز الرقاق ليكتمل المذاق الإماراتي الأصيل. المكونات: • 500غ لحم ضأن أو بقر • كوب صغير زيت أو سمن • بصلتان كبيرتان • 500غ من كل: كوسا، جزر، يقطين/قرع، بطاطس، طماطم • علبة معجون طماطم • حزم: بقدونس، كزبرة، شبت • 4 فلفل أخضر حار • 2 ورق غار • توابل كاملة • 2م ك توابل مختلطة • 1 م ك فلفل أحمر • 1–2 م ك كركم • 2 م ك ملح • خبز رقاق للتقديم طريقة التحضير: 1. اغلي اللحم…,https://www.tiktok.com/@union.coop/video/7605494607199128843?utm_campaign=tt4d_open_api&utm_source=7103819247981182978,,1814,19,,4095744,54,1214672,68074.85,1,0.0004
69d9073c56f2983fcf0758c7,2026-04-11T05:00:57.699Z,union.coop,account,tiktok,Post,"القوة الحقيقية لا تُرى، لكنها تُدرك في كل زيارة. تعمل فرقنا في الخطوط الأمامية بلا كلل مع الموردين وعبر كل قسم لتبقى الرفوف ممتلئة والمرافق نظيفة والعمليات سلسة.  نفتخر في تعاونية الاتحاد بأن كل فرد فيها جزءاً من خلية عمل متكاملة لا تهدأ. معاً من أجل هدفٍ واحد. متحدون من أجل الوطن. #تعاونية_الاتحاد #متحدون_من_أجل_الوطن #الإمارات What keeps everything running isn’t always visible. It’s our frontline teams working tirelessly with our vendors and across every function to keep shelves full, faciliti…",https://www.tiktok.com/@union.coop/video/7627362077212003591?utm_campaign=tt4d_open_api&utm_source=7103819247981182978,,149,9,,2849,20,2347,605.78,12.49,0.0642
69a19597283fd4d3d50f61c8,2026-02-28T05:00:56.430Z,union.coop,account,tiktok,Post,"من دفء التجمعات العائلية إلى لذة تناول الوجبات الخفيفة في وقت متأخر من الليل وقضاء الوقت مع الأهل والأصدقاء، هذه هي اللحظات التي ترسم أجمل الذكريات في الشهر الفضيل. سألنا متسوقينا الأعزاء في تعاونية الاتحاد: ما الذي يجعل شهر رمضان مميزاً؟ شاركونا آراءكم! #تعاونية_الاتحاد #رمضان_في_دبي From cherished family gatherings to late-night treats and time with loved ones, these are the moments that shape Ramadan. We asked Union Coop shoppers what makes Ramadan special. What would you add? #Union_Coop #Ra…",https://www.tiktok.com/@union.coop/video/7611773871854718220?utm_campaign=tt4d_open_api&utm_source=7103819247981182978,,144,7,,3460,9,2960,713.83,12.24,0.0134
69ce9721215b50f73a0d548b,2026-04-02T16:20:27.997Z,union.coop,account,tiktok,Post,وجدنا أخيراً أرشيف تعاونية الاتحاد! من أولى خطوات تعاونية الاتحاد معكم، إلى تعاونية الاتحاد التي تعرفونها وتحبونها اليوم. لا بدّ أن لديكم ذكريات معها من أيام التسعينات! شاركونا صوركم مع تعاونية الاتحاد في تلك الفترة، وكونوا جزءاً من هذه القصة. #تعاونية_الاتحاد We found the archives. From humble beginnings to the Union Coop you know today. Do you have a memory with Union Coop from the 90's? Share pictures with us and be part of the story. #Union_Coop,https://www.tiktok.com/@union.coop/video/7624197358384975121?utm_campaign=tt4d_open_api&utm_source=7103819247981182978,,112,5,,2482,8,1979,293.47,6.91,0.1809
6a0b3d69c010da81b40f0e15,2026-05-18T16:25:56.767Z,union.coop,account,tiktok,Post,"مليون نقطة من تميّز ليست مجرد أرقام! لهذه العائلة مثلاً، تعني خمس عربات مليئة كلياً، و16,700* درهم من التوفير الفعلي في نفقاتهم السنوية على المشتريات. ماذا عنك؟ كيف ستنفق مليون نقطة من تميّز؟ شاركنا في التعليقات. #تعاونية_الاتحاد #مليونير_تميز #مليون What does 1,000,000 Tamayaz points look like? For this family, it looks like five carts stacked to the brim with groceries. That’s AED 16,700* in savings on their annual grocery spend. So how would you spend 1 million Tamayaz points? Let us know in …",https://www.tiktok.com/@union.coop/video/7641268725869481236?utm_campaign=tt4d_open_api&utm_source=7103819247981182978,,88,2,4.40,2069,1,1676,268.17,7.6,0.0505
6996dff671d0716e00004666,2026-02-19T10:04:18.722Z,union.coop,account,tiktok,Post,". هل أنت عالق في تسوّق اللحظات الأخيرة استعداداً للإفطار؟ لا تقلق! تعاونية الاتحاد توفر لك كل ما تحتاجه بسرعة وسهولة. صناديق الإفطار متوفرة في الفروع التالية: مردف، الورقاء، العوير، البرشاء، جميرا، أم سقيم، ند الشبا مول، الوصل، الخوانيج، موتور سيتي #رمضان_في_دبي #تعاونية_الاتحاد  Caught up with last-minute shopping and on the go for iftar? Don’t worry, Union Coop has you covered. Iftar boxes available at the following stores: Mirdif, Al Warqa, Al Aweer, Al Barsha, Jumeirah, Umm Suqeim, Nad Al Sh…",https://www.tiktok.com/@union.coop/video/7608511065827069196?utm_campaign=tt4d_open_api&utm_source=7103819247981182978,,83,2,,2569,6,2099,276.68,6.22,0.036
69ef9653b203a10c63017377,2026-04-27T17:02:58.069Z,union.coop,account,tiktok,Post,"لا تتشابه جميع أنواع المانجو، واختيار النوع المثالي هو ما يصنع الفارق. من مانجو ألفونسو الغني بالقوام الكريمي إلى الأصناف الغنية بالنكهة من اليمن وتايلاند وفيتنام والهند، لكل منها طعمها الخاص. كيف تستمتعون بموسم المانجو؟ بقطع صغيرة غنية بالعصير أم بوصفات غنية بالنكهات؟ شاركونا إجاباتكم في التعليقات لفرصة الفوز بسلة مانجو فاخرة من تعاونية الاتحاد! #تعاونية_الاتحاد #موسم_المانجو #المانجو Not all mangoes are the same and choosing the perfect one makes all the difference. From the rich, creamy Alpho…",https://www.tiktok.com/@union.coop/video/7633485303994420488?utm_campaign=tt4d_open_api&utm_source=7103819247981182978,,82,5,4.14,2391,12,1917,485.63,12.04,0.0207
696e6120d3fc49279e0ad24e,2026-01-19T16:52:30.052Z,union.coop,account,tiktok,Post,"ابدأ مغامرتك في حتا بخطوة ذكية، وتسوّق كل ما يلزمك للتخييم من تعاونية الاتحاد! جهّز لرحلتك براحة وثقة من الأساسيات إلى المشتريات العاجلة #تعاونية_الاتحاد #حتا #موسم_التخييم Experience the ease of shopping before your Hatta adventure. From essentials to last-minute finds, everything you need for camping season is ready in one place. #Union_Coop #Hatta #CampingSeason",https://www.tiktok.com/@union.coop/video/7597116396258069772?utm_campaign=tt4d_open_api&utm_source=7103819247981182978,,80,2,,1950,3,1572,189.3,5.76,0.0578
69e21524a1daa039b60e77e8,2026-04-19T06:01:01.649Z,union.coop,account,tiktok,Post,"كل ما تحتاجونه من إلكترونيات في مكان واحد! من المستلزمات اليومية إلى أحدث الأجهزة الذكية والتقنيات المنزلية التي لا يمكنكم الاستغناء عنها تجدونها في قسم الإلكترونيات في تعاونية الاتحاد فرع ند الشبا. بانتظار زيارتكم! #تعاونية_الاتحاد #ند_الشبا #تريند #الكترونيات From everyday essentials to the latest must-haves, the electronics section at Union Coop Nad Al Sheba has it all under one roof. Explore a wide range of gadgets, home tech, and more, all in one place. #Union_Coop #NadAlSheba #Electronics …",https://www.tiktok.com/@union.coop/video/7630346152826653972?utm_campaign=tt4d_open_api&utm_source=7103819247981182978,,77,5,,1902,3,1472,199.82,6.17,0.0335
69eb5120535c8dca0b0eac49,2026-04-25T06:01:57.929Z,union.coop,account,tiktok,Post,سلعة واحدة إضافية في نفس عملية الدفع، لخير يدوم. اختاروا أي سلعة من رفوفنا وضعوها في سلة الخير قبل المغادرة. مبادرة بسيطة منكم تحدث فارق حقيقي لعائلة محتاجة. #تعاونية_الاتحاد #سلة_الخير One extra item. Same checkout. Different impact. Pick up a long-shelf item and drop it at the donation point before you leave. A small pause for you can mean real support for a family in need. #Union_Coop #BasketofGoodness,https://www.tiktok.com/@union.coop/video/7632572690007674130?utm_campaign=tt4d_open_api&utm_source=7103819247981182978,,76,4,4.96,1614,0,1313,293.65,10.85,0.0474
69aaae1fa1f5a9c6e009440f,2026-03-07T05:02:06.705Z,union.coop,account,tiktok,Post,"وحدها اللحظات البسيطة تمنح الشهر الكريم خصوصيته. التجمعات العائلية على المائدة والوقت الذي نقضيه مع من نحب. سألنا عملاءنا: ماذا يعني لكم رمضان؟ شاركونا آراءكم في التعليقات. #تعاونية_الاتحاد #رمضان_في_دبي The little moments make Ramadan special. Family, food, and time with loved ones. We asked our customers what Ramadan means to them. Tell us yours in the comments! #Union_Coop #RamadanInDubai",https://www.tiktok.com/@union.coop/video/7614374030044368184?utm_campaign=tt4d_open_api&utm_source=7103819247981182978,,73,4,,1991,6,1663,381.88,11.36,0.0035
6a35613ff2c4f5221a049504,2026-06-19T15:34:04.388Z,union.coop,account,tiktok,Post,"في مدينة دبي التي لا تعرف الانتظار، نسابق الزمن لنكون دائماً في الطليعة. كل منتج في تعاونية الاتحاد يروي قصة إنصاتٍ عميق لنبض دبي واحتياجات سكانها. إن نجاحنا ليس مجرد أرقام، بل هو أثر إيجابي نتقاسمه مع المجتمع. تعاونية الاتحاد، حيث تتجسد رؤية دبي الأفعال إلى واقع يسبق الغد. #تعاونية_الاتحاد #دبي_الأفعال Dubai doesn't wait. Neither do we. Every product on our shelves started with listening. To this city, to its people, to what they need. Then we went and got it. And it doesn’t stop there. We shar…",https://www.tiktok.com/@union.coop/video/7653130048240766216?utm_campaign=tt4d_open_api&utm_source=7103819247981182978,,64,4,6.19,1098,0,861,106.38,5.71,0.0394
6993342fcd82b9b91a08e31d,2026-02-16T15:14:36.059Z,union.coop,account,tiktok,Post,. اغمروا منازلكم ببركات الشهر الكريم، أو امنحوها لمن هم بأمسّ الحاجة إليها. فجوهر رمضان لا يكمُن في موائدنا فحسب، بل في الرحمة التي نتقاسمها والعطاء الذي نترك أثره في حياة الآخرين. اغتنموا الفرصة الآن وتسوقوا مستلزمات رمضان بأسعار لا تُضاهى. * أرز بسمتي هندي – 5 كجم * دقيق رقم 1 – 1 كجم * سكر – 2 كجم * زيت مخلوط – 1.5 لتر * معكرونة – 500 غرام * حليب مجفف كامل الدسم – 400 غرام * جيلي الفراولة – 85 غرام * شوكولاتة قابلة للدهن – 350 غرام * تمر – 1 كيلوغرام * مكعبات مرقة الدجاج – 48 مكعب * مايونيز ح…,https://www.tiktok.com/@union.coop/video/7607467458118683915?utm_campaign=tt4d_open_api&utm_source=7103819247981182978,,62,5,,1774,5,1487,200.23,6.7,0.0385
69fe1e59e5378c0807066f31,2026-05-08T17:34:56.319Z,union.coop,account,tiktok,Post,"الإثارة الحقيقية تبدأ يوم الاثنين! مليون نقطة من تميز تصل قيمتها إلى 16,700 درهم كل أسبوع. 30 أسبوع، 30 مليونير. تسوق في تعاونية الاتحاد عبر التطبيق أو في فروعنا، واشتر بقيمة 200 درهم أو أكثر، ثم امسح بطاقة تميز الرقمية الخاصة بك عند الدفع، لتدخل السحب. تخيل أن تكون أنت المليونير الاثنين المقبل! تطبق الشروط والأحكام. #تعاونية_الاتحاد #اثنين_المليونير #مليونير_تميز Mondays just got an upgrade! Win 1,000,000 Tamayaz points worth up to AED 16,700 every single week. 30 Mondays. 30 Millionaires. Shop…",https://www.tiktok.com/@union.coop/video/7637575418232442120?utm_campaign=tt4d_open_api&utm_source=7103819247981182978,,56,2,4.48,1318,1,1082,135.25,6.07,0.0299
6a93cfc4a94bc80ac1d41fe4,2026-08-30T07:01:13.403Z,union.coop,account,tiktok,Post,"طازجة وموسمية ومذاق غني. تسوقوا تشكيلة متنوعة وغنية من الفواكه والخضروات الطازجة وغيرها من المنتجات المزروعة محلياً. تفضلوا بزيارة أقرب فرع لتعاونية الاتحاد. #تعاونية_الاتحاد #زراعة_محلية Fresh, seasonal and full of flavour. 🍎🥬🍊 Discover a vibrant assortment of fresh fruits and vegetables, including locally grown favourites, waiting for you in store. #Union_Coop #Locallygrown",https://www.tiktok.com/@union.coop/video/7679715944817495316?utm_campaign=tt4d_open_api&utm_source=7103819247981182978,,54,1,6.29,890,1,784,71.78,4.46,0.0673
6a2145679d598f8fa10474ec,2026-06-04T09:30:56.776Z,union.coop,account,tiktok,Post,"بدأ حماس 5X ولا شيء يمكن إيقافه! شاركنا لحظتك الخماسية المميزة في المتجر، وقد تظهر في حملتنا وتفوز بـ٥٬٠٠٠ نقطة من تميّز! كيفية المشاركة: أرسل لنا مقطع الفيديو عبر الرسائل الخاصة تابع حسابنا Union.Coop@ علق بالإشارة إلى اسم أحد أصدقائك واكتب تم #تعاونيةـالاتحاد #5x #استرداد #تميّز Think you can top this 5X energy? 👀✋ Show us your best 5X moment in-store for a chance to be featured and win 5000 Tamayaz points ⭐ To enter: DM us your video, follow Union Coop, tag a friend below, and comment ""done""…",https://www.tiktok.com/@union.coop/video/7647469952496094482?utm_campaign=tt4d_open_api&utm_source=7103819247981182978,,53,1,4.29,1351,4,934,143.22,6.23,0.0457
6995ba19214965122b0962ac,2026-02-19T07:02:18.675Z,union.coop,account,tiktok,Post,". لا يكتمل رمضان بدون… التجمعات العائلية والرغبة في تناول الطعام في وقت متأخر من الليل والمائدة العامرة بألذ الأطباق. سألنا المتسوقين في تعاونية الاتحاد: ما الذي يجعل رمضان يكتمل بالنسبة لكم؟ والآن حان دورك! ما هو الشيء الذي لا يكتمل رمضان بدونه؟ #تعاونية_الاتحاد #رمضان_في_دبي It’s not Ramadan without… Family gatherings, late-night cravings and a table full of favourites. We asked shoppers at Union Coop what makes Ramadan feel complete. What’s yours? #Union_Coop #RamadanInDubai",https://www.tiktok.com/@union.coop/video/7608461981435120952?utm_campaign=tt4d_open_api&utm_source=7103819247981182978,,52,2,,1313,5,1059,276.98,12.42,0.0105
6aacc31652cec9d90e12773e,2026-09-18T04:52:14.307Z,union.coop,account,tiktok,Post,"احتفاءً بالمرأة الإماراتية التي تسهم في رسم ملامح مستقبل دولة الإمارات، وتكريماً لإرثٍ راسخ أسهمت في بنائه عبر مسيرة حافلة بالعطاء والإنجاز. نستحضر اليوم قصصاً من الإنجاز والمثابرة والعزيمة، ونحتفي بإسهامات المرأة الإماراتية ودورها في مسيرة التنمية والتقدم التي تواصل دولة الإمارات كتابة فصولها كل يوم. #تعاونية_الاتحاد #يوم_المرأة_الإماراتية Celebrating the women shaping the UAE’s future, while honouring the legacy they have helped build. Today, we reflected on stories of achievement, perseveranc…",https://www.tiktok.com/@union.coop/video/7686733159307758868?utm_campaign=tt4d_open_api&utm_source=7103819247981182978,,50,0,7.36,707,2,557,83.28,6.91,0.0678
6a0e99e90bc1432def0a3754,2026-05-21T08:00:58.738Z,union.coop,account,tiktok,Post,"عيدك أجمل حين تشاركه مع عائلة محتاجة! 1️⃣ اختر منتجاً طويل الأمد أثناء التسوق للعيد. 2️⃣ ضعه في ""سلة الخير"" قبل مغادرتك. 3️⃣ يداً بيد مع جمعية بيت الخير سنوصل فرحتك للعائلات الأكثر حاجةً. عمل بسيط لكن أثرة لا يمحى. يمكنك العثور على ”سلة الخير“ في أقرب فرع لـتعاونية الاتحاد. فالنعمة التي تُشارك، تتضاعف. #تعاونية_الاتحاد #العيد_في_دبي Make this Eid special for a family in need. 1️⃣ Pick up a long-shelf food item during your Eid shopping. 2️⃣ Place it in the Basket of Goodness donation point before…",https://www.tiktok.com/@union.coop/video/7642251822878625045?utm_campaign=tt4d_open_api&utm_source=7103819247981182978,,48,4,4.91,1059,0,904,121.82,6.79,0.0371
6a2aa02905d981c47608bcb1,2026-06-11T11:47:32.655Z,union.coop,account,tiktok,Post,"شاركونا أجمل لحظاتكم مع حملة 5X في فروعنا، وكونوا نجوم منشوراتنا القادمة! والجائزة؟ 5,000 نقطة من تميّز بانتظار الفائزين! كيفية المشاركة: * أرسلوا مقطع الفيديو عبر الرسائل الخاصة * تابعوا حسابنا @Union.Coop * اذكروا اسم صديق في التعليقات * اكتبوا “تم” #تعاونية_الاتحاد #5X #استرداد_نقدي #تم Here's your reminder to show us your best 5X moment in-store and stand a chance to be featured and win 5000 Tamayaz points! ⭐ To enter: DM us your video, follow Union Coop, tag a friend below, and comment ""don…",https://www.tiktok.com/@union.coop/video/7650103020851662098?utm_campaign=tt4d_open_api&utm_source=7103819247981182978,,46,2,4.32,1157,2,876,136.48,7,0.0538
6a3265ba5477b1d7ca0a2c88,2026-06-17T10:01:53.162Z,union.coop,account,tiktok,Post,"من أرضنا لأيدينا! تعرّف على منتجاتنا المحلية في تعاونية الاتحاد، اشتريها وادعمها وافتخر بها. #تعاونية_الاتحاد #محلي #منتجات_إماراتية #اصنع_في_الإمارات Discover locally made products at Union Coop. Shop local, support homegrown, and take pride in every purchase. #Union_Coop #MakeItInTheEmirates #Local",https://www.tiktok.com/@union.coop/video/7652301963907894529?utm_campaign=tt4d_open_api&utm_source=7103819247981182978,,45,4,5.38,948,2,777,79.32,4.9,0.0267
6a7955aede3500117d67f60e,2026-08-09T09:03:53.000Z,union.coop,account,tiktok,Post,"هل هناك أسهل من ذلك؟ تسوّق، امسح، واربح! ​ 3 خطوات بسيطة تفصلك عن دخول السحب على الجائزة الأسبوعية الكبرى: 1,000,000 نقطة من تميّز! ​ وليس هذا فحسب، هناك جوائز يومية رائعة بانتظارك مع كل عملية تسوّق.​ #تعاونية_الاتحاد #العودة_إلى_المدارس #مشاركة_سهلة​ Could it get any easier? Shop. Scan. Win. Spend AED 200 or more at Union Coop for your chance to win 1 Million Tamayaz Points in our weekly draw, plus exciting daily prizes.​ Shop now! T&Cs apply.​ #Union_Coop #BacktoSchool ​",https://www.tiktok.com/@union.coop/video/7671954841182162192?utm_campaign=tt4d_open_api&utm_source=7103819247981182978,,42,1,5.87,750,1,658,58.13,4.46,0.0332
6a05d922786b51cc621bdbb6,2026-05-12T09:21:07.000Z,union.coop,account,tiktok,Post,"المشروب الأكثر شعبية في الإمارات قد انضم للتو إلى قائمة مشترياتك! متوفر الآن في تعاونية الاتحاد. لا وقت للتفكير، سارع واشتريه. #تعاونية_الاتحاد #الكولا_الخضراء The UAE’s favourite drink just landed on your shopping list 👀 Now on offer at Union Coop￼. Don’t walk, run! 🛒 #Union_Coop #GreenCola",https://www.tiktok.com/@union.coop/video/7638932881066200340?utm_campaign=tt4d_open_api&utm_source=7103819247981182978,,42,0,2.46,1745,1,1483,153.55,5.15,0.0419
6a6b9fc2c9493e743c0fda79,2026-07-30T19:04:00.321Z,union.coop,account,tiktok,Post,"سلال مليئة بأجود أنواع الرطب المزروعة محلياً بانتظاركم في تعاونية الاتحاد. ولا تفوتوا فرصة الاستمتاع بالتذوق المجاني لحلوى البثيث اللذيذة عند زيارتكم لفروعنا في 📍البرشاء 📍مردف 📍الخوانيج نستقبلكم غداً وحتى يوم 2 أغسطس. #تعاونية_الاتحاد #مهرجان_الرطب #البثيثة #زراعة_محلية Baskets full of the finest locally grown dates are calling you. Plus, enjoy free batheetha tasting at 📍Al Barsha 📍Mirdif 📍Al Khawaneej See you tomorrow until the 2nd. #Union_Coop #DatesFestival #Batheetha #LocallyGrown",https://www.tiktok.com/@union.coop/video/7668398563029683463?utm_campaign=tt4d_open_api&utm_source=7103819247981182978,,41,4,6.35,709,0,600,44.83,3.66,0.0163
696f7109c57de748a606d87c,2026-01-20T12:12:37.604Z,union.coop,account,tiktok,Post,"كعكة الجبن اليابانية الشهيرة بالطريقة الألذّ! تسوّق كل مكوناتها من تعاونية الاتحاد! #تعاونية_الاتحاد #كعكة_الجبن_اليابانية #لوتس #لبن_يوناني Japanese cheesecake, the viral way. Shop the ingredients at Union Coop. #Union_Coop #Viral #JapaneseCheesecake #Lotus #GreekYogurt",https://www.tiktok.com/@union.coop/video/7597415347792186635?utm_campaign=tt4d_open_api&utm_source=7103819247981182978,,40,2,,1000,2,830,101.42,6.04,0.0546
6a80736feba21c74defcb9c2,2026-08-15T14:12:14.582Z,union.coop,account,tiktok,Post,سنتربوينت وصل وأصبح جاهزاً لمستلزماتك المدرسية! كل ما يحتاجه أبناؤكم للعودة إلى المدارس أصبح في مكان واحد! تفضلوا بزيارة متجر سنتربوينت المؤقت في البرشاء مول. نستقبلكم حتى 31 أغسطس! #تعاونية_الاتحاد#البرشاء_مول#سينتربوينت Centrepoint has arrived; your school checklist is sorted. Visit the pop-up at Al Barsha Mall. Here till 31st August. #Union_Coop #Centrepoint,https://www.tiktok.com/@union.coop/video/7674260727963684097?utm_campaign=tt4d_open_api&utm_source=7103819247981182978,,40,1,5.38,800,2,677,59.87,4.28,0.0322
6a7c5c939fa1687d78735d5b,2026-08-12T11:49:17.087Z,union.coop,account,tiktok,Post,"واحد من بين أفضل المقاهي المحلية المفضلة، الآن أقرب إليك ☕️ يسعدنا أن نرحّب بـ أورورا للقهوة المختصة في تعاونية الاتحاد، الاتحاد مول، حتى 22 أغسطس. زورونا الآن! من 10 صباحًا إلى 10 مساءً. #تعاونية_الاتحاد A local favourite, now closer to you. ☕️ We’re happy to welcome Aurora Specialty Coffee to Union Coop, Etihad Mall, until 22 August. Visit us now! 10AM - 10PM #Union_Coop",https://www.tiktok.com/@union.coop/video/7673110498648280341?utm_campaign=tt4d_open_api&utm_source=7103819247981182978,,40,1,5.83,703,0,621,52.07,4.31,0.0138
6a93f735dbcad7040f0b64de,2026-08-29T13:14:16.000Z,union.coop,account,tiktok,Post,"لعشاق التوت خبر رائع بانتظاركم في اتحاد مول!​ انضموا إلينا في فعالية التذوق المجاني لتشكيلة شهية من توت دريسكولز الطازج. تفضلوا بزيارتنا اليوم واستمتعوا بأجمل اللحظات.​ 📍 اتحاد مول ​ 📅 29–30 أغسطس ​ ⏰ 4 مساءً–11 مساءً ​ #تعاونية_الاتحاد #دريسكولز #تذوق_التوت #اتحاد_مول ​ Berry good news! 🍓🫐​ Join us at Etihad Mall for a free mixed berry tasting with Driscoll’s! Come discover, taste and enjoy your favourite berries.​ 📍 Etihad Mall​ 📅 29–30 August​ ⏰ 4 PM–11 PM​ See you there!​ #Union_Coop  …",https://www.tiktok.com/@union.coop/video/7679441089383648529?utm_campaign=tt4d_open_api&utm_source=7103819247981182978,,38,2,6.38,643,1,565,41.72,3.53,0.0437
6a2aef8cc88768824d069d45,2026-06-11T17:26:15.542Z,union.coop,account,tiktok,Post,"أتسمع هذا الصوت؟ الجميع يسمع صفارة الدفع، لكن مشتركي تميّز يسمعون ما هو أبعد، يسمعون صوت الفرص! امسح بطاقة تميّز الرقمية أثناء تسوقك، وادخل إلى مسابقة مليونير تميّز وأمامك فرصة للفوز ب 16,700 درهم. #تعاونية_الاتحاد #مليونير_تميز #تميّز Some people hear a normal checkout beep. Tamayaz members hear opportunity. 👀 Only digital Tamayaz ID scans earn entries to Tamayaz Millionaire while shopping at Union Coop and win up to AED 16700* #Union_Coop #TamayazMillionaire #Tamayaz",https://www.tiktok.com/@union.coop/video/7650190308503866631?utm_campaign=tt4d_open_api&utm_source=7103819247981182978,,38,2,3.50,1143,0,927,68.87,3.55,0.0404
69b7e09f14762d7021ee5056,2026-03-14T08:00:26.000Z,union.coop,account,tiktok,Post,"ليكن عيد الفطر هذا أكثر حلاوةً مع كل الأحباء🌙 اطلبوا سلة فواكه العيد مسبقاً عبر تطبيق تعاونية الاتحاد. واختاروا من بين 5 أحجام. ثم حددوا تاريخ التسليم أو الاستلام في الوقت المناسب لكم، واستمتعوا بمنتجاتنا الطازجة. #تعاونية_الاتحاد#العيد_في_دبي Make this Eid sweeter for the people you love. 🌙 Pre-order your Eid fruit basket on the Union Coop App. Choose from 5 sizes, select your delivery or pick-up date, and enjoy freshness at your convenience. Perfect for family, friends, and loved ones this E…",https://www.tiktok.com/@union.coop/video/7617018026252193044?utm_campaign=tt4d_open_api&utm_source=7103819247981182978,,37,4,,976,2,785,80.35,4.87,0.0091
6a84156315ccc8d99f8f078c,2026-08-18T08:20:25.939Z,union.coop,account,tiktok,Post,"فضول لا ينتهي واكتشافات جديدة وإطلالة أولى على عالم تعاونية الاتحاد. يسعدنا استضافة تجار التجزئة من فئة الشباب في تعاونية الاتحاد ليعيشوا صيفاً مليئاً بالتعلم والعمل الجماعي والتجارب العملية. #تعاونية_الاتحاد #رواد_التجزئة_الشباب #رواد_المستقبل Curious minds, new discoveries, and a first look into the world of Union Coop. Proud to host our young retailers at Union Coop for a summer of learning, teamwork, and hands-on experiences. #Union_Coop #YouthRetailProgram #FutureLeaders",https://www.tiktok.com/@union.coop/video/7675283026665884929?utm_campaign=tt4d_open_api&utm_source=7103819247981182978,,37,2,5.35,785,3,641,80.88,6.03,0.0609
6a67a157ee44268c36097c3c,2026-07-27T18:21:50.934Z,union.coop,account,tiktok,Post,هل أنت مستعد لتجربة قيادة يومية أكثر إثارة؟ تفضل بزيارتنا في الاتحاد مول واستمتع بقيادة «فينفاست VF8» الكهربائية بالكامل واستشعر المستقبل المستدام بنفسك. العرض متاح حتى 30 يوليو فقط! #تعاونية_الاتحاد #فينفاست Ready to step up your daily drive? Drop by at Etihad Mall and get behind the wheel of the all-electric VinFast VF8. Experience what your everyday could be with a test drive. Available only until July 30th. #Union_Coop #Vinfast,https://www.tiktok.com/@union.coop/video/7667274307306786066?utm_campaign=tt4d_open_api&utm_source=7103819247981182978,,37,1,3.71,1023,0,851,122.75,7.1,0.0511
6a312bb214d25d6e7d0a2024,2026-06-16T10:58:22.692Z,union.coop,account,tiktok,Post,"هل أنت مستعد لتحويل شغفك بكرة القدم إلى فرصة للفوز؟ انضم إلى أجواء تحدّي كأس العالم الآن مع لعبة تميّز الجديدة ""العب واربح""، حيث يتحول حماسك لكل مباراة إلى فرصة حقيقية للفوز. توقّع الفائزين يومياً، واحصل على فرص للفوز مع كل توقّع صحيح، ونافس على سيارة جيتور T2. لا تفوّت الإثارة، والعب مجاناً الآن عبر تطبيق تعاونية الاتحاد. إن لم تكن عضواً في برنامج تميّز بعد، اشترك اليوم وكن في قلب الحدث مع كل مباراة. #تعاونية_الاتحاد #كأس_العالم #جيتورT2 Think you know football? ⚽ Put your match knowledge to t…",https://www.tiktok.com/@union.coop/video/7651945405940337937?utm_campaign=tt4d_open_api&utm_source=7103819247981182978,,35,3,4.46,852,0,687,113.53,7.89,0.0151
69946aa4fd368c1db80a9048,2026-02-17T13:19:13.028Z,union.coop,account,tiktok,Post,". لا حدود لخيرات الشهر الفضيل في تعاونية الاتحاد. استمتعوا بأجود أنواع اللحوم على موائدكم مع مهرجان اللحوم، حيث الجودة العالية والأسعار التي تناسب أجواء رمضان. لا تفوّتوا الأسعار الخاصة حتى 22 فبراير فقط في تعاونية الاتحاد. #تعاوونية_الاتحاد #مهرجان_اللحوم #رمضان_في_دبي This Ramadan, bring the finest cuts to your table with our Butchery Festival. Enjoy special prices until 22nd February, exclusively at Union Coop #Union_Coop #ButcheryFestival #RamadanOffers #RamadanEssentials",https://www.tiktok.com/@union.coop/video/7607815469231344908?utm_campaign=tt4d_open_api&utm_source=7103819247981182978,,35,1,,1022,1,876,142.53,8.3,0.0243
6978667b03bdc0bf7904d212,2026-01-27T09:00:56.537Z,union.coop,account,tiktok,Post,"لم يكن البطريق تائهاً أبداً كان فقط يبحث عن وجهته المفضّلة: تعاونية الاتحاد! #تعاونية_الاتحاد The penguin was never lost, it was just finding its way to Union Coop. #Union_Coop",https://www.tiktok.com/@union.coop/video/7599960101709040907?utm_campaign=tt4d_open_api&utm_source=7103819247981182978,,35,0,,891,2,732,61.77,4.07,0.0746
6a45f72ed0df514a83021216,2026-07-02T05:31:02.824Z,union.coop,account,tiktok,Post,"هل تعتقد أنك تتمتع بالمهارات المطلوبة؟ لا داعي لأن تكون لديك مهارات كروية خارقة للفوز هذا الموسم. اختبر معلوماتك حول المباريات مع لعبة تميز ""العب واربح“. توقع الفائزين يومياً واكسب فرصاً في السحب مع كل توقع صحيح، واحصل على فرصة للفوز بسيارة Jetour T2. العب مجاناً على تطبيق تعاونية الاتحاد. اشترك في تميّز اليوم واجعل كل مباراة حاسمة. حمّل التطبيق وابدأ الحماس. #تعاونية_الاتحاد #كأس_العالم Think you have what it takes? ⚽✨ You don't need fancy ball skills to win this season. Put your match knowledg…",https://www.tiktok.com/@union.coop/video/7657798499987213589?utm_campaign=tt4d_open_api&utm_source=7103819247981182978,,34,6,4.65,904,2,734,93.92,6.03,0.0075
6a50929528b62c55ba0e95ca,2026-07-10T10:01:48.422Z,union.coop,account,tiktok,Post,هناك من يعيش كرة القدم… وهناك من يعلّق عليها. 🎙️ نقلنا أجواء كأس العالم مباشرةً إلى فروعنا في تعاونية الاتحاد لنرى من يستطيع إظهار شغفه الحقيقي في يوم المباراة. أما أنت فلست بحاجة إلى أن تكون خلف الميكروفون لتفوز بجوائز كبيرة هذا الموسم. كل ما عليك فعله اللعب بذات الحماس والشغف مع لعبة تميّز الجديدة «العب واربح». افتح تطبيق تعاونية الاتحاد وتوقع الفائزين في المباريات يومياً وقد تربح سيارة «جيتور T2» الجديدة كلياً. #تعاونية_الاتحاد #كأس_العالم Some people are just born commentators. 🎙️⚽ We bro…,https://www.tiktok.com/@union.coop/video/7660837083610729736?utm_campaign=tt4d_open_api&utm_source=7103819247981182978,,34,0,3.11,1157,2,994,151.68,7.62,0.0109
6a8fc5f545b792fa308d47e3,2026-08-28T04:02:29.620Z,union.coop,account,tiktok,Post,"إلى من صنعن المجد وكتبن قصة النجاح، كل عام وأنتنّ روح الوطن. نفخر بالمرأة الإماراتية فخراً لا حدود له، فأنتنّ ركنٌ أساسي في مسيرة نهضة وطننا، واليد التي تبني مستقبلاً واعداً، جيلاً بعد جيل. عيد سعيد للمرأة الإماراتية. #تعاونية_الاتحاد #يوم_المرأة_الإماراتية We take immense pride in all the women of UAE. You play a pivotal role in our nation’s growth. Generation after generation, you continue to shape our progress. Happy Emirati Women’s Day. #Union_Coop #EmiratiWomensDay",https://www.tiktok.com/@union.coop/video/7678927244072471809?utm_campaign=tt4d_open_api&utm_source=7103819247981182978,,32,3,6.23,562,0,522,38.07,3.77,0.0132
6994608a37fb1c5203090615,2026-02-18T07:02:07.644Z,union.coop,account,tiktok,Post,. استمتع بهذا الطبق الفلبيني الشهي حيث يُطهى الدجاج مع صلصة غنية بمذاق حامض ولذيذ. المكونات: • 1 كيلوغرام من أفخاذ الدجاج • 200 غرام من الزبدة • 2 فصوص من الثوم • 1 بصلة • 2 ملعقة صغيرة من صلصة الصويا • 5 ملاعق صغيرة من الخل الأبيض • 3-4 أوراق غار • 1 ملعقة صغيرة من الفلفل • 2 ملعقة صغيرة من صلصة المحار • 1 مكعب دجاج • 1 ملعقة صغيرة سكر بني • رشة فلفل حار، رشة ملح • 1 كوب ماء • 3-4 ملاعق صغيرة زيت طهي • 2 ملعقة صغيرة بصل أخضر (اختياري) طريقة التحضير: ينقع الدجاج في صلصة الصويا والخل مع نصف كمية …,https://www.tiktok.com/@union.coop/video/7608067119867104524?utm_campaign=tt4d_open_api&utm_source=7103819247981182978,,32,1,,774,2,649,64.57,4.91,0.0165
69ff7d7d903bfeeaa20be1a1,2026-05-09T18:33:08.044Z,union.coop,account,tiktok,Post,"كلما اشتريت أكثر، زادت فرصك بالفوز أكثر! كل 200 درهم تساوي فرصة واحدة، وكل 1000 درهم تساوي 10 فرص! امسح باركود بطاقة تميّز الرقمية عند الدفع، وتحقق من فرصك في قسم تميّز على تطبيق تعاونية الاتحاد وذلك قبل كل سحب أسبوعي يوم الاثنين. #مليونير_الاثنين#تميّز #تعاونية_الاتحاد The more you shop, the more chances you get. AED 200 gets you in. AED 1,000 gets you 10 entries. Scan your Digital Tamayaz barcode at checkout. Check your entries in the Tamayaz section before every Monday's draw. #MillionaireMon…",https://www.tiktok.com/@union.coop/video/7637961228148591873?utm_campaign=tt4d_open_api&utm_source=7103819247981182978,,32,0,3.16,1013,0,839,111.5,6.57,0.0324
6a96e639b36922b34f2f1a1c,2026-09-01T14:54:17.245Z,union.coop,account,tiktok,Post,"تسوّقكم اليومي أصبح أكثر تميزاً في أبراج بحيرات جميرا. وجهتكم الجديدة والمثالية للمستلزمات اليومية والوجبات الخفيفة والتسوّق السريع. تسوّقوا كل ما تحتاجونه في تعاونية الاتحاد، فرع أبراج بحيرات جميرا، بمنتهى السهولة، وواصلوا يومكم بكل راحة. 📍 أبراج بحيرات جميرا (JLT) - المجمع Y - طابق البوديوم. 🕐 ساعات العمل: 6:30 صباحاً- 2:00 صباحاً (يومياً ) #تعاونية_الاتحاد #أبراج_بحيرات_جميرا JLT, your neighborhood just got better! Your new go-to for everyday essentials, snacks and quick picks. Pop in, find…",https://www.tiktok.com/@union.coop/video/7680579582952623381?utm_campaign=tt4d_open_api&utm_source=7103819247981182978,,31,2,5.73,576,0,492,59.1,5.8,0.0507
697763a51d5ce857b80da183,2026-01-26T12:53:37.309Z,union.coop,account,tiktok,Post,"يأتيك هذا الشهر المبارك بالخير والفرص، وتمنحك مشترياتك اليومية أكثر مما تتوقع! تسوق في تعاونية الاتحاد، ومع إنفاقك لكل 150 درهم قد تكون سيارة جيتور من نصيبك. ففي هذا الموسم المكافآت أبعد من مجرد عملية شراء! تسوق أينما كنت واجعل كل عملية شراء خطوة نحو ربح أكبر. #تعاونية_الاتحاد #تسوق_واربح #رمضان_في_تعاونية_الاتحاد #جيتور This Ramadan, your everyday shopping could take you further. Shop at Union Coop and get a chance to win a Jetour with every AED 150 spent. Because this season, the rewards go be…",https://www.tiktok.com/@union.coop/video/7599650007951658252?utm_campaign=tt4d_open_api&utm_source=7103819247981182978,,30,4,,962,2,765,49.87,3.06,0.0133
696b48d9550d3f0bc602da2a,2026-01-17T08:32:05.653Z,union.coop,account,tiktok,Post,"من الطبقة الأولى إلى مرحلة الطهي النهائية، كل ما يلزمك لتحضير طبق أم علي متوفر في تعاونية الاتحاد. #تعاونية_الاتحاد #ام_علي #الطهي_المنزلي #مكونات_الوصفة Everything you need to make Umm Ali, from first layer to final bake. Find your recipe essentials at Union Coop. #Union_Coop #UmmAli #RecipeEssentials #HomeBaking",https://www.tiktok.com/@union.coop/video/7596245253607279884?utm_campaign=tt4d_open_api&utm_source=7103819247981182978,,30,4,,1180,1,1023,126.63,6.36,0.0561
6a493f26e861bd64640cd9ca,2026-07-04T17:13:52.446Z,union.coop,account,tiktok,Post,برنامج ولاء لا يقارن بأي برنامج آخر. رأيتم اللوحة؟ غيروا وجهتكم إلى تعاونية الاتحاد. The store loyalty program that’s way above the rest. You’ve seen the sign. Make the switch to Union Coop.,https://www.tiktok.com/@union.coop/video/7658722019697102081?utm_campaign=tt4d_open_api&utm_source=7103819247981182978,,30,1,4.65,710,2,567,44.2,3.65,0.0743
6a8d94597b8d3473d66a09ce,2026-08-25T13:18:02.972Z,union.coop,account,tiktok,Post,أقلّ من أسبوع يفصلنا عن بدء العام الدراسي! تجنّبوا الانتظار، واستفيدوا من أكبر الخصومات على مئات منتجات العودة إلى المدارس. عروض هذا الأسبوع متاحة الآن! تسوّقوا مبكراً واستفيدوا من أفضل الخيارات قبل نفاذ الكمية. #تعاونية_الاتحاد #العودة_إلى_المدارس #خصومات_كبرى Less than one week to go until school starts. Beat the rush with our biggest discounts yet on hundreds of back-to-school products. This week's deals are officially live—shop while stocks last. #Union_Coop #BackToSchool #SmartSavings,https://www.tiktok.com/@union.coop/video/7677957036100963602?utm_campaign=tt4d_open_api&utm_source=7103819247981182978,,30,0,5.43,552,0,476,31.72,3.28,0.0086
6a97c2efb7fb0e06aa2e4a52,2026-09-02T08:01:53.739Z,union.coop,account,tiktok,Post,"كل احتياجاتك في رحلة تسوّق واحدة! أطعمة طازجة ومستلزمات منزلية وعروض لا تُفوت تجدها بكل سهولة على تطبيق تعاونية الاتحاد. #تعاونية_الاتحاد #تسوق_واحد Fresh picks, daily essentials and everything in between. 🛒 One trip. Everything sorted. Unlock unbeatable deals on the Union Coop App #Union_Coop #OneStopShop",https://www.tiktok.com/@union.coop/video/7680844677796367632?utm_campaign=tt4d_open_api&utm_source=7103819247981182978,,29,1,6.29,572,6,481,50.7,4.97,0.0278
6a7b01bb145dcd3f6d223cef,2026-08-11T11:07:07.710Z,union.coop,account,tiktok,Post,"واحد من بين أفضل المقاهي المحلية المفضلة، الآن أقرب إليك ☕️

يسعدنا أن نرحّب بـ أورورا للقهوة المختصة في تعاونية الاتحاد، الاتحاد مول، حتى 22 أغسطس. 

زورونا الآن!

من 10 صباحًا إلى 10 مساءً

#تعاونية_الاتحاد

A local favourite, now closer to you. ☕️

We’re happy to welcome Aurora Specialty Coffee to Union Coop, Etihad Mall, until 22 August.

Visit us now!

10AM - 10PM

#Union_Coop
",https://tiktok.com/@union.coop/video/7672728417917488392,,29,1,6.65,451,0,0,44.18,5.85,0.0265
6a9269c47ac4ebbd19574123,2026-08-29T06:01:28.184Z,union.coop,account,tiktok,Post,"لا تفوتوا العروض الرائعة مع تميّز! تصفّحوا أحدث نشرات العروض واستفيدوا من الخصومات الكبيرة والعروض الحصرية التي ستحصلون عليها عبر التطبيق. حمّلوا تطبيق تعاونية الاتحاد وسجّلوا في تميّز واستمتعوا بالمزيد من طرق التوفير. #تميّز #ادفع_أقلّ #عروض_حصرية #تعاونية_الاتحاد Tap into great deals with Tamayaz! 🛒✨ Discover great savings in our latest leaflet, plus exclusive offers waiting for you on the App. 📲 Download the App, register for Tamayaz, and unlock more ways to save. #Tamayaz #YouPayLess #Grea…",https://www.tiktok.com/@union.coop/video/7679329391750515984?utm_campaign=tt4d_open_api&utm_source=7103819247981182978,,29,0,5.69,510,0,479,28.6,3.08,0.0126
6a0878a94549c6dd9a065843,2026-05-16T14:04:27.318Z,union.coop,account,tiktok,Post,"عطلة نهاية الأسبوع أصبحت أكثر قيمةً ومتعةً فقط مع تعاونية الاتحاد! تسوّقوا في تعاونية الاتحاد واستمتعوا بعروض رائعة على المستلزمات الأساسية إنها فرصتكم للفوز بمليون نقطة من تميّز! كيفية المشاركة؟ تسوّقوا بـ ٢٠٠ درهم أو أكثر، امسحوا بطاقة تميز الرقمية عند الدفع، وادخلوا سحب اثنين المليونير القادم! #اثنين_المليونير #تميّز #تعاونية_الاتحاد This weekend, your shopping goes further at Union Coop. Enjoy great deals on your essentials and turn every purchase into a chance to win 1,000,000 Tamayaz Point…",https://www.tiktok.com/@union.coop/video/7640489870258933010?utm_campaign=tt4d_open_api&utm_source=7103819247981182978,,28,2,3.23,928,0,715,46.5,2.96,0.0254
6aa1cef5b4cab67a1eaa3652,2026-09-09T11:56:12.000Z,union.coop,account,tiktok,Post,وفّر حتى 50% على تشكيلة واسعة من المنتجات مع العروض الحصرية على تطبيقنا.​ كل ما عليك فعله هو تفعيل عروضك عبر تطبيق تعاونية الاتحاد، واجعل كل عملية تسوق أكثر توفيراً!​ #تعاونية_الاتحاد #التطبيق_حصريا​ Enjoy up to 50% OFF on a range of products with our app exclusive offers.​ Simply activate your offers in the Union Coop app and make every shop count!​ #Union_Coop #AppExclusive​,https://www.tiktok.com/@union.coop/video/7683503080184335634?utm_campaign=tt4d_open_api&utm_source=7103819247981182978,,28,1,5.98,485,0,427,28.78,3.37,0.0527
6a7f46be98f986f1b1106c8b,2026-08-14T16:49:41.226Z,union.coop,account,tiktok,Post,"من مزارع لبنان بكل فخر يصل إليكم طازجاً يومياً عبر الشحن الجوي. بطيخ خالٍ من البذور، ناضج، وحلو المذاق بطبيعته. تذوّقوه مجاناً في تعاونية الاتحاد. 📍 اتحاد مول: اليوم حتى الساعة 10:00 مساءً 📍 الخوانيج: غداً من الساعة 10:00 صباحاً حتى 10:00 مساءً 📍 البرشاء مول: يوم الأحد من الساعة 10:00 صباحاً حتى 10:00 مساءً #تعاونية_الاتحاد #بطيخ_بدون_بذور #تذوق_مجاني Proudly grown in Lebanon Flown in fresh daily Seedless, ripe and naturally sweet watermelon 📍 Etihad Mall today until 10pm 📍 Al Khawaneej tom…",https://www.tiktok.com/@union.coop/video/7673929969961078033?utm_campaign=tt4d_open_api&utm_source=7103819247981182978,,28,1,3.60,833,1,722,58.4,4.06,0.0278
69b7e09f14762d7021ee5050,2026-03-15T07:25:26.000Z,union.coop,account,tiktok,Post,"استمتعوا بحلويات «ماها بلانكا» من إعداد ""جيني سومايو كارورو"" والمزينة برقائق جوز الهند المحمصة، والتي تتميز بقوامها الناعم والحريري، مثالية لتكون من حلويات العيد.   طريقة التحضير: يخلط نشاء الذرة مع القليل من حليب جوز الهند حتى يصبح المزيج ناعماً. في قدر، يُسخن ما تبقى من حليب جوز الهند، والحليب المبخر، والسكر، والملح حتى يتجانس المزيج ثم يُضاف مزيج نشا الذرة ببطء مع التحريك المستمر حتى يصبح  سميكاً. تضاف الذرة والفانيليا، ويُخلط المزيج جيداً، ثم يُسكب في طبق ويُملّس السطح. يُترك ليبرد ويُحفظ في…",https://www.tiktok.com/@union.coop/video/7617380108818500885?utm_campaign=tt4d_open_api&utm_source=7103819247981182978,,27,2,,676,2,516,60.45,5.49,0.0045
6a7453c6f68df6582a4b0135,2026-08-06T09:30:21.348Z,union.coop,account,tiktok,Post,"من مساهم إلى مالك منزل في دبي! ألف مبروك للفائز «حسين كاظم» الذي انضم حديثاً لقائمة الرابحين في مسابقة «اربح منزلك في دبي»! هل ستكون أنت الفائز التالي؟ الفرصة ما زالت بانتظارك! أرسل فواتيرك بقيمة 500 درهم أو أكثر، وادخل السحب الأسبوعي فوراً. السحوبات مستمرة والإعلان عن الفائزين يتم أسبوعياً حتى نهاية الشهر. لا تفوّت فرصتك! #تعاونية_الاتحاد #بن_غاطي #اربح_منزلك_في_دبي From Union Coop shareholder to homeowner. Congratulations to Hussain Kazim, who has received the keys to his new home as the lates…",https://www.tiktok.com/@union.coop/video/7670848159899290896?utm_campaign=tt4d_open_api&utm_source=7103819247981182978,,27,1,4.42,633,0,532,55.07,5.07,0.0353
69c7e6019e064ef6fb0fc256,2026-03-28T14:32:09.852Z,union.coop,account,tiktok,Post,"سارعوا إلى الاستفادة من بطاقة تميّز من ليف، بعوائد استرداد نقدي كبيرة على مشتريات البقالة والطعام والوقود وغيرها. هذا غير LivTamayazCard ترحيبية التي تصل إلى 1000 درهم عند التسجيل. سجّلوا الآن واحصلوا على بطاقتكم اليوم! تطبق الشروط والأحكام. #بطاقة_تميز_من_ليف #استرداد_نقدي#تعاونية_الاتحاد #بنك_الإمارات_دبي_الوطني Liv Tamayaz card is here with big cashback rewards on grocery spends, dining, fuel and more. Plus, an AED 1000 welcome bonus. Register for your card today! T&Cs Apply #LivTamayazCard #…",https://www.tiktok.com/@union.coop/video/7622313658407865617?utm_campaign=tt4d_open_api&utm_source=7103819247981182978,,27,0,,812,1,678,77.33,5.62,0.0194
6a202c865bf7a3b729013ef7,2026-06-03T13:32:31.135Z,union.coop,account,tiktok,Post,"في الحلقة السابعة من سلسلة وصفاتنا الشهيرة، جربنا مشروب الجيلي الصيفي الأكثر شعبية على وسائل التواصل. تخيلوا مزيجاً من مسحوق الجيلي المنكّه وكرات الثلج بالنعنع ومشروب سفن آب المنعش! النتيجة هي حتماً أسهل مشروب صيفي فوّار لانتعاش يدوم، حضروه في المنزل بكل مكوناته المتوفرة في تعاونية الاتحاد. هل لديكم اقتراحات قادمة؟ #تعاونية_الاتحاد #الصيف #وصفات_شهيرة In episode 7 of our viral recipe series, we tried the internet’s favourite summer jello drink. Think flavoured jello powder, mint ice spheres, and…",https://www.tiktok.com/@union.coop/video/7647161137749953812?utm_campaign=tt4d_open_api&utm_source=7103819247981182978,,26,2,2.87,1045,2,828,70.2,3.91,0.0279
6a8c494b9d090a02e22d4996,2026-08-24T13:42:11.062Z,union.coop,account,tiktok,Post,وأخيرًا، كُشف عن الفائز الأول بالجائزة الكبرى! تعاونية الاتحاد تبارك من القلب لطلال سعيد، الفائز المحظوظ الذي انطلق بسيارة جيتور تي 1 الجديدة بالكامل! لكن القصة لم تنتهِ بعد، ولا تزال فرصتك للفوز قائمة. أمامك حتى 13 سبتمبر للمشاركة. لا يوجد حد أدنى للإنفاق وما عليك سوى التسوق ومسح بطاقة تميّز الرقمية الخاصة بك عند الدفع وستدخل السحب! هل ستكون أنت الفائز القادم بالجائزة الكبرى؟ تسوّق الآن واجعل الفرصة من نصيبك! #تعاونية_الاتحاد#تميّز #العودة_إلى_المدارس We’ve got a winner! Congratulations to Tala…,https://www.tiktok.com/@union.coop/video/7677592396174986517?utm_campaign=tt4d_open_api&utm_source=7103819247981182978,,25,1,5.15,524,1,492,20.58,2.14,0.0104
6a05dbeb3bf3ed1b920dbcb7,2026-05-14T14:29:39.793Z,union.coop,account,tiktok,Post,"10 دراهم كافية لجعل يومكم أجمل! مع بيتزا مارغريتا متوسطة الحجم، ذات المذاق الطازج والغني بالجبن فقط من تعاونية الاتحاد! تفضلوا بزيارتنا واستمتعوا بأصالة النكهات. #تعاونية_الاتحاد #بيتزا #١٠درهم AED 10 never looked this good 🍕 Fresh, cheesy Margherita goodness at Union Coop in every bite-sized moment. Medium Margherita pizza for just AED 10. Head to Union Coop and grab yours today. #Union_Coop #Pizza #AED10",https://www.tiktok.com/@union.coop/video/7639754167552085265?utm_campaign=tt4d_open_api&utm_source=7103819247981182978,,25,0,3.35,746,0,606,45.02,3.52,0.043
6a26d43675bf1c9dda0208ed,2026-06-08T14:49:35.851Z,union.coop,account,tiktok,Post,حلوى التقشير التي يتحدث عنها الجميع، هل جربتها؟ إنها متوفرة الآن في تعاونية الاتحاد، لاتنس الحصول عليها أثناء تسوقك. #تعاونية_الاتحاد #الحلوى_الأشهر #تريندي #حلوى_التقشير The viral peeler candy everyone’s talking about 🍬👀 Find it at Union Coop while stocks last. #Union_Coop #ViralCandy #Trending #PeelerCandy,https://www.tiktok.com/@union.coop/video/7649034357725744405?utm_campaign=tt4d_open_api&utm_source=7103819247981182978,,24,3,2.76,978,0,784,56.72,3.38,0.0198
6a79f78a7dff2ea6aa6bae6b,2026-08-10T16:12:46.611Z,union.coop,account,tiktok,Post,في النصف الأول من عام 2026، تعكس أرقام تعاونية الاتحاد قصة واضحة: المزيد من الإنجاز، ومزيدٌ قادم. * 1.27 مليار درهم إجمالي الإيرادات (+9.90%) * 191.3 مليون درهم الأرباح قبل الضريبة * 173.7 مليون درهم الأرباح بعد الضريبة * +40% نمو في التجارة الإلكترونية شهدت الإيرادات نمواً خلال النصف الأول من عام 2026، بالتوازي مع ارتفاع ونمو في التجارة الإلكترونية، وتعزيز ثقة المتسوقين. #تعاونية_الاتحاد #نتائج_النصف_الأول_لعام_2026,https://www.tiktok.com/@union.coop/video/7672436105614150919?utm_campaign=tt4d_open_api&utm_source=7103819247981182978,,23,1,4.42,611,3,528,62.13,6.02,0.0129
69f4bf7d363d9b6bea002ef6,2026-05-01T14:59:48.936Z,union.coop,account,tiktok,Post,"طازجة ومحلية ومُعدة لوجباتكم اليومية! تربى أسماك البلطي التي نحصل عليها من مصادر محلية بمنتهى العناية في جميع أنحاء الإمارات العربية المتحدة، ثم يتم توصيلها طازجة إلى موائدكم. فقط في تعاونية الاتحاد تجدون كل الصيد الطازج بجودة مضمونة. #تعاونية_الاتحاد #طازج #البلطي Fresh, local, and made for your everyday meals! Our locally sourced Tilapia is carefully farmed across the UAE, handled with care, and delivered fresh to your table. Bring home freshness you can trust. Only at Union Coop. #Union_Coop …",https://www.tiktok.com/@union.coop/video/7634937838789807368?utm_campaign=tt4d_open_api&utm_source=7103819247981182978,,23,1,4.15,579,0,460,34.83,3.54,0.0051
699485f532e7ff22bf0ac6a2,2026-02-17T15:16:46.518Z,union.coop,account,tiktok,Post,". رمضان مبارك لكم ولأحبائكم! عسى أن يحمل لكم هذا الشهر الفضيل كل الخيرات والمسرّات، وأن يملأ قلوبكم بالسكينة والأمان ومنازلكم بأجمل اللحظات مع العائلة والأصدقاء. #تعاونية_الاتحاد #رمضان2026 #رمضان_في_دبي Wishing you and your loved ones a blessed Ramadan. May this holy month bring joy to your home, peace to your heart, and countless moments of togetherness to share with family and friends. #Union_Coop #Ramadan2026 #RamadanInDubai",https://www.tiktok.com/@union.coop/video/7607843613791227148?utm_campaign=tt4d_open_api&utm_source=7103819247981182978,,23,1,,517,1,433,19.23,2.25,0.0156
6a893f82a8dcf62e7b2c7520,2026-08-22T07:02:07.814Z,union.coop,account,tiktok,Post,"تم تحديد الموعد و«جيتور» بانتظاركم. في 24 أغسطس، سيُعلَن اسم الفائز المحظوظ بالجائزة الكبرى من «جيتور» بمناسبة العودة إلى المدارس. من يدري، قد تكون هذه المفاتيح لك! تابعونا لمعرفة النتيجة. #تعاونية_الاتحاد #العودة_إلى_المدارس The date is set. The Jetour is ready. On 24 August, we reveal the lucky winner of our Back-to-School Jetour Grand Prize. Could these keys have your name on them? Watch this space. #Union_Coop #BackToSchool #Jetour",https://www.tiktok.com/@union.coop/video/7676747225183161617?utm_campaign=tt4d_open_api&utm_source=7103819247981182978,,23,0,6.65,346,0,294,20.15,3.43,0.017
699db4385f9947bc350f8f8f,2026-02-24T14:23:31.836Z,union.coop,account,tiktok,Post,"في رمضان هذا العام، كل ما تنفقه يكتسب قيمة أكبر. أنفق 150 درهم أو أكثر في عملية دفع واحدة وامسح باركود تميّز لتدخل تلقائياً في السحب للفوز بسيارة جيتور ومشتريات أسبوعية. #تعاونية_الاتحاد #تميّز #رمضان2026 #تسوق_و_اربح This Ramadan, make every checkout more rewarding. Spend AED 150 or more in a single transaction and scan your Tamayaz barcode to automatically enter a chance to win a Jetour car and weekly groceries. #Union_Coop #Tamayaz #Ramadan2026 #ShopAndWin",https://www.tiktok.com/@union.coop/video/7610425079956000056?utm_campaign=tt4d_open_api&utm_source=7103819247981182978,,23,0,,518,0,420,42.95,5.02,0.0331
69b50d4faa291da6329a1ed7,2026-03-13T11:16:15.000Z,union.coop,account,tiktok,Post,"في هذا الشهر الكريم، مساهمتك البسيطة قد تحمل معنى عميقاً لعائلة محتاجة. انضم إلينا في تعاونية الاتحاد مع مؤسسة ""عائلة العطاء"" ومنصة ""تراحم"" الخيرية في حملة دعم العائلات المحتاجة عبر صناديق العطاء المتوفرة بثلاثة خيارات: 50 درهم، 100 درهم و150 درهم. كل صندوق يحتوي على مواد غذائية أساسية عالية الجودة لإعانة العائلات خلال شهر رمضان المبارك. وتذكر أنه لا يوجد تبرع صغير. كل درهم يساهم في توفير الأساسيات لمن هم أحوج إليها. الطريقة سهلة جداً، امسح رمز QR المرفق ، قدم تبرعك في ثوان معدودة وكن جزءاً من ه…",https://www.tiktok.com/@union.coop/video/7616697424790195477?utm_campaign=tt4d_open_api&utm_source=7103819247981182978,,22,1,,724,1,612,81.17,6.76,0.0083
69a54dc77dda08c2fa02f7d6,2026-03-02T08:45:36.474Z,union.coop,account,tiktok,Post,". تسوقكم في رمضان حافل بالخصومات. استمتعوا بعروضنا الحصرية على المنتجات الطازجة والمستلزمات الأساسية وغيرها. تسري العروض حتى 5 مارس. تسوقوا في فروعنا أو عبر التطبيق واستفيدوا من كل درهم في الشهر الكريم. #تعاونية_الاتحاد #خصومات_رمضان #رمضان_في_دبي #تسوق_ووفر Your Ramadan shopping, filled with savings. Enjoy exclusive offers across fresh produce, essentials, and more, valid till 5th March. Shop in-store or online and make the most of every dirham this Ramadan. #Union_Coop #RamadanInDubai #Ramadan…",https://www.tiktok.com/@union.coop/video/7612568907609574667?utm_campaign=tt4d_open_api&utm_source=7103819247981182978,,22,1,,554,0,467,30.28,3.3,0.0055
6aa7f5571f201e1ad82d6b3a,2026-09-14T13:58:40.330Z,union.coop,account,tiktok,Post,"عطلة نهاية الأسبوع في عالم الكبار؟ هكذا تبدو بالضبط! جولة سريعة لشراء احتياجاتك، وتجديد بعض المخزون، وسؤال يتكرر كل مرة: «ما الذي نحتاجه لهذا الأسبوع؟». اجعل رحلة التسوق أسهل مع تعاونية الاتحاد. نحن نتولى التسوق، وأنت استمتع بعطلتك. #تعاونية_الاتحاد This is what your weekend looks like when you’re an adult. A little grocery run, a little restocking, and a lot of “what do we need for the week?” Make your weekend grocery run easier with Union Coop. Your weekend plans just got a little more conveni…",https://www.tiktok.com/@union.coop/video/7685384991676681479?utm_campaign=tt4d_open_api&utm_source=7103819247981182978,,22,0,4.18,526,0,452,24.8,2.78,0.0616
69b7ed19c20ae6c8a9094ee9,2026-03-16T11:46:11.872Z,union.coop,account,tiktok,Post,يقدم لكم ”آشيش نيلكانث كودتاركار“ الطبق الكلاسيكي الأكثر شهرة: الدجاج بالزبدة الكريمية! يُطهى الدجاج الطري المتبل بالزبادي والتوابل، ويُترك على نار هادئة في صلصة الطماطم والكاجو ذات القوام المخملي اللذيذ. طريقة التحضير: ينقع الدجاج في الزبادي ومعجون الزنجبيل والثوم وعصير الليمون والتوابل والزيت والملح لمدة ساعة على الأقل. ثم يُقلى الدجاج قليلاً في الزبدة أو الزيت ويُوضع جانباً. في قدر، تطهى التوابل الكاملة والبصل في الزبدة حتى يصبح لونها ذهبياً، ثم تضاف الطماطم والكاجو وتطهى حتى تصبح طرية. تخلط …,https://www.tiktok.com/@union.coop/video/7617817918792879416?utm_campaign=tt4d_open_api&utm_source=7103819247981182978,,20,2,,667,0,511,63.68,5.8,0.0076
69b50d4faa291da6329a1eda,2026-03-12T14:04:22.000Z,union.coop,account,tiktok,Post,لمسة بسيطة. إفطار ذو قيمة. ببضع نقرات سهلة على تطبيق تعاونية الاتحاد، يمكنك طلب صناديق وجبات إفطار شهية وتبرع بها للمحتاجين مباشرة. اختر ما يناسبك: • 10 درهم: وجبة دجاج لذيذة • 12 درهم: وجبة لحم ضأن فاخرة كل طلب لا يقتصر على وجبة، بل هو تذكير جميل بأن العطاء يقربنا من بعضنا، ويجمعنا على قيم الكرامة والإنسانية. احجز صناديق وجبات الإفطار الآن ، وساهم في إفطار صائم بوجبة شهية. #تعاونية_الاتحاد #رمضان2026 #رمضان_في_دبي A simple tap. A meaningful Iftar. With just a few taps on the Union Coop App you …,https://www.tiktok.com/@union.coop/video/7616369713760980244?utm_campaign=tt4d_open_api&utm_source=7103819247981182978,,20,2,,507,0,415,34.6,4.25,0.0061
6aa8138963236999d0f7cd15,2026-09-14T15:54:12.191Z,union.coop,account,tiktok,Post,تهانينا لأحمد كمال سجواني بمناسبة فوزه بسيارة «جيتور تي1 » الجديدة كلياً! شكراً من القلب لكل من شاركنا خلال موسم العودة إلى المدارس #تعاونية_الاتحاد #جيتور_تي1 Congratulations to Ahmad Kamal Sajwani on winning a brand-new Jetour T1! 🚗✨ Thank you to everyone who took part this Back to School season. #Union_Coop #JetourT1,https://www.tiktok.com/@union.coop/video/7685417009609182471?utm_campaign=tt4d_open_api&utm_source=7103819247981182978,,20,1,4.96,423,0,359,15.97,2.22,0.058
6a7a2e264ab83e18aed0c61a,2026-08-10T20:03:16.035Z,union.coop,account,tiktok,Post,"فرصتكم الأخيرة مع الجولة الختامية لعروض منتصف الأسبوع! لا تفوّتوا أقوى الخصومات واستمتعوا بتوفير 50% وأكثر على مجموعة واسعة وشاملة من المنتجات في جميع فروعنا. كل ما عليكم فعله: فعّلوا العروض الخاصة بكم عبر تطبيق تعاونية الاتحاد وتوجّهوا اليوم إلى أقرب فرع واستمتعوا بتجربة تسوق رائعة! #تعاونية_الاتحاد #عروض_منتصف_الأسبوع The final round of mid-week deals are here. Your last chance to grab 50% off and more across a whole range of products, in-store. All it takes is activating your offers on your a…",https://www.tiktok.com/@union.coop/video/7672495810352909588?utm_campaign=tt4d_open_api&utm_source=7103819247981182978,,20,1,3.84,547,0,480,25.75,2.78,0.009
696ca0711f5e014e1a0aefe2,2026-01-18T08:58:06.484Z,union.coop,account,tiktok,Post,في الجو البارد كل شيء يبدأ بكوب شوكولاتة ساخنة، تسوّق كل مكوناتها من تعاونية الاتحاد واصنع لحظاتك الدافئة. #تعاونية_الاتحاد #شوكولاتة_ساخنة #فصل_الشتاء Cold days call for warm hot chocolaty pours. Find all your hot chocolate essentials at Union Coop. #Union_Coop #HotChocolate #Winters,https://www.tiktok.com/@union.coop/video/7596623056848604427?utm_campaign=tt4d_open_api&utm_source=7103819247981182978,,20,0,,832,1,705,88.88,6.4,0.0168
6a926a9ba53e4add32417f0b,2026-08-29T08:01:30.496Z,union.coop,account,tiktok,Post,"أقوى العروض بانتظاركم عبر نقرة واحدة فقط! تسوقوا بسهولة أكبر واستمتعوا بالعروض الحصرية عبر تطبيق تعاونية الاتحاد. تفضلوا بزيارة أقرب فرع من تعاونية الاتحاد إليكم وتسوقوا منتجاتكم المفضلة. حمّلوا التطبيق الآن وابدأوا رحلة التوفير! #تعاونية_الاتحاد #حصريا_على_التطبيق #عروض_تعاونية_الاتحاد Your next great deal is just a tap away! Discover App-Exclusive Offers on the Union Coop app, then head to your nearest store and shop your favourites. Download the Union Coop app and start saving! #Union_Coop #A…",https://www.tiktok.com/@union.coop/video/7679360475548618004?utm_campaign=tt4d_open_api&utm_source=7103819247981182978,,19,1,5.18,386,0,362,13.45,1.94,0.0024
6a76cb80314479438e24d29a,2026-08-08T08:02:11.234Z,union.coop,account,tiktok,Post,"قرمشة كريمية، وطعم شوكولاتة لا يُقاوم! كان يجب أن نعرف سر الإقبال على «كرواسون ماغنوم» الذي اجتاح مواقع التواصل الاجتماعي! وبعد التجربة يمكننا القول إنه يستحق كل هذه الشهرة وبجدارة. مستعد لتجربته بنفسك؟ احصل على مكوناته الآن من تعاونية الاتحاد، واستمتع بتحضير الترند الأشهى على الإطلاق. #تعاونية_الاتحاد #وصفات_شهيرة #كرواسان_ماغنوم Crispy, creamy, chocolatey... we had to see what the hype was all about! 🥐🍫 we tried the viral Magnum Croissant, and let's just say it's worth the trend. Ready to ma…",https://www.tiktok.com/@union.coop/video/7671567638421671188?utm_campaign=tt4d_open_api&utm_source=7103819247981182978,,19,1,3.32,602,0,554,44.6,4.23,0.0442
6a0f042a9360c8313e075156,2026-05-21T13:29:51.014Z,union.coop,account,tiktok,Post,ما الذي كان يختبئ في رفوف متاجرنا؟ المزيد من العروض المميزة في تسوقك الأسبوعي في انتظارك، لا تفوّتها! #تميّز #تعاونية_الاتحاد#5أضعاف What’s been hiding in our aisles? 👀 There’s more value in your weekly shop than you think. Stay tuned. #Union_Coop #Tamayaz #5XMore,https://www.tiktok.com/@union.coop/video/7642331689116634375?utm_campaign=tt4d_open_api&utm_source=7103819247981182978,,19,1,2.96,710,1,646,52.95,3.94,0.0297
6a93c87ef156fc09a07781d7,2026-08-30T06:08:37.737Z,union.coop,account,tiktok,Post,"وجباتهم الخفيفة المفضّلة جاهزة بأقوى الأسعار! تسوّقوا عروض العودة إلى المدارس حتى 2 سبتمبر. للتوفير الأكبر، حمّلوا تطبيق تعاونية الاتحاد واستمتعوا بالعروض الحصرية! #تعاونية_الاتحاد #نشرة_العروض #تميّز Snack-time favourites, sorted! 🎒🍪 Shop our Back to School offers until 2 September. Want even bigger savings? 👀 Download the Union Coop App to unlock our best deals 📲 #Union_Coop #LeafletOffers #Tamayaz",https://www.tiktok.com/@union.coop/video/7679702248766573831?utm_campaign=tt4d_open_api&utm_source=7103819247981182978,,19,0,5.34,356,0,324,17.08,2.68,0.0183
6a815f9b6bdf2d689f1e2e73,2026-08-16T07:00:43.296Z,union.coop,account,tiktok,Post,جرّب حظك مع العجلة واربح أشهى الحلويات! العب على تطبيق تميّز واكتشف جائزتك الجديدة واصطحبها إلى منزلك اليوم. #تعاونية_الاتحاد #دانكن_دونتس #تميّز Spin for the yummiest treat! 🍩 Play on the Tamayaz App and unlock your newest prize. All yours to take home today. #Union_Coop #DunkinDonuts #Tamayaz,https://www.tiktok.com/@union.coop/video/7674520360066288914?utm_campaign=tt4d_open_api&utm_source=7103819247981182978,,19,0,5.19,366,0,279,17,2.76,0.0081
6a477e6e99b33272250cdb2d,2026-07-03T09:20:21.710Z,union.coop,account,tiktok,Post,"إليكم الوجبة المثالية لفصل الصيف من قلب البحر! يعدّ النيسر من الأطباق الإماراتية التقليدية الموسمية التي يعشقها الجميع، ويتميز بنكهته الفريدة والغنية بالفيتامينات الأساسية لنشاط الصيف. هل جربتم طعمه المميّز بعد؟ شاركونا بـ «نعم» أو «لا» في التعليقات! #تعاونية_الاتحاد #النيسر Your summer seafood staple. ✨ Al Naiser is a traditional Emirati seasonal favorite, packed with unique flavor and essential vitamins. Have you tried it yet? #Union_Coop",https://www.tiktok.com/@union.coop/video/7658228706015595783?utm_campaign=tt4d_open_api&utm_source=7103819247981182978,,19,0,5.18,367,0,273,23.95,4.05,0.0141
698196d6dd114c165703a579,2026-02-03T06:34:42.980Z,union.coop,account,tiktok,Post,نتمنى لكم كل البهجة والمرح بمناسبة حق الليلة. احتفلوا معنا بأجواء مميزة في تعاونية الاتحاد، وتسوقوا الحلويات والهدايا وكل ما يلزم هذه المناسبة لأجواء عائلية دافئة لا تُنسى. #تعاونية_الاتحاد Wishing our community a lovely Hag Al Leila Celebrate Hag Al Leila with Union Coop. Shop festive treats and sweet surprises for family and loved ones now! #Union_Coop,https://www.tiktok.com/@union.coop/video/7602513883689012536?utm_campaign=tt4d_open_api&utm_source=7103819247981182978,,19,0,,613,0,527,31.87,3.06,0.0304
6a13ee849c5f4c6f2a0c0cff,2026-05-25T06:39:44.672Z,union.coop,account,tiktok,Post,You shop for your essentials. Tamayaz gives back more. 🛒✨ Earn 5X more cashback with Tamayaz at Union Coop and make every grocery run more rewarding. #Tamayaz #Union_Coop,https://www.tiktok.com/@union.coop/video/7643715210963848465?utm_campaign=tt4d_open_api&utm_source=7103819247981182978,,18,2,3.61,554,0,434,21.47,2.32,0.0162
69eb2c247e0fae489a08f33d,2026-04-24T08:39:43.047Z,union.coop,account,tiktok,Post,"تهانينا للفائز الثاني في سحب جيتور الكبير في رمضان الماضي! مرة أخرى، يعيش أحد متسوقي تعاونية الاتحاد لحظةً لا تُنسى، ويسعدنا مشاركته فرحة هذا الفوز. والأجمل لم يأتِ بعد، مسابقات أكبر ومفاجآت أكثر في طريقها إليكم. تابعونا! #تعاونية_الاتحاد #جيتور #السحب_الكبير Congratulations to the 2nd winner of our Ramadan Jetour Mega draw! One more lucky shopper at Union Coop drove away with an unforgettable win, and we are thrilled to celebrate this moment with them. More exciting contests and bigger surprise…",https://www.tiktok.com/@union.coop/video/7632242518649851154?utm_campaign=tt4d_open_api&utm_source=7103819247981182978,,18,1,2.15,931,1,716,68.92,4.45,0.0398
69c3f96752b7231deb0ff5b8,2026-03-25T15:04:51.074Z,union.coop,account,tiktok,Post,"وصلت وجباتكم الخفيفة المفضلة! في تعاونية الاتحاد عروضنا المميزة لا تتوقف. اغتنموا الآن فرصة العروض على منتجات الأطفال والمستلزمات اليومية حتى تاريخ 1 أبريل! #تعاونية_الاتحاد #خصومات_كبرى Snack time sorted 🍪 + pantry restocked 🛒 Discover our latest deals on kids’ favorites and everyday essentials. Hurry, offers end April 1! #Union_Coop #BigDiscounts",https://www.tiktok.com/@union.coop/video/7621209183072898321?utm_campaign=tt4d_open_api&utm_source=7103819247981182978,,18,1,,513,0,391,31.18,3.63,0.0116
69fca0a6d32a803ba6034d6e,2026-05-08T06:01:57.971Z,union.coop,account,tiktok,Post,"مزارع محلية… وطزاجة تثق بها يومياً! من مزارع مستدامة في الإمارات يُربّى الروبيان بعناية ويُجهَّز وفق أعلى معايير الجودة ليصلك طازجاً دائماً. مأكولات بحرية نظيفة وعالية الجودة تستحق ثقتكم، حصرياً في تعاونية الاتحاد. #تعاونية_الاتحاد #طازج_من_الإمارات #روبيان_محلي Locally farmed, carefully handled, and always fresh! From sustainable farms across the UAE to our shelves, every shrimp is raised with care, processed to the highest standards, and delivered fresh for you. Clean, quality seafood you can …",https://www.tiktok.com/@union.coop/video/7637396816434138375?utm_campaign=tt4d_open_api&utm_source=7103819247981182978,,18,0,2.93,614,0,483,33.53,3.13,0.014
69bb9845b175db0c350b9cc6,2026-03-19T15:01:47.184Z,union.coop,account,tiktok,Post,"في عيد الفطر، نحتفي بكل ما يجمعنا. بالابتسامات المتبادلة والصلوات الخاشعة، وذلك الترابط الذي لا يُعوَّض. من كل بيت إلى كل قلب، نتمنى أن يغمر هذا العيد أيامكم بالدفء والفرح والمحبة. عيد مبارك من عائلتنا ""تعاونية الاتحاد"" إلى عائلاتكم جميعاً. #تعاونية_الاتحاد #العيد_في_دبي #عيد_الفطر This Eid, we honor the moments that bring us together. We celebrate the shared smiles, the quiet prayers, and the strength we find in unity. From every home to every heart, may your celebrations be filled with warmth,…",https://www.tiktok.com/@union.coop/video/7618981851855703316?utm_campaign=tt4d_open_api&utm_source=7103819247981182978,,17,1,,706,0,568,25.98,2.22,0.0057
69b296ac033ac731a3093905,2026-03-12T10:36:03.721Z,union.coop,account,tiktok,Post,"لا تدعوا الفرصة الذهبية تفوتكم! إنها آخر محاولة لكم للفوز بالجائزة الكبرى عبر سلة رمضان. اشتروا بمبلغ 150 درهم فقط من تعاونية الاتحاد، واحصلوا على فرصة للفوز بسيارة جيتور الفاخرة. فكل عملية شراء تعني فرصة فوز جديدة! زوروا أقرب فرع لنا أو تسوقوا بسهولة عبر تطبيقنا الآن. #تعاونية_الاتحاد #رمضان2026 #رمضان_في_دبي In case you missed it, this is your last chance to let your Ramadan basket bring you closer to the big win. Spend AED 150 at Union Coop and receive 1 entry for a chance to win a Jetour. Vi…",https://www.tiktok.com/@union.coop/video/7616315576419388679?utm_campaign=tt4d_open_api&utm_source=7103819247981182978,,17,1,,518,0,411,20.18,2.41,0.0139
69d8dd6be4bc5267400ffff4,2026-04-10T12:02:07.415Z,union.coop,account,tiktok,Post,"في الحلقة الثانية من سلسلة الوصفات التي لاقت رواجاً، جربنا فكرة من اقتراحاتكم، لاتيه كريم الكراميل! طبقات من النكهة اللذيذة، مع كل رشفة. ما الوصفة التالية؟ شاركونا اقتراحاتكم في التعليقات. كل ما تحتاجونه لتحضيرها في المنزل متوفر في تعاونية الاتحاد. #تعاونية_الاتحاد #قهوة_منزلية #وصفات_سهلة In episode 2 of our viral recipes series, we tried something one of you suggested… Crème Caramel Latte ☕️✨ Layers of comfort, one pour at a time. What should we try next? Drop your suggestions below 👇 Make it…",https://www.tiktok.com/@union.coop/video/7627099192388816148?utm_campaign=tt4d_open_api&utm_source=7103819247981182978,,17,0,,789,0,632,41.4,3.12,0.0176
6a87033908839971ef58430b,2026-08-20T13:39:51.144Z,union.coop,account,tiktok,Post,استفد أكثر من كل 200 درهم تنفقها في موسم العودة إلى المدارس. فقط امسح بطاقة تميّز الرقمية لتحصل على خصومات فورية على مستلزمات العودة إلى المدارس، وفرصة للفوز بجوائز يومية. تسوّق. امسح. وفّر واربح. #تعاونية_الاتحاد#العودة_إلى_المدارس Make AED 200 go further this Back to School 🎒 Scan your digital Tamayaz ID to enjoy direct discounts on Back-to-School essentials and for a chance to win daily prizes. Shop. Scan. Save. Win. #Union_Coop #BackToSchool,https://www.tiktok.com/@union.coop/video/7676107869653060884?utm_campaign=tt4d_open_api&utm_source=7103819247981182978,,16,1,4.67,364,0,305,15.65,2.53,0.0216
6a1016775e5881039903e244,2026-05-24T07:30:52.892Z,union.coop,account,tiktok,Post,هل تعلم أن تسوقك للعيد يعود عليك بأكثر مما تتخيل؟ لا تنسَ مسح بطاقة تميّز الرقمية الخاصة بك عند الدفع لتكون مؤهلاً للاستفادة من العرض، ودع قائمة تسوق العيد تفاجئك! من تعاونية الاتحاد نتمنى لكم عيداً مباركاً. #تعاونية_الاتحاد #العيد_في_دبي #مليونير_تميّز Your Eid shopping is already doing more than you think. Remember to scan your digital Tamayaz ID at checkout to be eligible and let your Eid shopping list do the rest. Eid Mubarak from Union Coop. #TamayazMillionaire #Union_Coop #EidMubarak #EidS…,https://www.tiktok.com/@union.coop/video/7643357311246945554?utm_campaign=tt4d_open_api&utm_source=7103819247981182978,,16,1,3.08,552,0,447,29.57,3.26,0.0183
6a071395d03119d9910a8a11,2026-05-15T12:39:24.428Z,union.coop,account,tiktok,Post,لأن عيدك يستحق الأفضل! احجز ذبيحتك مسبقاً عبر تطبيق تعاونية الاتحاد وثق بأيدي خبرائنا في كل خطوة. حيث التحضير الاحترافي المخصص لذوقك، والمعالجة الدقيقة والنظيفة بعناية فائقة. استمتع في تعاونية الاتحاد بتجربة سلسة من الطلب حتى الاستلام. احجز الآن عبر التطبيق ولا تفوّت فرصة التحضير المبكر! #تعاونية_الاتحاد #عيد_الأضحى #الأضاحي Your Eid order deserves expert hands. Pre-book your sacrifice on the Union Coop App and enjoy professional preparation tailored to your preference. Our expert butchers ensur…,https://www.tiktok.com/@union.coop/video/7640096860094434567?utm_campaign=tt4d_open_api&utm_source=7103819247981182978,,16,1,3.46,491,0,369,46.38,5.71,0.0164
6aa2570ed728adfbfca8392e,2026-09-12T06:01:54.722Z,union.coop,account,tiktok,Post,"متبّلة بنكهة مدخّنة وغنية بالطعم اللذيذ. إنها العرايس، المثالية لوجبة عائلية شهية أو وجبة خفيفة بعد الظهر! لأن الأمهات أيضاً لهنّ نصيب من الاستعداد للعودة إلى المدارس! كل ما تحتاجه لأطباقك المفضلة يتوفر في: @union.coop #تعاونية_الاتحاد #عرايس Spiced, smoky, and packed with flavour. The perfect Arayes for a delicious family meal or an afternoon snack! Because even mums need to get ready for back-to-school! 📚✨ Your go-to grocery stop: @union.coop #Union_Coop #Arayes",https://www.tiktok.com/@union.coop/video/7684524798956948756?utm_campaign=tt4d_open_api&utm_source=7103819247981182978,,16,0,2.44,698,1,637,46.55,3.92,0.0674
6a7dbaacb681ee5171af6e23,2026-08-13T12:39:50.767Z,union.coop,account,tiktok,Post,"عودتك للمدرسة قد تكون بسيارة «جيتور T1»! امسح بطاقة تميّز الرقمية عند الدفع وادخل السحب على سيارة جيتور T1 بدون حد أدنى للشراء! فائزين اثنين بسيارتين جيتور T1. سيتم الإعلان عن الفائزين في 24 أغسطس و14 سبتمبر. #تعاونية_الاتحاد #موسم_العودة_إلى_المدارس #جيتور The other side of your back-to-school shopping - driving home in a Jetour T1! Scan your digital Tamayaz ID at checkout for your chance to win. Two winners, no minimum spend required! Winners announced: 24 Aug & 14 Sept #Union_Coop #BackToScho…",https://www.tiktok.com/@union.coop/video/7673494633397243144?utm_campaign=tt4d_open_api&utm_source=7103819247981182978,,16,0,3.52,454,0,412,25.47,3.22,0.0169
6a1029917b72fe51b2070ff4,2026-05-22T10:03:06.292Z,union.coop,account,tiktok,Post,"تجمعاتكم واحتفالاتكم بالعيد من دون عناء، هذا هو هدفنا! من الفطائر والسندويشات، إلى الكرواسان الغني بالزبدة والكعكات اللذيذة، كل ما تحتاجونه لاستقبالاتكم متوفر في مخبز تعاونية الاتحاد، طازجٌ وجاهز ولذيذ بما يليق بمناسباتكم. #تعاونية_الاتحاد #العيد_في_دبي #مخبوزات Your Eid gatherings, sorted! From mini fatayer and sandwiches to buttery croissants and assorted mini cakes and beyond, Union Coop's bakery is here to make hosting stress-free. #Union_Coop #Fresh_Bakery #Mini_Fatayer",https://www.tiktok.com/@union.coop/video/7642654232021175553?utm_campaign=tt4d_open_api&utm_source=7103819247981182978,,16,0,2.83,566,0,465,34.52,3.6,0.0017
69e9f3c34fd62f9d510b0b7f,2026-04-23T10:26:53.819Z,union.coop,account,tiktok,Post,"صندوق الغداء المدرسي بانتظار أفكاركم! هل أنتم مستعدون؟ نقدم لكم في هذا الفيديو أربع أفكار لوجبات غداء مثالية لأطفالكم من تعاونية الاتحاد. شاركونا اختياراتكم في التعليقات لفرصة الفوز بمجموعة من الوجبات الخفيفة لشهر كامل! #تعاونية_الاتحاد #العودة_للمدارس #وجبات_سهلة Back-to-school lunches, sorted? Here are 4 ideas for lunch box meals from Union Coop Comment your pick below to win a month’s supply of snacks! #Union_Coop #BackToSchool #EasySnacks",https://www.tiktok.com/@union.coop/video/7631899067576110343?utm_campaign=tt4d_open_api&utm_source=7103819247981182978,,16,0,3.05,524,0,397,24.23,2.8,0.0019
6a0c0004902e7af42b0a2882,2026-05-19T06:16:14.988Z,union.coop,account,tiktok,Post,هل ما زلت تستخدم رقم هاتفك أو بطاقة تميّز الفعلية عند الدفع؟ إذن، أنت تفوّت على نفسك الكثير. مع تطبيق تعاونية الاتحاد، تصبح كل زيارة أكثر فائدةٍ، بدءاً من العروض الحصرية والتحديات الأسبوعية، ووصولاً إلى الألعاب والتسوق السلس أونلاين. إضافة إلى فرصتك للفوز بمليون نقطة من تميّز كل يوم اثنين. حمّل التطبيق اليوم وامسح بطاقة تميز الرقمية عند الدفع، واستفد إلى أقصى حد من كل عملية تسوق في تعاونية الاتحاد. #تعاونية_الاتحاد #تميّز Still using your phone number or physical Tamayaz card? You are missing ou…,https://www.tiktok.com/@union.coop/video/7641482695150783762?utm_campaign=tt4d_open_api&utm_source=7103819247981182978,,15,2,2.81,604,0,454,39.53,3.83,0.0226
6aa3df03181c760cb8a55e7b,2026-09-11T11:01:27.427Z,union.coop,account,tiktok,Post,"تسوقك اليومي؟ يستحق أكثر من مجرد فاتورة! انضم إلى «عالم لِف تميّز» واكسب مكافآت على البقالة والسفر والمطاعم وكل نفقاتك من مكان واحد فقط. هل أنت مستعد لتحويل تسوقك اليومي إلى مكاسب حقيقية؟ #تعاونية_الاتحاد #لِف_تميز #استرداد_نقدي Your everyday purchases deserve something in return. Liv Tamayaz World rewards groceries, travel, dining, and everyday spends, all in one place. Ready to make your everyday shop more rewarding? #Union_Coop #LivTamayaz #Cashback ء",https://www.tiktok.com/@union.coop/video/7684230621434203412?utm_campaign=tt4d_open_api&utm_source=7103819247981182978,,15,1,5.61,285,0,265,19.97,3.92,0.0229
6a9ed4e67a4fea90083ae156,2026-09-07T15:20:52.589Z,union.coop,account,tiktok,Post,"عبق الدخون يروي حكاية من تراثنا الإماراتي. نسترجع معكم لحظات مميزة من ورشة صناعة الدخون، حيث اجتمعنا للاحتفاء بيوم المرأة الإماراتية والنساء اللواتي يواصلن الحفاظ على هذه الحرفة الجميلة. #تعاونية_الاتحاد Bukhoor blended, bottles filled, and Emirati heritage brought to life. A look back at the Dukhoon Workshop, where we came together to celebrate Emirati Women’s Day and the women who keep this beautiful craft alive. #Union_Coop",https://www.tiktok.com/@union.coop/video/7682813175204465940?utm_campaign=tt4d_open_api&utm_source=7103819247981182978,,15,1,4.79,334,0,304,12.15,2.04,0.0056
6a8a7eed00f9c24c6beea865,2026-08-23T06:01:17.735Z,union.coop,account,tiktok,Post,"حلاوة طبيعية بطعم الشوكولاتة اللذيذة، وبقيمة غذائية عالية. وجبة ما بعد الظهر الخفيفة الأمثل في أيام الدوام المدرسي. احصل على كل ما تحتاجه لتحضيرها من @union.coop #تعاونية_الاتحاد #العودة_إلى_المدارس Naturally sweet, chocolatey and packed with goodness – the perfect little afternoon snack for back-to-school days. Pick up everything you need from @union.coop #Union_Coop #BackToSchool",https://www.tiktok.com/@union.coop/video/7677102932092914951?utm_campaign=tt4d_open_api&utm_source=7103819247981182978,,15,0,4.30,372,1,310,34,5.31,0.0729
6a8473f7a8fa256bb26ad944,2026-08-18T15:12:37.540Z,union.coop,account,tiktok,Post,"موسم العودة إلى المدارس في أوجّه، ومعه جوائز يومية مميزة ومليون نقطة من تميّز بانتظار فائز كل أسبوع! كل ما عليكم فعله هو التسوّق بقيمة 200 درهم، واستخدام بطاقة تميّز الرقمية عند الدفع، لتتأهلوا تلقائياً لدخول السحب. #تعاونية_الاتحاد #العودة_إلى_المدارس#جوائز_أسبوعية #جوائز_يومية We've made an interesting note for you. Back-to-school is in full season, matched with big prizes every day and 1 Million Tamayaz Points up for grabs every week. All you have to do is shop for AED 200 and scan your digit…",https://www.tiktok.com/@union.coop/video/7675388539923598599?utm_campaign=tt4d_open_api&utm_source=7103819247981182978,,15,0,5.34,281,0,245,11.92,2.47,0.0103
6a7955aede3500117d67f612,2026-08-08T12:14:00.000Z,union.coop,account,tiktok,Post,بقي 5 أيام فقط للاستفادة من خصم يصل إلى 50% على مئات المنتجات! حصرياً في فروع تعاونية الاتحاد وأونلاين. العرض ساري حتى نفاذ الكمية. ​ #تعاونية_الاتحاد #خصومات_كبيرة  #تميز  Last 5 days to avail up to 50% off on hundreds of products! Shop the leaflet in-store or online while stocks last.    ​ ,https://www.tiktok.com/@union.coop/video/7671632913372400897?utm_campaign=tt4d_open_api&utm_source=7103819247981182978,,15,0,3.31,453,0,407,20.82,2.6,0.0104
69f8f4be682b6f3e2d05449e,2026-05-04T19:35:04.860Z,union.coop,account,tiktok,Post,"سيصبح يوم الاثنين يومك المفضل في الأسبوع!​ اربح مليون نقطة بقيمة تصل إلى 16,700 درهم كل يوم اثنين! ​ كل يوم اثنين حتى 30 نوفمبر، سيصبح أحد المتسوقين المحظوظين مليونيراً في برنامج تميز. وقد تكون أنت. تسوق من تعاونية الاتحاد عبر التطبيق أو في فروعنا بقيمة 200 درهم أو أكثر، وقم بمسح بطاقة تميز الرقمية الخاصة بك عند الدفع للمشاركة. تطبق الشروط والأحكام. #تعاونية_الاتحاد #مليونير_تميّز Mondays are about to be your favorite day of the week! Win 1,000,000 Tamayaz points worth up to AED 16,700 every Mon…",https://www.tiktok.com/@union.coop/video/7636122029199985937?utm_campaign=tt4d_open_api&utm_source=7103819247981182978,,15,0,4.15,410,2,344,12.4,1.78,0.0167
698f68608210c0ed05018ebd,2026-02-13T18:08:14.090Z,union.coop,account,tiktok,Post,سلتك الرمضانية، الآن أسهل. تسوق مستلزماتك الأساسية بأسعار لا تضاهى حتى 22 فبراير في تعاونية الاتحاد. تسوق في الفروع أو عبر التطبيق. #تعاونية_الاتحاد #رمضان_في_دبي  Shop your essentials at amazing prices until 22 February at Union Coop. Shop in store and online #Union_Coop  #RamadanInDubai ,https://www.tiktok.com/@union.coop/video/7606412968896646411?utm_campaign=tt4d_open_api&utm_source=7103819247981182978,,15,0,,499,0,383,35.48,4.41,0.0124
6989e85fcf01025bf00b5b3b,2026-02-09T14:02:13.328Z,union.coop,account,tiktok,Post,"حقق أقصى استفادة مع بطاقة Liv تميّز الائتمانية الجديدة خصومات نقدية على مشتريات البقالة والمطاعم والوقود وغيرها الكثير، مع مكافأة ترحيبية بقيمة 1,000 درهم بانتظارك. احصل على بطاقتك اليوم واستمتع بمزايا أكثر في كل عملية شراء! #بطاقة_تميّز_ليف #تعاونية_الاتحاد Maximize your rewards with the Liv Tamayaz Card. Enjoy cashback on grocery shopping, dining, fuel, and more, plus an AED1,000 welcome bonus. Get your card today! #Union_Coop #LivTamayazCard",https://www.tiktok.com/@union.coop/video/7604847182155418936?utm_campaign=tt4d_open_api&utm_source=7103819247981182978,,15,0,,585,0,489,27.22,2.78,0.0425
6962473e1e9380d75d02398c,2026-01-11T05:01:55.417Z,union.coop,account,tiktok,Post,"تخلّص من السموم وابدأ حياة صحيّة جديدة! برتقال أو ليمون أو جريب فروت؟ اكتب في التعليقات: ما هو مشروبك الحمضي المفضّل؟ كل ما تحتاجه من الحمضيات متوفر في تعاونية الاتحاد. #تعاونية_الاتحاد #مهرجان_الحمضيات #تخلص_من_السموم Detox your way to the freshest start! Orange, lemon, or grapefruit? Comment below and tell us: How do you like your citrus drink? Find all your citrus essentials at Union Coop. #Union_Coop #Citrus_Festival #Detox",https://www.tiktok.com/@union.coop/video/7593964290676133176?utm_campaign=tt4d_open_api&utm_source=7103819247981182978,,15,0,,577,1,478,20.13,2.1,0.0052
6a7073203a864cdf610cd26a,2026-08-03T10:55:07.237Z,union.coop,account,tiktok,Post,موسم العودة إلى المدارس بدأ! تسوق بقيمة 200 درهم، وامسح بطاقة تميز الرقمية عند الدفع لتسجيل حضورك في السحب واكتساب مزايا حصرية! #تعاونية_الاتحاد#العودة_إلى_المدارس #جوائز_يومية #جوائز_أسبوعية Back-to-school shopping is officially back. Get much more for your shopping. Shop for AED 200 to enter the draw and scan your digital Tamayaz ID at checkout. #Union_Coop #BacktoSchool #DailyPrizes #WeeklyPrizes,https://www.tiktok.com/@union.coop/video/7669756754296671495?utm_campaign=tt4d_open_api&utm_source=7103819247981182978,,14,1,3.71,404,0,355,13.07,1.9,0.0024
69d5e416eb7b0aaccf07fb66,2026-04-08T06:00:48.219Z,union.coop,account,tiktok,Post,"جرّبوا معنا أشهر الوصفات الحلقة الأولى: قررنا في تعاونية الاتحاد تجربة أشهر الوصفات الأكثر تداولاً، واحدة تلو الأخرى! هل لديكم أي اقتراحات إضافية؟ شاركوها معنا في التعليقات. كل ما تحتاجونه لتحضير أي وصفة متوفر في تعاونية الاتحاد. #تعاونية_الاتحاد#وصفة_شهيرة #تريند Episode 1 of Trying Viral Recipes 🍽️ We’re putting viral recipes to the test, one trend at a time. What should we try next? Tell us below 👇 Find everything you need to recreate your favourites at Union Coop. #Union_Coop #ViralRecipe …",https://www.tiktok.com/@union.coop/video/7626264218869714183?utm_campaign=tt4d_open_api&utm_source=7103819247981182978,,14,1,,597,2,467,58.45,5.85,0.0617
69b50d4faa291da6329a1ee0,2026-03-13T16:54:35.000Z,union.coop,account,tiktok,Post,"تبادلوا هدايا جديدة ومميزة مع أحبائكم في هذا العيد. اطلبوا سلة فواكه العيد مسبقاً عبر تطبيق تعاونية الاتحاد ببضع نقرات فقط. واختاروا من بين 5 أحجام مميزة ثم حددوا التاريخ، وتجهوا إلى أقرب فروعنا لاستلامها أو اطلبوا توصيلها مباشرة إلى منزلكم. سارعوا لبثّ البهجة والفرحة في قلوب الأحبة عبر الطلب من خلال تطبيقنا الذكي.  #تعاونية_الاتحاد #رمضان2026 #العيد_في_دبي This Eid, share something fresh and thoughtful.                                                                                             …",https://www.tiktok.com/@union.coop/video/7616784618255174932?utm_campaign=tt4d_open_api&utm_source=7103819247981182978,,14,1,,351,0,265,20.4,3.69,0
6aa3c929896725559400c88c,2026-09-12T07:01:39.405Z,union.coop,account,tiktok,Post,"بدأ العدّ التنازلي! في يوم 14 سبتمبر، سيحمل فائز محظوظ آخر مفاتيح سيارة جيتور تي1! لم تشارك بعد؟ لا حاجة لحد أدنى للإنفاق، لكن الوقت ينفذ. سجّل مشاركتك قبل 13 سبتمبر وربما تكون أنت من يحمل المفاتيح هذه المرة. هذه فرصتك الأخيرة، لا تفوّتها! #تعاونية_الاتحاد #موسم_العودة_إلى_المدارس The countdown is on. On 14 September, another lucky winner will be driving away with our Grand Prize - a Jetour T1! Haven’t entered yet? There’s no minimum spend, but there is a deadline. Get your entry in before 13 Se…",https://www.tiktok.com/@union.coop/video/7684540169650801928?utm_campaign=tt4d_open_api&utm_source=7103819247981182978,,14,0,4.98,281,0,246,10.47,2.04,0.0195
6a631b8fa3f83bbaa40559a2,2026-07-24T09:04:23.729Z,union.coop,account,tiktok,Post,"استمتعوا بتجربة مستقبل القيادة المستدام مع فينفاست في اتحاد مول! وتعرفوا على أحدث التصاميم والتكنولوجيا المبتكرة للسيارات الكهربائية، مع تجربة قيادة مجانية. رحلة استثنائية تقدمها فينفاست والطاير للسيارات، بالشراكة مع تعاونية الاتحاد. 📍 اتحاد مول 📅 حتى 30 يوليو تفضلوا بزيارتنا اليوم واكتشفوا عالم فينفاست الفريد بأنفسكم! #تعاونية_الاتحاد #فينفاست Experience the future of driving with VinFast at Etihad Mall. Explore the latest models, discover innovative EV technology, and enjoy a complimentary t…",https://www.tiktok.com/@union.coop/video/7666016829218786581?utm_campaign=tt4d_open_api&utm_source=7103819247981182978,,14,0,3.07,456,0,404,19.9,2.57,0.0151
69fdc7f5112a3a416b0368b1,2026-05-08T11:26:20.169Z,union.coop,account,tiktok,Post,"هل تعرف أحداً يستعد لأداء فريضة الحج؟ إننا هنا لنساعده في ذلك. في موسم الحج هذا العام، يسعدنا في تعاونية الاتحاد أن ندعم أحد أحبائكم في رحلته المباركة. اذكر اسمه في التعليقات، واترك له رسالة تتيح له فرصة الفوز بمجموعة متكاملة من مستلزمات الحج، تحتوي على كل ما يحتاجه الحاج. #تعاونية_الاتحاد #هدايا_الحج #مستلزمات_الحج Know someone preparing for Hajj? Let's help them get ready. This Hajj season, we at Union Coop want to support someone on their spiritual journey. Tag your loved one who is preparing…",https://www.tiktok.com/@union.coop/video/7637480409311218962?utm_campaign=tt4d_open_api&utm_source=7103819247981182978,,14,0,2.01,697,0,583,25.8,2.17,0.0169
69736fb58b3390fe860702d2,2026-01-23T12:56:01.905Z,union.coop,account,tiktok,Post,لا يفيض شهر رمضان بالخيرات فقط، بل بالسعادة التي ترافق ربح الجوائز! تسوّق في تعاونية الاتحاد واحصل على فرصة الفوز بسيارات جيتور شهرياً وبمواد غذائية أسبوعياً. # تعاونية_الاتحاد# رمضان #تميز #جيتور A little extra joy with every visit this Ramadan. Shop at Union Coop for a chance to win Jetour cars monthly and groceries weekly. # Union_Coop # Ramadan #Tamayaz #Jetour,https://www.tiktok.com/@union.coop/video/7598539797719764235?utm_campaign=tt4d_open_api&utm_source=7103819247981182978,,14,0,,414,0,409,31.12,0.36,0.0017
69b05a5ac0308269130fb415,2026-03-10T17:54:11.500Z,union.coop,account,tiktok,Post,". اجعلوا شهر رمضان هذا العام أكثر بركةً وفائدةً مع عروضنا الاستثنائية محدودة المدة. استمتعوا بالخصومات على مجموعة واسعة من المنتجات الطازجة والمستلزمات اليومية وغيرها من السلع الأساسية. العروض سارية حتى 22 مارس. تسوّقوا بكل سهولة من فروعنا أو من خلال تطبيقنا الذكي، واستمتعوا بتوفير حقيقي يلبّي احتياجات عائلاتكم في الشهر الفضيل. #تعاونية_الاتحاد #خصومات_كبرى #رمضان_في_دبي Make this Ramadan even more rewarding with limited-time deals on fresh groceries, essentials, and more. Offers valid until 22 …",https://www.tiktok.com/@union.coop/video/7615675212973034808?utm_campaign=tt4d_open_api&utm_source=7103819247981182978,,13,2,,522,1,430,28.82,3.29,0.0038
6a9a7028c1f25d229735ffb4,2026-09-05T06:01:17.602Z,union.coop,account,tiktok,Post,صباحات المدرسة السريعة تعني الكثير من التفاصيل التي يجب تذكّرها… تعاونية الاتحاد تجعلها أسهل وأكثر متعة! ✨ تسوّقوا جميع مستلزمات العودة إلى المدرسة، ولا تنسوا مسح بطاقة تميّز الرقمية عند الدفع، لتدخلوا مباشرةً في السحب على جوائز قيّمة يومياً! يشترط إنفاق 200 درهم كحد أدنى للدخول في السحب. #تعاونية_الاتحاد #خصومات_ذكية #العودة_إلى_المدارس School mornings mean a hundred things to remember We've got you. Shop your back-to-school list. Scan your digital Tamayaz ID at checkout. And you’ve set yoursel…,https://www.tiktok.com/@union.coop/video/7681927019923344658?utm_campaign=tt4d_open_api&utm_source=7103819247981182978,,13,1,6.03,232,0,214,10.37,2.53,0.0081
6a70bcb06f8d933951a7dda1,2026-07-31T16:59:48.000Z,union.coop,account,tiktok,Post,هل تساءلت يوماً عن سرّ جودتها الفائقة؟  كل حبةٍ تأتي من مزارع محلية، تُقطف وتُعبَّأ يدوياً بعناية، ثم تُنقل مباشرةً إلى رفوفنا لتصلك بأعلى طزاجة! #تعاونية_الاتحاد #مهرجان_الرطب #البثيث #زراعة_محلية Ever wondered why they are so good? Each one comes from local farms. Picked and packed by hand. Delivered straight to our shelves. #Union_Coop ,https://www.tiktok.com/@union.coop/video/7668737779366399233?utm_campaign=tt4d_open_api&utm_source=7103819247981182978,,13,1,3.95,354,0,317,14.37,2.34,0
6a7955aede3500117d67f614,2026-08-08T06:00:14.000Z,union.coop,account,tiktok,Post,انطلق تحدي «العودة إلى المدارس» ومتسوقونا يشاركوننا الحماس! فكيف ستكون مشاركتك اليوم؟ تسوق الآن في تعاونية الاتحاد لتحظى بفرصة الفوز! *تطبق الشروط والأحكام. #تعاونية_الاتحاد #العودة_إلى_المدارس #جوائز_يومية Our shoppers took on the Back-to-School challenge… how would you do? Shop now at Union Coop for your chance to win! *T&Cs apply #Union_Coop #BacktoSchool #DailyPrizes,https://www.tiktok.com/@union.coop/video/7671536657316973831?utm_campaign=tt4d_open_api&utm_source=7103819247981182978,,13,0,3.98,327,0,291,17.67,3.08,0.0145
6a4c93435b7778d6a20ae6dc,2026-07-07T05:49:33.629Z,union.coop,account,tiktok,Post,أيام الثلاثاء أصبحت أفضل بنسبة 50%! انطلقت عروض منتصف الأسبوع رسمياً! سارعوا بزيارة تعاونية الاتحاد الآن للاستفادة من عروض اليوم بنصف السعر. لا تفوتوا الفرصة، وتابعونا كل يوم ثلاثاء لتكتشفوا مفاجآت متجددة! #تعاونية_الاتحاد #عروض_الثلاثاء Tuesdays just got 50% better! ✨ Our mid-week deals are officially live. Hurry into Union Coop to grab today's half-price offers. Don't miss out—check back every Tuesday for new surprises! 🛒 #Union_Coop,https://www.tiktok.com/@union.coop/video/7659658969526324488?utm_campaign=tt4d_open_api&utm_source=7103819247981182978,,13,0,2.98,436,0,336,17.23,2.34,0.034
6a297590ae0e86fea6075429,2026-06-10T14:33:32.601Z,union.coop,account,tiktok,Post,كل مباراة في كأس العالم تستحق أفضل شاشة! اربح تلفزيوناً جديداً كلياً  من طراز تي ال سي 65 بوصة بدقة UHD، من إيروس وتعاونية الاتحاد واستمتع بتجربة مشاهدة لا تُنسى. كيفية المشاركة: •	خذ لقطة شاشة للكرة الذهبية •	تابع حسابنا: Union.Coop@ •	شاركنا لقطة الشاشة عبر الرسائل الخاصة •	شاركنا المشاهدة الجماعية الخاصة بك في التعليقات الفرق بين مباراة عادية ومباراة لا تُنسى؟ الشاشة الكبيرة!  #تعاونية_الاتحاد  #فيفا #كأس_العالم #مشاهدة_جماعية #اربح_تلفزيون #وقت_المسابقات Win a brand-new TLC 65” UHD TV with U…,https://www.tiktok.com/@union.coop/video/7649774705628564743?utm_campaign=tt4d_open_api&utm_source=7103819247981182978,,13,0,1.88,693,0,528,22.8,1.95,0.0185
6a103ee8ac7449023c06ca47,2026-05-26T16:04:28.819Z,union.coop,account,tiktok,Post,"من كل بيت إلى كل قلب، نتمنى لكم عيداً يملؤه السلام والامتنان والوئام. عيد مبارك من أسرة تعاونية الاتحاد إلى عائلاتكم الكريمة جميعاً. #عيد_مبارك #تعاونيةـالاتحاد #عيد_الأضحى From every home to every heart, may your Eid be filled with peace, gratitude, and togetherness. Eid Mubarak from our family to yours. #EidMubarak #EidAlAdha #Union_Coop",https://www.tiktok.com/@union.coop/video/7644231540997704976?utm_campaign=tt4d_open_api&utm_source=7103819247981182978,,13,0,2.23,582,0,443,18.38,1.91,0.0104
69aa8387cf6a11c32e0eae8a,2026-03-06T07:35:15.581Z,union.coop,account,tiktok,Post,. وجبتك القادمة قد تكون من ريو ماري على حسابنا! العب امسح واربح مع تميّز لفرصة الفوز بـسلطة التونة المكسيكية من ريو ماري 180 غرام مجاناً. تجد اللعبة في قسم تميّز على تطبيق تعاونية الاتحاد حتى 8 مارس. #تعاونية_الاتحاد #امسح_و_اربح #ريو_ماري Your next Rio Mare could be on us. Play the Tamayaz Scratch & Win game for a chance to win FREE Rio Mare Salatuna Mexico 160g. Find the game now in the Tamayaz section of the Union Coop App. Game live until March 8th. #Union_Coop #RioMare #Tamayaz #ScratchAndW…,https://www.tiktok.com/@union.coop/video/7614042658066976056?utm_campaign=tt4d_open_api&utm_source=7103819247981182978,,13,0,,318,0,272,6.73,1.25,0.0031
698595494c9e5757cc098f41,2026-02-06T07:17:11.033Z,union.coop,account,tiktok,Post,"مزايا أكثر في كل مرة تتسوّق فيها باستخدام بطاقة تميّز. من العروض الحصريّة في المتاجر إلى عروض امسح واربح على شاي أحمد. استمتع بالمزيد مع كل عملية تسوّق. #تعاونية_الاتحاد #تميّز #امسح_واربح #شاي_أحمد More value in every shop with Tamayaz. From exclusive in-store offers to a scratch & win on Ahmad Tea, enjoy more with every shop. #Union_Coop #Tamayaz #ScratchAndWin #AhmadTea",https://www.tiktok.com/@union.coop/video/7603641255859342604?utm_campaign=tt4d_open_api&utm_source=7103819247981182978,,13,0,,403,0,336,16.35,2.42,0.0049
6972159250fe9bbce90d235a,2026-01-22T12:19:11.130Z,union.coop,account,tiktok,Post,"كل عملية شراء في تعاونية الاتحاد تقرّبكم من الجوائز الكبرى! ابتداءً من اليوم وحتى 22 مارس، ادخلوا السحب تلقائياً مع كل عملية شراء. لا تنسوا السحب الأول في ٢ مارس! #تعاونية_الاتحاد #رمضان_كريم This Ramadan, shop, participate, and win. Every purchase at Union Coop brings you closer to exciting raffle prizes, from today until 22 March. Stay tuned for the first draw on 2nd March. #UnionCoop #Ramadan",https://www.tiktok.com/@union.coop/video/7598159210328739084?utm_campaign=tt4d_open_api&utm_source=7103819247981182978,,13,0,4.64,280,0,188,11.22,2.52,0.0114
699eaa771a6d3494e00e79f3,2026-02-25T07:54:11.205Z,union.coop,account,tiktok,Post,استمتعوا بطبق الكسكس بالخضار الشهي المطهو على البخار، والغني بالخضروات والتوابل والأعشاب العطرية. المكونات: (500) غرام من حبوب الكسكس، (500) غرام من اللحم المجفف، (100) غرام من معجون الطماطم، (50) غرام من مسحوق الفلفل الحار، (50) غرام من مسحوق الكزبرة، (10) غرام فلفل أسود، (5) غرام نعناع مجفف، (1) ملعقة صغيرة ملح، (1) ملعقة صغيرة معجون ثوم، (100) مل زيت زيتون، (3) بصلات مفرومة، (2) جزر مفروم، (2) بقدونس مفروم، (1) سبانخ، (2) شبت. طريقة التحضير: تُضاف الخضار والتوابل والكسكس ومعجون الطماطم والزيت…,https://www.tiktok.com/@union.coop/video/7610670476112809228?utm_campaign=tt4d_open_api&utm_source=7103819247981182978,,12,2,,389,1,303,35.3,5.6,0.0106
6a8ea7646ca6eed372c7a166,2026-08-26T08:45:05.863Z,union.coop,account,tiktok,Post,"مع ألذّ الوجبات تصبح العودة إلى المدرسة أكثر بهجةً وحماساً! حضّروا ساندويتش البيض على الطريقة اليابانية بكل سهولة كوجبة غداء شهية وغنية لأطفالكم. #تعاونية_الاتحاد #العودة_إلى_المدارس #صندوق_الغداء_اللذيذ #البيض_الياباني Back to school, made delicious! 🍳🥪 Make this easy Egg Sando for a tasty lunchbox treat your little ones will love. #Union_Coop #BackToSchool #LunchboxWins #EggSando",https://www.tiktok.com/@union.coop/video/7678258417462562065?utm_campaign=tt4d_open_api&utm_source=7103819247981182978,,12,0,2.61,459,0,446,23.77,2.83,0.0398
6a821d5b5e65a2ad0c800cee,2026-08-14T13:41:42.000Z,union.coop,account,tiktok,Post,نودلز إندومي الشهيرة؛ السرعة واللذة في طبق واحد! الوجبة المُنقذة والمفضلة للعائلة عندما تشتهون شيئاً شهياً وسريعاً في دقائق معدودة. تسوقوا مستلزماتكم واحتياجاتكم كالمعتاد من @unioncoop. #تعاونية_الاتحاد #وصفات_شهيرة #إندومي #نودلز #دبي 🍜 Viral Indomie Noodles A family favourite when you want something tasty but just have a few minutes. Grocery run as usual from @unioncoop #Union_Coop #ViralRecipes #Indomie #Noodles #Dubai,https://www.tiktok.com/@union.coop/video/7673882000675097857?utm_campaign=tt4d_open_api&utm_source=7103819247981182978,,12,0,2.83,494,2,460,28.3,3.25,0.046
6a8148c3d980a476ddcb88e4,2026-08-16T06:01:33.398Z,union.coop,account,tiktok,Post,استقبلوا العام الدراسي بإطلالة أنيقة! تسوّقوا أحدث أزياء العودة إلى المدرسة من متجر «جاشنمال» المؤقت في اتحاد مول، والعروض مستمرة حتى نهاية سبتمبر. #تعاونية_الاتحاد #اتحاد_مول #جاشنمال Show up to class in style with the coolest back-to-school finds. Visit the Jashanmal pop-up at Etihad Mall and explore the latest offers until the end of September. #Union_Coop #EtihadMall #Jashanmal,https://www.tiktok.com/@union.coop/video/7674505329719135506?utm_campaign=tt4d_open_api&utm_source=7103819247981182978,,12,0,4.69,256,0,223,10.1,2.26,0.0187
6a79f61da1b534f99e6379ac,2026-08-10T16:07:06.467Z,union.coop,account,tiktok,Post,"In H1 of 2026, Union Coop’s numbers tell one story: more, done right. AED 1.27B Total Revenue (+9.90%) AED 191.3M Profit Before Tax AED 173.7M Profit After Tax +40% E-commerce Growth Revenue grew in H1 2026, with exceptional growth in e-commerce and growing shopper confidence. #Union_Coop #H1",https://www.tiktok.com/@union.coop/video/7672434354534059281?utm_campaign=tt4d_open_api&utm_source=7103819247981182978,,12,0,2.40,501,0,453,24.2,2.78,0.0077
6a508436ba910d11db0abf90,2026-07-10T05:37:25.494Z,union.coop,account,tiktok,Post,الحيلة المثالية للانتعاش هذا الصيف! سواء كنت متجهاً إلى الشاطئ أو تستعد لجمعة عائلية في عطلة نهاية الأسبوع، فإن طبق الفواكه الصيفية المبرّدة هو الوجبة الخفيفة المثالية للتحضير والغنية بالعصارة. أمّنا لكم في تعاونية الاتحاد مخزوناً وفيراً من أفضل أنواع الخوخ والنكتارين والمشمش والكرز الطازج لهذا الموسم. ما هي الفاكهة الصيفية التي لا غنى لك عنها في يومك الصيفي المثالي؟ شاركنا رأيك في التعليقات لدخول السحب والفوز بسلة فواكه صيفية فاخرة من تعاونية الاتحاد! #تعاونية_الاتحاد The ultimate summer refres…,https://www.tiktok.com/@union.coop/video/7660768868146711826?utm_campaign=tt4d_open_api&utm_source=7103819247981182978,,12,0,4.03,298,0,244,25.58,5.4,0
69dcf5c1215049b9070d5050,2026-04-13T13:55:55.681Z,union.coop,account,tiktok,Post,"الحلقة الثالثة وصلت وجربنا اقتراحكم الخاص بالتمر المحشي، وقد أصبح على الفور المفضل لدى الجميع. تمر طري وزبدة فول سوداني كريمية وشوكولاتة مذابة، ثلاثة مكونات فقط ومذاق لا يُنسى! حضّروها في المنزل بخطوات بسيطة وبمكونات طازجة متوفرة في تعاونية الاتحاد. والآن ما هي وصفتكم التالية؟ شاركونا اقتراحاتكم في التعليقات. #تعاونية_الاتحاد #وصفات_سهلة #حلويات_لذيذة #وصفات_ملهمة In episode 3 of our viral recipe series, we tried your stuffed dates suggestion… and it was an instant favourite. Soft dates. Creamy …",https://www.tiktok.com/@union.coop/video/7628242070699805973?utm_campaign=tt4d_open_api&utm_source=7103819247981182978,,12,0,,562,0,459,20.87,2.23,0.0107
69d8c76bed965f55da015b5f,2026-04-10T09:50:10.368Z,union.coop,account,tiktok,Post,"مسابقة! موسم الشواء على وشك الانتهاء! هل أنت جاهز لحفلة لا تُنسى؟ تتوفر في تعاونية الاتحاد صناديق شواء جاهزة للشواء مباشرة، تحتوى على الشيش طاووق والكباب والتيكا والعرايس! شاركنا وصفة تتبيلتك السرية في التعليقات، وقد تفوز بمجموعة أسياخ شواء مميزة! #شواء #تعاونية_الاتحاد ✨ Giveaway Alert ✨ Planning one last BBQ before the season ends? We’ve got you covered 🔥 From Shish Tawook and Kebabs to Tikka and Arayes, our BBQ grill boxes have it all. Comment your favourite marination below to win a BBQ ske…",https://www.tiktok.com/@union.coop/video/7627065285597515016?utm_campaign=tt4d_open_api&utm_source=7103819247981182978,,12,0,,460,0,348,24.92,3.33,0.0067
69d0e9bcd4c41560300ecc66,2026-04-04T10:38:27.149Z,union.coop,account,tiktok,Post,"لأن يوم الجزر العالمي يستحق الاحتفال، ندعوكم في تعاونية الاتحاد إلى تجربة أجود أنواع الجزر الطازج المستورد من عمان وتركيا، والكبير بالحجم والسهل التقشير! من سلطاتكم الصحية إلى وجباتكم اللذيذة، شاركونا كيف تتناولونه عادةً. #تعاونية_الاتحاد #يوم_الجزر Celebrate International Carrot Day with the freshest picks from Union Coop! Sourced from Oman and Turkey, naturally larger and easier to peel! From snacks to salads, carrots make every bite wholesome and delicious. How do you enjoy yours? Comment bel…",https://www.tiktok.com/@union.coop/video/7624851151581646101?utm_campaign=tt4d_open_api&utm_source=7103819247981182978,,12,0,,439,0,337,24.15,3.39,0.0093
6a0d847ce0fd9c9a3d032c13,2026-05-20T09:53:42.709Z,union.coop,account,tiktok,Post,"أجمل لحظات العيد هي تلك التي تبقى محفورة في الذاكرة رغم بساطتها. وأولئك الذين يشاركوننا الفرح والذكريات يستحقون أن يعرفوا أهميتهم في حياتنا. اكتب لهم رسالة في التعليقات، وربما تفاجئهم بسلة مليئة بالمنتجات الطازجة من تعاونية الاتحاد. #عيد_مع_تعاونية_الاتحاد #لحظات_العيد #تعاونية_الاتحاد Eid is all about the people who make it feel special. The ones who show up, share the joy, and turn simple moments into lasting memories. Tell them what they mean to you, write them a message in the comments and y…",https://www.tiktok.com/@union.coop/video/7641909819103890706?utm_campaign=tt4d_open_api&utm_source=7103819247981182978,,11,2,3.37,386,0,316,24.4,3.74,0.0486
6aacfdc1f05c8fb882c23421,2026-09-20T06:01:26.684Z,union.coop,account,tiktok,Post,"كل ما تحتاجه متوفر في مكان واحد. تعرف على تشكيلة متنوعة من المنتجات الطازجة والمستلزمات اليومية، تجعل تسوقك أسهل من أي وقت مضى. #تعاونية_الاتحاد A little bit of everything, all in one place. From fresh produce and to everyday essentials, discover an assortment that makes your shopping easy. #Union_Coop",https://www.tiktok.com/@union.coop/video/7687493346020822293?utm_campaign=tt4d_open_api&utm_source=7103819247981182978,,11,1,4.46,269,0,0,9.37,2.03,0.0181
6aa0e6939c660aed4e3dd453,2026-09-09T06:03:12.772Z,union.coop,account,tiktok,Post,"أفضل المنتجات بأفضل الأسعار. عروض هذا الأسبوع متوفرة الآن على تشكيلة واسعة من منتجاتك المفضلة. سارع للاستفادة منها قبل نفاذ الكمية! #تعاونية_الاتحاد #أحدث_العروض #العودة_إلى_المدارس  The good stuff, at leaflet prices. This week’s offers are live, with plenty of favourites to choose from. Stock up on the deals you love before they’re gone! #Union_Coop  #BackToSchool ",https://www.tiktok.com/@union.coop/video/7683411355386400018?utm_campaign=tt4d_open_api&utm_source=7103819247981182978,,11,1,6.45,186,0,163,7.15,2.11,0.0049
6a62f4e7e9c1c67bb705a6d4,2026-07-24T06:04:07.177Z,union.coop,account,tiktok,Post,"عشاء شهي يُحضّر في دقائق معدودة! في تعاونية الاتحاد، نمنحك سرّ الراحة: وفّر وقتك واحتفظ بكامل النكهة! جرّب تشكيلتنا الفاخرة من اللحوم المتبلة والمقطعة إلى شرائح رفيعة، والمحضّرة خصيصاً لتنضج بسرعة فائقة مع الحفاظ على طراوتها. فقط أضف إليها طبقاً من السلطة الطازجة، وحضر وجبة استثنائية لعائلتك. ما هو عشاءك السريع المفضل؟ شاركنا الجواب في التعليقات وادخل السحب للفوز بباقة عشاء عائلية فاخرة من تعاونية الاتحاد. #تعاونية_الاتحاد. Dinner, served in minutes. ⏱️ Save time and keep all the flavor. Pick up…",https://www.tiktok.com/@union.coop/video/7665970395828260104?utm_campaign=tt4d_open_api&utm_source=7103819247981182978,,11,1,3.60,389,2,345,21.42,3.15,0.0123
6a70db2bebfe6fb3b80c8e73,2026-08-03T20:01:25.096Z,union.coop,account,tiktok,Post,سارعوا قبل نفاذ الكمية! خصم كبير بنسبة 50% ينتظركم اليوم على منتجات مختارة! كيف تستفيد من العرض؟ افتح تطبيق تعاونية الاتحاد وتوجّه لصفحة تميّز. فعّل العروض المتاحة. تفضل بزيارة أقرب فرع واستمتع بالتسوق! 📍 العرض سارٍ داخل الفروع فقط. #تعاونية_الاتحاد #عروض_منتصف_الأسبوع Hurry while stocks last! A whopping 50% off awaits you today on select products. Discover and activate them on the Tamayaz page of the Union Coop App. Offer valid in-store only. #Union_Coop #MidWeekDeal,https://www.tiktok.com/@union.coop/video/7669897699981905160?utm_campaign=tt4d_open_api&utm_source=7103819247981182978,,11,0,2.04,539,0,481,25.9,2.67,0.0103
69842aaa48b14857480f43d9,2026-02-05T05:29:59.318Z,union.coop,account,tiktok,Post,"وفّر أكثر في رمضان! لا تفوّت العروض المميزة على كل مستلزماتك فقط في تعاونية الاتحاد. #تعاونية_الاتحاد #رمضان #تسوق_رمضان #عروض_كبرى #مستلزمات_يومية More savings for your Ramadan shopping. Explore special deals across essentials, only at Union Coop. #Union_Coop #Ramadan #RamadanShopping #GreatDeals #EverydayEssentials",https://www.tiktok.com/@union.coop/video/7603226548958694668?utm_campaign=tt4d_open_api&utm_source=7103819247981182978,,11,0,,418,0,329,18.15,2.59,0.0048
6959359804dd429f72071082,2026-01-03T15:32:14.302Z,union.coop,account,tiktok,Post,"امسح واحصل على الجوائز المميزة! العب عبر تطبيق تميز واربح جوائز رائعة! فعل العروض الحصرية على قسم تميز في تطبيق تعاونية الاتحاد، واستمتع بخصومات تصل إلى أكثر من 40% على منتجات مختارة! لا تفوت الفرصة والعب الآن! #تعاونية_الاتحاد #امسح_و_اربح #تميّز Scratch your way to rewards! Play on the Tamayaz app and unlock exciting prizes! Activate app exclusive offers on the Tamayaz section of the Union Coop and get 40% off and more on select products! Don’t miss out, start scratching today! #Union_Coop #Sc…",https://www.tiktok.com/@union.coop/video/7591157555284561163?utm_campaign=tt4d_open_api&utm_source=7103819247981182978,,11,0,,431,0,320,16.32,2.33,0.0071
6aacfca470b6cc6c8030940c,2026-09-19T06:01:14.854Z,union.coop,account,tiktok,Post,حلو؟ مالح؟ ولمَ اختيار واحد فقط… حين تقترب مفاجأةٌ شهية بمذاقٍ مختلف؟ تجربة استثنائية في طريقها إليكم… ترقّبوها! #تعاونية_الاتحاد Sweet? 👀 Salty? 👀 Why choose just one? Something exciting is coming. Stay tuned. #Union_Coop,https://www.tiktok.com/@union.coop/video/7687122246971837703?utm_campaign=tt4d_open_api&utm_source=7103819247981182978,,10,2,6.06,198,0,139,10.17,2.86,0.0282
6a6592cf99988d253b0a5180,2026-07-26T06:53:15.789Z,union.coop,account,tiktok,Post,"استمتعوا بالطعم الأصيل للمنتجات المحلية في تعاونية الاتحاد. واكتشفوا الرطب المزروعة محلياً في الإمارات، وتذوقوا مجاناً حلوى البثيث. تفضلوا بزيارة تعاونية الاتحاد في فروعنا في الاتحاد مول وجميرا مول وفرع البرشاء مول. #تعاونية_الاتحاد #البثيثة #تمور_الإمارات Get a taste of homegrown goodness. Discover the finest UAE dates with a free Batheetha sampling. Stop by Union Coop at our Etihad Mall branch, Jumeirah branch, and Barsha Mall branch. #Union_Coop #Batheetha #UAEDates",https://www.tiktok.com/@union.coop/video/7666723691878812946?utm_campaign=tt4d_open_api&utm_source=7103819247981182978,,10,1,3.48,316,0,270,13.18,2.5,0.0126
6aa25203f138b06b794a0c10,2026-09-10T15:33:57.121Z,union.coop,account,tiktok,Post,حيلة مطبخية بسيطة ستغيّر طريقة اختيارك للتفاح! في المرة القادمة التي تشتري فيها التفاح، جرّب هذه الطريقة السهلة لاختيار التفاح الذي سيدوم طازجاً لفترة أطول. #تعاونية_الاتحاد #حيل_فعالة Some kitchen tricks are worth knowing. 🍎 Try this simple one the next time you’re picking your apples and choose ones that stay fresh for longer. #Union_Coop #FreshHacks,https://www.tiktok.com/@union.coop/video/7683929735369477383?utm_campaign=tt4d_open_api&utm_source=7103819247981182978,,10,0,4.18,239,0,226,6.23,1.47,0.0079
6a9ff3c95ad94faf1011cb8f,2026-09-08T11:40:34.323Z,union.coop,account,tiktok,Post,"عروضنا الحصرية تستحق أن تغتنمها بكلتا يديك. تتوفر الآن مئات المنتجات بأسعار مخفضة. تستمر الخصومات حتى 13 سبتمبر! سارعوا للاستفادة منها الآن. #تعاونية_الاتحاد #العودة_إلى_المدارس Some deals are worth reaching for with both hands. 🎒🙌 Hundreds of products are now on offer, with discounts live until 13th September! #Union_Coop #BackToSchool",https://www.tiktok.com/@union.coop/video/7683127556156951816?utm_campaign=tt4d_open_api&utm_source=7103819247981182978,,10,0,4.37,229,0,207,8.82,2.12,0.008
6965ea0a174a1b2d2b07ba07,2026-01-13T07:16:47.615Z,union.coop,account,tiktok,Post,"تسوّق من تعاونية الاتحاد وادخل عالم لعبة تميّز لتحصل على جوائز مميّزة! دوّر العجلة على التطبيق لتحصل على فرصة الفوز بعصائر منعشة تروي عطشك! لا تفوّت الحماس، دوّر الآن! #تعاونية_الاتحاد #لعبة_تميز #دوّر_واربح Shop at Union Coop and play the Tamayaz Game for exciting rewards! Spin the wheel on the Tamayaz App for a chance to win refreshing drinks and beat your thirst! Don’t miss out, start spinning today! #Union_Coop #TamayazGame #Spin_and_Win",https://www.tiktok.com/@union.coop/video/7594741225408761099?utm_campaign=tt4d_open_api&utm_source=7103819247981182978,,10,0,,437,0,344,15.22,2.12,0.0162
6a59ec290a0380a08a035a7e,2026-07-17T08:49:20.997Z,union.coop,account,tiktok,Post,سرّ شريحة اللحم المثالية يبدأ قبل الطهي! هل ترغب في تحسين طعم وجودة شريحة اللحم التي تحضرها في المنزل؟ إليك هذه الحيلة البسيطة: اترك شريحة اللحم خارج الثلاجة لمدة 5 إلى 10 دقائق. خطوة واحدة بسيطة، لكنها تضمن لك طراوة لا تُقاوم ونكهة غنية وموزعة بالتساوي! والآن شاركنا كيف تفضل درجة نضج شريحة اللحم الخاصة بك؟ قليلة النضج أو متوسطة النضج أو مطهية جيداً. اكتب لنا في التعليقات وادخل السحب للفوز بصندوق شرائح لحم فاخرة من تعاونية الاتحاد! #تعاونية_الاتحاد Master the perfect sear. 🥩🔥 Want to upgrade y…,https://www.tiktok.com/@union.coop/video/7663415700299533569?utm_campaign=tt4d_open_api&utm_source=7103819247981182978,,9,2,4.36,298,2,226,33.32,6.92,0.0069
69e1d334fd4f758db85ba1c1,2026-04-16T12:41:56.000Z,union.coop,account,tiktok,Post,"في الحلقة الخامسة من سلسلة الوصفات الشهيرة، اخترنا لكم نكهة تعيدكم إلى الأصالة، وهي عبارة عن مزيج من التمر وميلك شيك الزعفران مع رشة من الهيل، والنتيجة مشروب غني يجمع أشهى نكهات المطبخ العربي. حضّروها في منزلكم بمكونات طازجة دائماً تجدونها في تعاونية الاتحاد. #تعاونية_الاتحاد#وصفات_شهيرة #تريند In episode 5 of our recipe series, we tried a date and saffron milkshake. Creamy, rich, and full of flavour, with a hint of cardamom. Get everything you need from Union Coop to make it at home. #Union_Coo…",https://www.tiktok.com/@union.coop/video/7629336427930848533?utm_campaign=tt4d_open_api&utm_source=7103819247981182978,,9,2,,517,0,370,28.52,3.65,0.0235
6992f888ade2b3dcdf0631f2,2026-02-16T11:00:04.626Z,union.coop,account,tiktok,Post,"هذا الموسم حان دورك! العب ""حجرة ورقة مقص"" على تطبيق تميّز وادخل السحب للفوز بجوائز مجانية من ساميانغ. واحصل على جميع مستلزمات الشهر الفضيل بأسعار لا تُفوّت من خلال عروضنا على تطبيق تعاونية الاتحاد. تسوّق كل ما تحتاجه لمائدتك الرمضانية بسهولة في فروعنا أو عبر التطبيق. #تعاونية_الاتحاد #مستلزمات_رمضان This season, it’s your move. Play Rock, paper, scissors on the Tamayaz App for your chance to win freebies from Samyang. Find all your Ramadan essentials at amazing prices in our App-Exclusive offers…",https://www.tiktok.com/@union.coop/video/7607393434340510988?utm_campaign=tt4d_open_api&utm_source=7103819247981182978,,9,1,,392,2,306,15.78,2.48,0.0052
6a982ea3576ead0d31fe3a40,2026-09-02T14:18:59.418Z,union.coop,account,tiktok,Post,يبدو أن هذه المجموعة فهمت تماماً ما تحتاجونه لبداية العام الدراسي! من حقائب الظهر إلى صناديق الغداء، وكل ما بينهما في متجر جاشنمال المؤقت، حيث تجدون كل ما يلزم للفصل الدراسي الجديد. 📍 اتحاد مول 🗓️ حتى 30 سبتمبر #تعاونية_الاتحاد #جاشنمال #العودة_إلى_المدارس This collection actually understood the assignment. 📚✨ From backpacks to lunchboxes to everything in between - the Jashanmal pop-up has the new term covered. 📍 Etihad Mall 🗓️ Until 30 September #Union_Coop #Jashanmal #BackToSchool,https://www.tiktok.com/@union.coop/video/7680941058343111957?utm_campaign=tt4d_open_api&utm_source=7103819247981182978,,9,0,4.27,211,0,189,9.4,2.47,0.0263
6a87f03e52d2096d3994fcbe,2026-08-21T07:04:05.829Z,union.coop,account,tiktok,Post,"معكرونة الوعاء الواحد! طعم كريمي شهي، وتحضير بسيط لا يأخذ من وقتك الكثير. كل ما تحتاجه لتحضيرها متوفر في: @unioncoop #تعاونية_الاتحاد #وجبة_الوعاء_الواحد One-Pot Pasta Creamy, comforting and easy to make when you’re short on time. Your go-to grocery stop: @unioncoop #Union_Coop #OnePotMeal",https://www.tiktok.com/@union.coop/video/7676376182044019985?utm_campaign=tt4d_open_api&utm_source=7103819247981182978,,9,0,3.14,287,0,255,13.22,2.63,0.0397
6a50a04078f3fddddd0f47ff,2026-07-10T11:02:53.603Z,union.coop,account,tiktok,Post,"وفر أكثر وتسوّق بذكاء! توقف قليلاً واستكشف تشكيلتنا الواسعة من المنتجات الرائعة بأسعار مذهلة تتراوح بين 5 و10 و15 درهم فقط في تعاونية الاتحاد. خطط لمشترياتك واحتياجاتك الأسبوعية بكل سهولة، ووفر وقتك وجهدك قبل وصولك إلى ممراتنا! العروض سارية حتى 22 يوليو. لا تفوت الفرصة وتفضل بزيارتنا اليوم! #تعاونية_الاتحاد #حياة_دبي Pause to explore the 5, 10, and 15 AED ranges at Union Coop. Building your weekly grocery list is simpler when you know exactly what to expect before you even reach the aisle. Offer…",https://www.tiktok.com/@union.coop/video/7660852378370870529?utm_campaign=tt4d_open_api&utm_source=7103819247981182978,,9,0,2.52,357,0,276,15.05,2.55,0.0254
6aa3b7067c033eb9ebda388d,2026-09-11T08:10:21.211Z,union.coop,account,tiktok,Post,"هذه نشرتنا الترويجية الأخيرة المليئة بالأسباب الإضافية للتخزين والتوفير وإتمام قائمة تسوقكم بالكامل. اغتنموا هذه العروض قبل نفاذها، وتسوّقوا من تعاونية الاتحاد. #تعاونية_الاتحاد #تسوق_ووفر The final leaflet offer is here, packed with more reasons to stock up, save and tick everything off your shopping list. Make the most of these offers before they’re gone and shop your picks at Union Coop. #Union_Coop #ShopAndSave",https://www.tiktok.com/@union.coop/video/7684186617304829202?utm_campaign=tt4d_open_api&utm_source=7103819247981182978,,8,0,3.70,216,0,196,8.28,2.21,0.0222
6a893d283e04308e9196433c,2026-08-22T06:19:28.936Z,union.coop,account,tiktok,Post,املأ ثلاجتك بأجود الاختيارات الطازجة لموسم العودة إلى المدارس، واستمتع بمكافآت رائعة واسترداد نقدي يصل إلى 10% مع بطاقة لِف تميّز الائتمانية. كل ما تحتاجه للعام الدراسي الجديد تجده في تعاونية الاتحاد لكن مع مكافآت تضيف قيمة أكبر لمشترياتك. اختيارات طازجة ومكافآت أكثر وفرص يومية للفوز. سجل الآن عبر الرابط الموجود في البايو. *تطبق الشروط والأحكام. #تعاونية_الاتحاد #العودة_إلى_المدارس Stock your fridge with fresh Back-to-School essentials and enjoy even more rewards! Get up to 10% cashback with you…,https://www.tiktok.com/@union.coop/video/7676734272274763016?utm_campaign=tt4d_open_api&utm_source=7103819247981182978,,8,0,3.65,219,0,199,9.9,2.61,0.0219
6a6b182bbc330146cc04e7dd,2026-07-30T09:25:38.512Z,union.coop,account,tiktok,Post,"وداعاً للحيرة في اختيار الأفوكادو! بفضل الختم الزمني على كل حبة، ستعرف متى تتناولها بالدقة التي تفضلها ودون الحاجة للضغط على الحبة أو التخمين. احصل عليها الآن من أقرب فرع لتعاونية الاتحاد أو اطلبها بكل سهولة عبر التطبيق! #تعاونية_الاتحاد #طازج_كل_يوم #اختبر_نضج_الأفوكادو No more guessing games with your avocado. Every one of them, timestamped. So. you know exactly when it's ready, and exactly how long to wait. Pick your day. Skip the squeeze test. Get them at your nearest Union Coop or online. #…",https://www.tiktok.com/@union.coop/video/7668249317722967297?utm_campaign=tt4d_open_api&utm_source=7103819247981182978,,8,0,2.65,302,0,268,12.72,2.45,0.0386
6a38f3f2ba748e75af06101c,2026-06-22T08:36:44.920Z,union.coop,account,tiktok,Post,المنافسة الحقيقية تبدأ الليلة! مباريات حاسمة ولحظات لا تُنسى، ونحن جهزنا لكم ما يشعل أجواء هذه المناسبة! سناكات بألوان أعلام فرقكم المفضلة. هل ترغب في الفوز بسناكات فريقك المفضل لتكتمل أجواء المباراة القادمة؟ كيفية المشاركة: . تابع حسابنا: @UnionCoop . شارك علم السناكات التي ترغب في الفوز بها في التعليقات . اذكر اسم صديق تشاهد المباريات معه هذا كل شيء! سنختار الفائزين المحظوظين ليحصلوا على مجموعة السناكات المفضلة. واستعد وانطلق وعلٌق! تطبق الشروط والأحكام. متاح للمقيمين في دبي فقط. #تعاونية_الات…,https://www.tiktok.com/@union.coop/video/7654135766422932753?utm_campaign=tt4d_open_api&utm_source=7103819247981182978,,8,0,1.95,410,0,331,15.55,2.29,0.027
6a283976bea79da34b035f22,2026-06-09T16:06:47.223Z,union.coop,account,tiktok,Post,🏆 اربح سيارة جيتور T2! ⚽🚘 حماس كأس العالم وصل إلى قمّته! ارتقِ بشغفك بكرة القدم إلى مستوى جديد مع لعبة تميّز الجديدة على تطبيق تعاونية الاتحاد. هل تعتقد أنك تستطيع توقّع المنتخبات الفائزة؟ 👇 كل توقّع صحيح = فرصة دخول واحدة في السحب للفوز بسيارة جيتور T2 جديدة كلياً! العب يومياً لزيادة عدد مشاركاتك وتعزيز فرصك بالفوز. المشاركة مجانية 100%! 📲 ادخل إلى صفحة تميّز في تطبيق تعاونية الاتحاد وسجّل توقّعاتك يومياً. سيتم الإعلان عن الفائز يوم 20 يوليو! 🗓️ #تعاونية_الاتحاد #تميز #فيفا #كأس_العالم #جي…,https://www.tiktok.com/@union.coop/video/7649427291046546708?utm_campaign=tt4d_open_api&utm_source=7103819247981182978,,8,0,1.95,411,0,320,12.62,1.84,0.0049
6a06e33c64eafc037408479c,2026-05-15T09:13:07.499Z,union.coop,account,tiktok,Post,"لم يسبق أن كانت مشترياتك الأسبوعية بهذه القيمة من قبل! فقط في تعاونية الاتحاد، كلما تسوّقت أكثر، زادت فرصك للربح أكثر! يتم السحب القادم الاثنين 18 مايو. امسح بطاقة تميّز الرقمية عند الدفع، وسوف تسجل مشاركاتك عبر التطبيق تلقائياً. تسوّق الآن وزد فرصك في الفوز! #اثنين_المليونير #تميّز #تعاونية_الاتحاد The more you shop, the more entries you earn. Your weekly grocery run has never worked harder for you. Shop for more and increase your chances of winning. Next draw - Monday May 18. Don’t forget to s…",https://www.tiktok.com/@union.coop/video/7640043652034628882?utm_campaign=tt4d_open_api&utm_source=7103819247981182978,,8,0,1.68,476,0,386,15.18,1.9,0
69e21597668db3d76e0d36e5,2026-04-18T06:02:03.306Z,union.coop,account,tiktok,Post,"الحلقة السادسة وصلت، لكن هذه المرة جمعنا المقرمش مع الصحي في وعاء واحد! مزيج لا يقاوم صحي ومشبع ولذيذ، فشار مقرمش مع التوت البري المجفف وبذور اليقطين والصنوبر ورشة شوكولاتة داكنة تضفي نكهة لا مثيل لها. حضروه في المنزل بمستلزمات متوفرة فقط في تعاونية الاتحاد. والآن ما الوصفة التي تريدون تجربتها في الحلقة القادمة؟ #تعاونية_الاتحاد #وصفة_شهيرة #تريند In episode 6 of our viral recipe series, we tried a popcorn trail mix. Think crunchy popcorn, dried cranberries, pumpkin seeds, pine nuts, and a drizz…",https://www.tiktok.com/@union.coop/video/7629975095607381256?utm_campaign=tt4d_open_api&utm_source=7103819247981182978,,8,0,,486,1,394,25.37,3.11,0.0122
69d28128390ddef601d0f065,2026-04-03T16:15:16.000Z,union.coop,account,tiktok,Post,هدية مجانية بانتظاركم! هل أنتم من عشاق البيتزا الأصيلة؟ إذن هذا العرض يناسبكم تماماً! يسعدنا تقديم بيتزا نابولية فاخرة، مُعدَّة بعناية من أجود المكونات، وتقدم طازجة دائماً لتمنحكم تجربة لا تُنسى مع كل قطعة. واحتفالاً بهذا الإطلاق، نظمنا مسابقة خصيصاً لكم! كيفية المشاركة: • أعجب بهذا الفيديو • علّق بنكهة البيتزا المفضلة لديك • اذكر صديقاً تودّ مشاركته الجائزة سيحظى الفائز باحتفال بيتزا لا يُنسى مع عائلته! تتوفر البيتزا في فرع تعاونية الاتحاد في مردف وقريباً في الفروع الأخرى تطبق الشروط والأحكام #…,https://www.tiktok.com/@union.coop/video/7624567325307505928?utm_campaign=tt4d_open_api&utm_source=7103819247981182978,,7,3,,386,1,288,30.43,4.68,0.0051
6a13ecebab1c4feb5a07de66,2026-05-25T06:32:53.830Z,union.coop,account,tiktok,Post,أنت تشتري مستلزماتك الأساسية، وتميّز تمنحك المكافآت. احصل على 5 أضعاف النقود المستردة مع تميّز في تعاونية الاتحاد، واجعل كل رحلة تسوق أكثر ربحاً. #تميّز #تعاونية_الاتحاد,https://www.tiktok.com/@union.coop/video/7643713270523759888?utm_campaign=tt4d_open_api&utm_source=7103819247981182978,,7,2,2.34,427,1,353,12.15,1.77,0.0073
69a1d2d7bf210031e9082938,2026-02-27T17:23:15.652Z,union.coop,account,tiktok,Post,". رمضان، العائلة، عربات ممتلئة. وربما… قطع ذهب؟ ادّخروا 5,000 درهم في منصتنا في تعاونية الاتحاد وادخلوا السحب للفوز بـ 5 سبائك ذهب بوزن 10 غرامات. تسوّقوا بقيمة 1,000 درهم واحصلوا على قسيمة فورية بقيمة 100 درهم من الصكوك الوطنية. أو اكتشفوا ما تخبّئه عربة المفاجآت. دعونا نساعدكم على التسوّق بذكاء هذا رمضان. تجدوننا في خوانيج مول، الاتحاد مول، وبرشا مول بعد العيد. #الصكوك_الوطنية #تعاونية_الاتحاد #رمضان_في_دبي Ramadan, family and full trolleys. And maybe… gold? Save AED 5,000 at our stand at Unio…",https://www.tiktok.com/@union.coop/video/7611589841091955979?utm_campaign=tt4d_open_api&utm_source=7103819247981182978,,7,1,,318,0,270,33.48,6.46,0.0129
6a912a762af0bcfb3a382838,2026-08-28T06:29:51.516Z,union.coop,account,tiktok,Post,"لأن أطفالكم جزء من عائلتنا، يسعدنا تقديم فاكهة طازجة مجانية لمتسوقينا الصغار في كل جولة تسوق. 📍 متوفر في: البرشاء مول | اتحاد مول | جميرا | الورقاء سيتي مول اصطحبوا صغاركم لتعاونية الاتحاد ليستمتعوا بفاكهة طازجة ومجانية أثناء رحلة التسوق. #تعاونية_الاتحاد A fresh little treat for our little shoppers! 🍎🍌 Kids can enjoy one free fruit per child while you shop at Union Coop. 📍 Available at: Al Barsha Mall | Etihad Mall | Jumeirah | Al Warqa City Mall Bring the little ones along and let them enj…",https://www.tiktok.com/@union.coop/video/7678965542840978696?utm_campaign=tt4d_open_api&utm_source=7103819247981182978,,7,0,3.11,225,0,212,10.35,2.52,0.0366
69df53079167f1666e00c3f8,2026-04-15T08:58:26.144Z,union.coop,account,tiktok,Post,"في الحلقة الرابعة من سلسلة الوصفات الشهيرة: الكافيتريا تنتقل إلى مطبخكم! نفس الطعم ونفس المتعة لكن هذه المرة من إعدادكم! زنجر مقرمش مع صلصة كريمية، وخس طري ملفوف بإتقان، ومحضّر بحب! كل ما تحتاجونه من مكونات طازجة دائماً متوفرة في تعاونية الاتحاد! #تعاونية_الاتحاد #وصفات_سهلة #مكونات_طازجة In episode 4 of our viral recipe series, we’re bringing your favourite cafeteria meal home. Crispy zinger, creamy sauce, crunchy lettuce all wrapped to perfection. Shop the ingredients now at Union Coop. #Union…",https://www.tiktok.com/@union.coop/video/7628907587110817045?utm_campaign=tt4d_open_api&utm_source=7103819247981182978,,7,0,,444,1,368,20.62,2.8,0.0204
69cf74d96a145a749f095ef6,2026-04-05T06:02:06.944Z,union.coop,account,tiktok,Post,رائحة حساء واحدة تكفي لتعود بك سنوات للوراء. بمناسبة اليوم العالمي للحساء، نود أن نسألكم، ما الحساء الذي يسكن ذاكرتكم منذ الطفولة؟ شاركونا إجاباتكم في التعليقات، أجملها وأكثرها تأثيراً سيفوز بسلة من أشهى أنواع الحساء. تطبق الشروط والاحكام  #تعاونية_الاتحاد #اليوم_العالمي_للحساء It's International Soup Day 🍲 and we want to know — what's the soup you grew up with? Comment your favorite below. The most heartwarming answer wins a comforting hamper of soups. T&Cs apply. #Union_Coop #InternationalSou…,https://www.tiktok.com/@union.coop/video/7625150998020918545?utm_campaign=tt4d_open_api&utm_source=7103819247981182978,,6,0,,348,0,275,12.58,2.21,0.0205
6999b72b9df21994380ba288,2026-02-21T13:47:04.403Z,union.coop,account,tiktok,Post,"Every step I take now brings me closer to Tokyo. I train smart, stay hydrated, and run together with the Pocari Sweat supporting my journey since day one. #PocariSweat #SweatForSuccess #TokyoMarathon 2026 #TogetherToTokyo",https://www.tiktok.com/@union.coop/video/7609298838490254648?utm_campaign=tt4d_open_api&utm_source=7103819247981182978,,6,0,,115,0,0,8.95,4.8,0.0426
69b50d4faa291da6329a1ede,2026-03-13T16:46:05.000Z,union.coop,account,tiktok,Post,لنجعل هذا العيد أكثر بهجة ومرحاً. هل يمكنك تخمين السلة التي تختبئ خلفها الفاكهة؟ اكتب اجابتك في التعليقات واحصل على فرصة الفوز بسلة فاكهة خاصة بالعيد!  #تعاونية_ الاتحاد #مسابقة_ العيد #خمن_واربح #عيد_سعيد #مرح_العيد #احتفال_العيد Let’s make this Eid even sweeter Can you guess which basket the fruits are hiding under? 🍎🍊 Comment your answer below for a chance to win a special Eid fruit basket! #Union_coop #EidContest #Guess AndWin #SweetEid @EidFun #EidCelebration,https://www.tiktok.com/@union.coop/video/7616782413057805588?utm_campaign=tt4d_open_api&utm_source=7103819247981182978,,5,1,,276,0,209,7.03,1.64,0.0078
69aeba3426a8db553604f5dd,2026-03-09T12:17:36.730Z,union.coop,account,tiktok,Post,"لحم ضأن طري مطهو ببطء مع توابل هندية حارة. ندعوكم للاستمتاع بهذا الطبق الكلاسيكي الشهي من إعداد الشيف ""آشيش كودتاركار"". المكونات: لحم ضأن (1 كجم) 4 بصلات مفرومة، 3 طماطم مفرومة، كزبرة طازجة (1 حزمة صغيرة)، جارام ماسالا (3 ملاعق كبيرة)، معجون الزنجبيل والثوم (3 ملاعق كبيرة)، مسحوق الكركم (2 ملاعق كبيرة)، مسحوق الفلفل الحار (2 ملاعق كبيرة)، مسحوق الكزبرة (1 ملعقة كبيرة)، مسحوق الكمون (1 ملعقة كبيرة)، ملح (حسب الرغبة - حوالي 2 ملاعق صغيرة)، زيت الطهي (4 ملاعق كبيرة) طريقة التحضير: ينقع لحم الضأن ال…",https://www.tiktok.com/@union.coop/video/7615228687620902200?utm_campaign=tt4d_open_api&utm_source=7103819247981182978,,4,2,,267,1,206,17.85,4.15,0.0078
6a9ac2b154048f3f22e676c9,2026-09-05T07:01:48.566Z,union.coop,account,tiktok,Post,"مقرمش وهشّ وغنيّ بنكهة صلصة سيزر. ساندويتش الدجاج بصلصة سيزر الذي أصبح حديث الناس، مثالي لعلب الغداء والوجبات العائلية السهلة. لقد جعلنا لكم استعدادات العودة إلى المدرسة أسهل من أي وقت مضى. #تعاونية_الاتحاد #العودة_إلى_المدارس Crispy, crunchy, and packed with Caesar flavour. 🥪 The viral chicken Caesar sandwich, perfect for lunchboxes and easy family meals. Your back-to-school prep made easy. #Union_Coop #BackToSchool",https://www.tiktok.com/@union.coop/video/7681942549950401813?utm_campaign=tt4d_open_api&utm_source=7103819247981182978,,4,1,2.07,241,0,220,9.35,2.2,0.0275
699471af3b469c5e550ae583,2026-02-17T13:49:16.198Z,union.coop,account,tiktok,Post,. احتفلوا بالشهر الكريم مع الكثير من المكافآت في تعاونية الاتحاد أنفقوا 150 درهم أو أكثر في فاتورة واحدة لتحصلوا على فرصة للفوز بسيارة جيتور وجوائز أسبوعية من مستلزمات البقالة. كيفية المشاركة: 1. تسوقوا في أي فرع من فروع تعاونية الاتحاد أو عبر التطبيق. 2. أنفقوا 150 درهم أو أكثر وامسحوا باركود تطبيق تميز عند الدفع. 3. وادخلوا تلقائياً في السحب. تسوق أكثر لمكافآت أكبر ، فرص أكثر واحتفال أكبر بالشهر الفضيل. #تعاونية الاتحاد #رمضان #تميز Celebrate Ramadan with more rewards at Union Coop. Spend AED …,https://www.tiktok.com/@union.coop/video/7607821057336167692?utm_campaign=tt4d_open_api&utm_source=7103819247981182978,,4,1,,327,0,283,9.05,1.69,0.028
6a6220f4382761b365082d3f,2026-07-23T14:12:46.987Z,union.coop,account,tiktok,Post,"في ختام أجواء كأس العالم 2026 نبارك للفائزة بالجائزة الكبرى ""بدرية عبدالله محمد"" فوزها بسيارة «جيتور T2» الجديدة! ويسعدنا إعلام الجميع أن الإثارة لم تنتهِ بعد! ابقوا معنا وتابعوا السحوبات الأسبوعية على ""مليونير تميز""، والمزيد من المفاجآت القادمة قريباً في مكانكم المفضل للتسوق، تعاونية الاتحاد. #تعاونية_الاتحاد #جوائز_كبرى #جيتور_تي2 We have our own big World Cup 2026 winner too. Congratulations to Badreya Abdulla Mohammad, who is driving away with our Grand Prize. A Jetour T2. To everyone else, …",https://www.tiktok.com/@union.coop/video/7665725793263291656?utm_campaign=tt4d_open_api&utm_source=7103819247981182978,,4,0,1.54,259,0,228,7.65,1.74,0.0038
6aa139bd5294a849880d9669,2026-09-09T10:51:33.269Z,union.coop,account,tiktok,Post,"
كل ما تحتاجه يومياً يتوفر بعروض حصرية لا تجدها إلا على التطبيق.

حمّل التطبيق الآن واكتشف عروضاً مخصصة لاحتياجاتك اليومية، لتصبح كل عملية تسوق أكثر توفيراً ومتعة.

#تعاونية_الاتحاد #التطبيق_حصرياً 

The things you always need, now with offers you’ll only find on the app. 

Discover app-exclusive deals on your everyday essentials and make every shop count.

#Union_Coop #AppExclusive ",https://tiktok.com/@union.coop/video/7683486065700883732,,3,0,7.14,42,0,0,2.52,4.09,0.0541
69aaa23d86b15be5b402b669,2026-03-06T09:47:18.436Z,union.coop,account,tiktok,Post,"لحم ضأن طري مطهو ببطء مع توابل هندية حارة. ندعوكم للاستمتاع بهذا الطبق الكلاسيكي الشهي من إعداد الشيف ""آشيش كودتاركار"". المكونات: لحم ضأن (1 كجم) 4 بصلات مفرومة، 3 طماطم مفرومة، كزبرة طازجة (1 حزمة صغيرة)، غارام ماسالا (3 ملاعق كبيرة)، معجون الزنجبيل والثوم (3 ملاعق كبيرة)، مسحوق الكركم (2 ملاعق كبيرة)، مسحوق الفلفل الحار (2 ملاعق كبيرة)، مسحوق الكزبرة (1 ملعقة كبيرة)، مسحوق الكمون (1 ملعقة كبيرة)، ملح (حسب الرغبة - حوالي 2 ملاعق صغيرة)، زيت الطهي (4 ملاعق كبيرة) طريقة التحضير: ينقع لحم الضأن ال…",https://www.tiktok.com/@union.coop/video/7614076438689353016?utm_campaign=tt4d_open_api&utm_source=7103819247981182978,,3,0,,151,0,0,3.88,1.59,0
69a9efc5f0e50c61918a27f3,2026-03-04T12:05:45.000Z,union.coop,account,tiktok,Post,لحم ضأن طري مطهو ببطء مع توابل هندية حارة. استمتعوا بهذا الطبق الكلاسيكي الغني والمطهو بهدوء من إعداد الشيف آشيش نيلكانث كودتاركار.  المكونات: لحم ضأن (1 كجم)، 4 بصلات مفرومة (حوالي 500 جم)، 3 طماطم مفرومة (حوالي 400 جم)، كزبرة طازجة (1 حزمة صغيرة)، غارام ماسالا (3 ملاعق كبيرة)، معجون الزنجبيل والثوم (3 ملاعق كبيرة)، مسحوق الكركم (2 ملاعق كبيرة)، مسحوق الفلفل الحار (2 ملاعق كبيرة)، مسحوق الكزبرة (1 ملعقة كبيرة)، مسحوق الكمون (1 ملعقة كبيرة)، ملح (حسب الرغبة — حوالي 2 ملاعق صغيرة)، زيت الطهي (4 م…,https://www.tiktok.com/@union.coop/video/7613370442065366279?utm_campaign=tt4d_open_api&utm_source=7103819247981182978,,3,0,,153,0,96,9.33,3.69,0.0177
69b13dac566166911906c07f,2026-03-11T10:04:04.810Z,union.coop,account,tiktok,Post,الفتة: تتكون الفتّة من طبقات شهية تجمع بين الغنى في النكهة والأصالة. استمتعوا بهذا الطبق من إعداد الشيف ولاء حسن المكونات: لحم (1 كجم)، 2 بصل مفروم (حوالي 300 غرام)، ثوم (4 فصوص مفرومة)، أرز أبيض (500 غرام)، خبز عربي (4 قطع، مقطعة ومحمصة)، صلصة طماطم (2 كوب / 400 غرام)، خل (2 ملعقة كبيرة)، ملح (2 ملعقة صغيرة أو حسب الرغبة)، فلفل أسود (1 ملعقة صغيرة)، زيت طهي (3 ملاعق كبيرة)، بهارات منوعة (1 ملعقة كبيرة) طريقة التحضير: يُحمّر اللحم مع البصل المفروم والتوابل والملح والفلفل الأسود على نار متوسطة لم…,https://www.tiktok.com/@union.coop/video/7615936171755031819?utm_campaign=tt4d_open_api&utm_source=7103819247981182978,,2,1,,287,0,216,24.33,5.55,0.0038