Post Id,Published At,Channel Name,Channel Type,Network,Post Type,Post Text (Excerpt),Post URL,Tags,Reactions,Comments,Replies,Eng. Rate,Views,Shares,Saves,Reach,Follows,Watch Time (min),Avg. Watch Time (sec),completionRate,engagements,exits,tapsBack,tapsForward
697850f6bdb3a9c84e0c1c79,2026-01-27T05:45:36.929Z,union.coop,business,instagram,Post,"روح حق الليلة تعمّ المكان
الآن سنبدأ أغنية ""عطونا الله يعطيكم""...أكملوها معنا
كيفية المشاركة: 
 1- تابعوا حسابنا
@unioncoop 
 2- اكتبوا السطر التالي من أغنية حق الليلة في التعليقات
 3- اذكروا اسم صديق للانضمام إلى الفعّالية 

يتم الإعلان عن الفائز في 3 فبراير. ترقّبونا! 

Hag Al Leila is here. We’ll start the chant-Atoona Allah y’teekum…You finish it. 
How to enter:
 1- Follow @unioncoop
 2- Comment the next line of the Hag Al Leila chant
 3- Tag a friend to join the fun

Winner to be announced …",https://www.instagram.com/p/DUALxkTDoRF/,,739,2151,,28.60,26170,1010,89,14124,171,,,,4039,,,
6986062f150a5b8a660b6cd7,2026-02-07T05:00:22.213Z,union.coop,business,instagram,Post,"عشرة أيام فقط تفصلنا عن أجواء الخير والفرح في رمضان!
اربحوا جائزة الشهر الكريم: عبوات فيمتو التي تُغني موائدكم طوال أيام الصيام في رمضان
#تعاونية_الاتحاد #رمضان2026 

10 days to go until Ramadan!
Get it right and enjoy a month-long supply of Vimto this Ramadan.
#Union_Coop #Ramadan2026",https://www.instagram.com/p/DUcbVfEDLKA/,,620,2002,,64.63,11037,1071,68,5870,87,,,,3794,,,
6996ece6b3da95491e0c9755,2026-02-19T10:58:53.115Z,union.coop,business,instagram,Post,"تحدي الفوازير قد بدأ! 
هل تعلم مدى إلمامك بالتاريخ الإسلامي؟
اكتب إجابتك عن سؤالنا لهذا اليوم في التعليقات لتحصل على فرصة الفوز بـ 150 درهم في محفظتك الرقمية.

#تعاونية_الاتحاد #رمضان_في_دبي #فوازير_رمضان #رمضان2026 

How well do you know your history?
Drop your answer below and you could win AED 150 in your digital wallet.
Let the Fawazeer begin!

#Union_Coop #RamadanFawazeer #Ramadan2026 #DubaiRamada",https://www.instagram.com/p/DU796j2jq5s/,,584,969,,39.82,10359,575,42,5527,85,,,,2201,,,
69b43f36e9077383d40e8a03,2026-03-13T16:48:46.026Z,union.coop,business,instagram,Reel,".
لنجعل هذا العيد أكثر بهجة ومرحاً.

هل يمكنك تخمين السلة التي تختبئ خلفها الفاكهة؟

اكتب اجابتك في التعليقات واحصل على فرصة الفوز بسلة فاكهة خاصة بالعيد!

 #تعاونية_الاتحاد #مسابقة_العيد #خمن_واربح #عيد_سعيد #مرح_العيد #احتفال_العيد

Let’s make this Eid even sweeter

Can you guess which basket the fruits are hiding under? 🍎🍊
Comment your answer below for a chance to win a special Eid fruit basket!

#Union_coop #EidContest #GuessAndWin #SweetEid @EidFun #EidCelebration",https://www.instagram.com/reel/DV1PMgegQDy/,,461,907,,66.99,4742,504,20,2863,0,,,,1918,,,
699f3d4d2f5f121036046ec3,2026-02-26T07:00:31.589Z,union.coop,business,instagram,Post,".
تحدي الفوازير قد عاد! 
اكتب إجابتك عن سؤالنا لهذا اليوم في التعليقات لتحصل على فرصة الفوز بـ 150 درهم في محفظتك الرقمية.

#تعاونية_الاتحاد #رمضان_في_دبي #فوازير_رمضان #رمضان2026 

Ramadan Fawazeer is back!
Drop your answer below and you could win AED 150 in your digital wallet.
Let the Fawazeer begin!

#Union_Coop #RamadanFawazeer #Ramadan2026 #RamadaInDubai",https://www.instagram.com/p/DVNkLm8FveC/,,424,970,,50.60,6250,144,15,3099,22,,,,1568,,,
69b2700f8233a1ee000dfc1c,2026-03-12T07:49:43.806Z,union.coop,business,instagram,Post,".
فوازير هذا الأسبوع بانتظاركم! 
 مستعدون للمرح والتحدي من جديد؟
اكتبوا إجاباتكم في التعليقات لتحصلوا على فرصة إضافة 150 درهم إلى بطاقة الأفضل.

#تعاونية_الاتحاد #رمضان2026 #رمضان_في_دبي #فوازير_رمضان

Ready for this week’s Fawazeer?
Drop your answer below and you could win an AED 150 Al Afdhal card.

#Union_Coop #RamadanFawazeer #Ramadan2026 #RamadaInDubai",https://www.instagram.com/p/DVxs9T6lizS/,,373,597,,37.85,5974,277,14,3350,9,,,,1268,,,
6a297590d61156c1f206b89c,2026-06-10T14:35:48.513Z,union.coop,business,instagram,Reel,".
كل مباراة في كأس العالم تستحق أفضل شاشة!
اربح تلفزيوناً جديداً كلياً  من طراز تي ال سي 65 بوصة بدقة UHD، من إيروس وتعاونية الاتحاد واستمتع بتجربة مشاهدة لا تُنسى.
كيفية المشاركة:

•	خذ لقطة شاشة للكرة الذهبية
•	تابع حسابنا: Union.Coop@
•	شاركنا لقطة الشاشة عبر الرسائل الخاصة
•	شاركنا المشاهدة الجماعية الخاصة بك في التعليقات

الفرق بين مباراة عادية ومباراة لا تُنسى؟ الشاشة الكبيرة! 

#تعاونية_الاتحاد  #فيفا #كأس_العالم #مشاهدة_جماعية #اربح_تلفزيون #وقت_المسابقات
Win a brand-new TLC 65” UHD TV w…",https://www.instagram.com/reel/DZaKv0SAEib/,,362,755,,45.62,6654,346,38,3319,0,,,,1514,,,
69a95f0ac80bf1d704038556,2026-03-05T10:46:42.891Z,union.coop,business,instagram,Post,".
أسبوع جديد، فوازير جديدة! 
اكتبوا إجاباتكم أسفل المنشور وأضيفوا 150 درهم إلى بطاقة الأفضل. 
#تعاونية_الاتحاد #فوازير_رمضان #رمضان2026 #رمضان_في_دبي 

Another week, another Fawazeer! 
Drop your answer below and you could win AED150 Al Afdhal card!

#Union_Coop #RamadanFawazeer #Ramadan2026 #RamadaInDubai",https://www.instagram.com/p/DVf_pf9lmv5/,,341,539,,33.24,5844,199,10,3309,7,,,,1100,,,
69ba4f905968993b48063833,2026-03-21T06:00:38.751Z,union.coop,business,instagram,Post,".
في عيد الأم هذا العام، تحتفي تعاونية الاتحاد بكل أم تُعطي دون كللٍ أو ملل. وتماشياً مع عام الأسرة 2026 في الإمارات، يسعدنا أن نمنحها لحظة تشعر فيها بالتقدير الذي تستحقه.

شاركونا في التعليقات كيف تصفون أمهاتكم. سيفوز أحد المشاركين بسلة هدايا فاخرة، كل تفصيلة فيها أُعدّت فقط لها، لأنها أعطتنا كل شيء والآن حان دورنا لردّ قليل من الجميل. 

#تعاونية_الاتحاد #عام_الأسرة2026 #عيد_الأم

This Mother's Day, Union Coop celebrates the women who spend so much time taking care of everyone else. This year, …",https://www.instagram.com/p/DWIrodFFr9X/,,252,319,,29.40,6569,236,11,2827,6,,,,831,,,
6a888dcd89955d07050cf927,2026-08-21T17:42:37.055Z,union.coop,business,instagram,Reel,".

حضّر. شارك. اربح 

هل تعتقد أنك وطفلك تستطيعان تحضير صندوق الغداء المثالي؟ 

شارك الآن لتحصل على فرصة الفوز ببطاقة هدايا من ""بطاقة الأفضل"" بقيمة 250 درهم! 

للمشاركة، اختر إحدى الطريقتين: 

1️⃣ علّق باسم الوجبة الخفيفة المفضلة لطفلك في صندوق الغداء 

أو 

2️⃣ شارك صورة صندوق الغداء، مع الإشارة إلى @Union.Coop 

واستخدام هاشتاج #تحدي_صندوق_الغداء 

هل قمت بإحدى الخطوتين؟

علّق بكلمة ""تم"" لنعرف أنك دخلت السحب! 

المسابقة مستمرة حتى 15 سبتمبر. لا تفوّت الفرصة!"" 

*تطبق الشروط والأحكام.

#تعاونية…",https://www.instagram.com/reel/DcT5fBRjfld/,,242,305,,50.42,3463,354,31,1892,0,,,,954,,,
69612bd4a9a473aca70b8c26,2026-01-10T05:00:19.656Z,union.coop,business,instagram,Post,"ما هو طعامك المفضّل في هذه الأجواء الشتوية؟  الذرة أو الكستناء المحمّصة؟
اذكر جوابك في التعليقات لتحظى بفرصة الفوز بسلة من طعامك المفضل، واصنعه بنفسك.
كيفية المشاركة:
1. تابع حسابنا
@union.coop
2. شارك في التعليقات اسم طعامك المفضل
3. اذكر اسم صديق
سيتم التواصل مع الفائزين في 17 يناير
#تعاونية_الاتحاد

Which one is your favourite winter comfort food? Corn or roasted chestnuts?
Comment below for a chance to win a hamper to make it yourself.
How to enter:
1. Follow @union.coop
2. Comment with your…",https://www.instagram.com/p/DTUVE0mji1w/,,210,941,,57.88,4621,254,18,2474,8,,,,1432,,,
696b48d69f4c5554ff057253,2026-01-17T08:32:17.031Z,union.coop,business,instagram,Reel,"من الطبقة الأولى إلى مرحلة الطهي النهائية، كل ما يلزمك لتحضير طبق أم علي متوفر في تعاونية الاتحاد.

#تعاونية_الاتحاد #ام_علي #الطهي_المنزلي #مكونات_الوصفة 

Everything you need to make Umm Ali, from first layer to final bake.
Find your recipe essentials at Union Coop.

#Union_Coop #UmmAli #RecipeEssentials #HomeBaking",https://www.instagram.com/reel/DTmuzzGEXcm/,,185,4,,3.43,19800,185,109,14273,0,,,,489,,,
69cfe7930a430b26520ffc32,2026-04-03T16:15:59.768Z,union.coop,business,instagram,Reel,".
هدية مجانية بانتظاركم!
هل أنتم من عشاق البيتزا الأصيلة؟ إذن هذا العرض يناسبكم تماماً! 
يسعدنا تقديم بيتزا نابولية فاخرة، مُعدَّة بعناية من أجود المكونات، وتقدم طازجة دائماً لتمنحكم تجربة لا تُنسى مع كل قطعة.
واحتفالاً بهذا الإطلاق، نظمنا مسابقة خصيصاً لكم!
كيفية المشاركة:

•	أعجب بهذا الفيديو
•	علّق بنكهة البيتزا المفضلة لديك
•	اذكر صديقاً تودّ مشاركته الجائزة

سيحظى الفائز باحتفال بيتزا لا يُنسى مع عائلته!
تتوفر البيتزا في فرع تعاونية الاتحاد في مردف وقريباً في الفروع الأخرى. 

تطبق الشروط وا…",https://www.instagram.com/reel/DWrQVdqj4kV/,,159,273,,23.72,3699,111,13,2411,0,,,,572,,,
69a3dd4f5c31d9df050ef5cf,2026-03-01T06:31:50.008Z,union.coop,business,instagram,Post,Media only,https://www.instagram.com/p/DVVPTUZjPii/,,155,6,,4.04,7149,5,3,4332,1,,,,175,,,
69d9073c9d420cd4750dc8c8,2026-04-11T05:01:08.652Z,union.coop,business,instagram,Reel,".

القوة الحقيقية لا تُرى، لكنها تُدرك في كل زيارة.
تعمل فرقنا في الخطوط الأمامية بلا كلل مع الموردين وعبر كل قسم لتبقى الرفوف ممتلئة والمرافق نظيفة والعمليات سلسة.
 نفتخر في تعاونية الاتحاد بأن كل فرد فيها جزءاً من خلية عمل متكاملة لا تهدأ.
معاً من أجل هدفٍ واحد. متحدون من أجل الوطن.

#تعاونية_الاتحاد #متحدون_من_أجل_الوطن #الإمارات

What keeps everything running isn’t always visible.

It’s our frontline teams working tirelessly with our vendors and across every function to keep shelves full, fa…",https://www.instagram.com/reel/DW-pa_-FCAc/,,153,4,,4.34,6208,17,5,4219,0,,,,183,,,
6978667acd669021ea0a0e53,2026-01-27T09:00:44.521Z,union.coop,business,instagram,Reel,"لم يكن البطريق تائهاً أبداً
كان فقط يبحث عن وجهته المفضّلة: تعاونية الاتحاد!
#تعاونية_الاتحاد

The penguin was never lost, it was just finding its way to Union Coop.
#Union_Coop",https://www.instagram.com/reel/DUAiEingbiz/,,146,17,,10.62,5760,215,5,3636,0,,,,386,,,
69bc0bbee34061500c9d0e74,2026-03-19T14:25:26.000Z,union.coop,business,instagram,Reel,".
في رمضان، تتألق النفوس الطيبة… تعاونية الاتحاد تسلط الضوء على قصة ملهمة تسعى لفعل الخير يوماً بعد يوم، لتكون مثالاً للعطاء والتأثير الإيجابي في مجتمعها.

#تعاونية_الاتحاد #رمضان_في_دبي

During Ramadan, kind souls shine brighter
Union Coop highlights an inspiring story of someone who strives to do good day after day, becoming a true example of generosity and positive impact in the community. 🤍

#UnionCoop #RamadanInDubai",https://www.instagram.com/reel/DWEbpN_iDR2/,,142,9,,3.47,8764,62,5,6403,,,,,222,,,
69ef96532a7002a2d20f0474,2026-04-27T17:03:27.660Z,union.coop,business,instagram,Reel,".
لا تتشابه جميع أنواع المانجو، واختيار النوع المثالي هو ما يصنع الفارق.

من مانجو ألفونسو الغني بالقوام الكريمي إلى الأصناف الغنية بالنكهة من اليمن وتايلاند وفيتنام والهند، لكل منها طعمها الخاص.

كيف تستمتعون بموسم المانجو؟
بقطع صغيرة غنية بالعصير أم بوصفات غنية بالنكهات؟

شاركونا إجاباتكم في التعليقات لفرصة الفوز بسلة مانجو فاخرة من تعاونية الاتحاد!
#تعاونية_الاتحاد #موسم_المانجو #المانجو

Not all mangoes are the same and choosing the perfect one makes all the difference.
From the rich, creamy…",https://www.instagram.com/reel/DXpIsA2jYB9/,,133,11,,5.24,6208,109,8,5003,0,,,,262,,,
6a69b36d032f968e320a3381,2026-07-29T06:34:20.000Z,union.coop,business,instagram,Post,".
احبببببب الرطبببببب",https://www.instagram.com/p/DbXe1PAIQfX/,,128,3,,4.17,9864,86,12,5655,3,,,,236,,,
6a214567fa876d9d0e0abec1,2026-06-04T09:30:12.915Z,union.coop,business,instagram,Reel,".
بدأ حماس 5X ولا شيء يمكن إيقافه!

شاركنا لحظتك الخماسية المميزة في المتجر، وقد تظهر في حملتنا وتفوز بـ٥٬٠٠٠ نقطة من تميّز!

كيفية المشاركة: 

 أرسل لنا مقطع الفيديو عبر الرسائل الخاصة

 تابع حسابنا Union.Coop@ 

علق بالإشارة إلى اسم أحد أصدقائك واكتب تم

#تعاونيةـالاتحاد #5x #استرداد #تميّز

Think you can top this 5X energy? 👀✋

Show us your best 5X moment in-store for a chance to be featured and win 5000 Tamayaz points ⭐

To enter: DM us your video, follow Union Coop, tag a friend below, and…",https://www.instagram.com/reel/DZKLI0ZgiX_/,,125,4,,4.49,5223,19,5,3521,0,,,,158,,,
69ce9b91f8b2ed5c59f58dd2,2026-04-02T16:31:55.000Z,union.coop,business,instagram,Reel,".
وجدنا أخيراً أرشيف تعاونية الاتحاد!
من أولى خطوات تعاونية الاتحاد معكم، إلى تعاونية الاتحاد التي تعرفونها وتحبونها اليوم. لا بدّ أن لديكم ذكريات معها من أيام التسعينات!
 شاركونا صوركم مع تعاونية الاتحاد في تلك الفترة، وكونوا جزءاً من هذه القصة.

#تعاونية_الاتحاد

We found the archives.  From humble beginnings to the Union Coop you know today. Do you have a memory with Union Coop from the 90's? Share pictures with us and be part of the story.
 #Union_Coop",https://www.instagram.com/reel/DWotWT_CIoz/,,121,7,,5.81,4608,21,13,2875,,,,,167,,,
6a38f3f2e9b677d3a90731e5,2026-06-22T08:37:03.245Z,union.coop,business,instagram,Reel,".
المنافسة الحقيقية تبدأ الليلة!
مباريات حاسمة ولحظات لا تُنسى، ونحن جهزنا لكم ما يشعل أجواء هذه المناسبة!
سناكات بألوان أعلام فرقكم المفضلة.
هل ترغب في الفوز بسناكات فريقك المفضل لتكتمل أجواء المباراة القادمة؟

كيفية المشاركة:

 . تابع حسابنا: @UnionCoop 
. شارك علم السناكات التي ترغب في الفوز بها في التعليقات
. اذكر اسم صديق تشاهد المباريات معه

هذا كل شيء!

سنختار الفائزين المحظوظين ليحصلوا على مجموعة السناكات المفضلة. واستعد وانطلق وعلٌق!

تطبق الشروط والأحكام. متاح للمقيمين في دبي فقط.

#تع…",https://www.instagram.com/reel/DZ4bXQYgoR1/,,117,259,,37.99,2017,59,6,1182,0,,,,449,,,
6a0c578d3e47c3bb4707b604,2026-05-21T05:37:14.421Z,union.coop,business,instagram,Post,".
نحتفل اليوم باليوم العالمي للشاي ويسعدنا بهذه المناسبة معرفة سرّ وصفتك المثالية! 

ما الذي يجعل كوب الشاي الخاص بك مميزاً؟ كمية إضافية من الهيل؟ أم رشة من الزعفران؟ أم وقت التخمير الذي لا يعرفه سواك؟ 

شاركنا في التعليقات وصفة الشاي المفضلة لديك أو أضف إليها لمسة خاصة، أو اكتب نصيحتك لفرصة الفوز بقسيمة أو سلة هدايا من تعاونية الاتحاد! 

#تعاونية_الاتحاد #اليوم_العالمي_للشاي #هدايا_تعاونية_الاتحاد 

It's International Tea Day and we want YOUR secret!

What makes your cup of tea perfect? The ext…",https://www.instagram.com/p/DYltcBnINfd/,,117,169,,23.05,4896,226,8,2273,1,,,,524,,,
69ba9e88c67261533230b0e1,2026-03-18T12:20:36.000Z,union.coop,business,instagram,Post,".
بقيادة واثقة ورؤية راسخة، تمضي بلادنا إلى الأمام أقوى وأكثر تماسكاً من أي وقتٍ مضى.
في تعاونية الاتحاد، نعتزّ بأن نكون جزءاً من هذا المسير مستمرين في خدمة مجتمعنا، وحاملين لقيم تُرسّخ الازدهار وتصنع الغد.

نحتفل اليوم بروح لا تُكسر وعزيمة لا تتوقف، وأمل يُضيء درب المستقبل للجميع.

Guided by visionary leadership, our nation continues to grow stronger, united, and resilient. At Union Coop, we are proud to serve our community and support the values that keep our nation thriving. 

Together, we ce…",https://www.instagram.com/p/DWBovVnCM7G/,,109,2,,4.54,5379,3,6,2645,0,,,,120,,,
6a2aa029c32a6ad9d0075277,2026-06-11T11:47:53.239Z,union.coop,business,instagram,Reel,".
شاركونا أجمل لحظاتكم مع حملة 5X في فروعنا، وكونوا نجوم منشوراتنا القادمة!

والجائزة؟
5,000 نقطة من تميّز بانتظار الفائزين!

كيفية المشاركة:
* أرسلوا مقطع الفيديو عبر الرسائل الخاصة
* تابعوا حسابنا @Union.Coop
* اذكروا اسم صديق في التعليقات
* اكتبوا “تم”

#تعاونية_الاتحاد #5X #استرداد_نقدي #تم

Here's your reminder to show us your best 5X moment in-store and stand a chance to be featured and win 5000 Tamayaz points! ⭐

To enter: DM us your video, follow Union Coop, tag a friend below, and comme…",https://www.instagram.com/reel/DZccc22jmVF/,,103,2,,2.65,6829,18,5,5097,0,,,,135,,,
6993342f01094fd8400e5f88,2026-02-16T15:14:51.252Z,union.coop,business,instagram,Reel,".
اغمروا منازلكم ببركات الشهر الكريم، أو امنحوها لمن هم بأمسّ الحاجة إليها. فجوهر رمضان لا يكمُن في موائدنا فحسب، بل في الرحمة التي نتقاسمها والعطاء الذي نترك أثره في حياة الآخرين.
اغتنموا الفرصة الآن وتسوقوا مستلزمات رمضان بأسعار لا تُضاهى.
* أرز بسمتي هندي – 5 كجم
* دقيق رقم 1 – 1 كجم
* سكر – 2 كجم
* زيت مخلوط – 1.5 لتر
* معكرونة – 500 غرام
* حليب مجفف كامل الدسم – 400 غرام
* جيلي الفراولة – 85 غرام
* شوكولاتة قابلة للدهن – 350 غرام
* تمر – 1 كيلوغرام
* مكعبات مرقة الدجاج – 48 مكعب
* مايونيز ح…",https://www.instagram.com/reel/DU0suwhAt7q/,,101,4,,3.28,5777,17,9,4243,0,,,,139,,,
6a7f812228c298123e9c5af3,2026-08-14T13:59:00.000Z,union.coop,business,instagram,Reel,".

نودلز إندومي الشهيرة؛ السرعة واللذة في طبق واحد! 

الوجبة المُنقذة والمفضلة للعائلة عندما تشتهون شيئاً شهياً وسريعاً في دقائق معدودة.

تسوقوا مستلزماتكم واحتياجاتكم كالمعتاد من @union.coop

#تعاونية_الاتحاد #وصفات_شهيرة #إندومي #نودلز 

🍜 Viral Indomie Noodles

A family favourite when you want something tasty but just have a few minutes. 

Grocery run as usual from @union.coop

#Union_Coop",https://www.instagram.com/reel/DcBeSKUIRM1/,,99,15,,5.66,3052,5,6,2243,,252.22,6.57,,127,,,
6996dff6f964dc52080ed8d2,2026-02-19T10:06:35.122Z,union.coop,business,instagram,Reel,".
هل أنت عالق في تسوّق اللحظات الأخيرة استعداداً للإفطار؟
لا تقلق! تعاونية الاتحاد توفر لك كل ما تحتاجه بسرعة وسهولة.

صناديق الإفطار متوفرة في الفروع التالية:
مردف، الورقاء، العوير، البرشاء، جميرا، أم سقيم، ند الشبا مول، الوصل، الخوانيج، موتور سيتي

#رمضان_في_دبي #تعاونية_الاتحاد 

Caught up with last-minute shopping and on the go for iftar? Don’t worry, Union Coop has you covered. 

Iftar boxes available at the following stores: Mirdif, Al Warqa, Al Aweer, Al Barsha, Jumeirah, Umm Suqeim, Nad …",https://www.instagram.com/reel/DU73qUDkabz/,,98,1,,4.84,3531,29,3,2749,0,,,,133,,,
6a0d847c48827d3ff708ed59,2026-05-20T09:56:01.117Z,union.coop,business,instagram,Reel,".
أجمل لحظات العيد هي تلك التي تبقى محفورة في الذاكرة رغم بساطتها.

وأولئك الذين يشاركوننا الفرح والذكريات يستحقون أن يعرفوا أهميتهم في حياتنا.

اكتب لهم رسالة في التعليقات، وربما تفاجئهم بسلة مليئة بالمنتجات الطازجة من تعاونية الاتحاد.

#عيد_مع_تعاونية_الاتحاد #لحظات_العيد #تعاونية_الاتحاد 

Eid is all about the people who make it feel special.

The ones who show up, share the joy, and turn simple moments into lasting memories.

Tell them what they mean to you, write them a message in the comme…",https://www.instagram.com/reel/DYjmAxODeCk/,,97,71,,13.27,3256,102,10,2147,0,,,,285,,,
69afcc36c325c5ed56057200,2026-03-10T07:47:01.729Z,union.coop,business,instagram,Reel,".
تزداد بهجة الأعياد حين نراها في عيون أطفالنا.
- شاركونا رسومات أطفالكم عبر خاصية الستوري
- اذكروا حسابنا @Unioncoop في التعليقات 
- اكتبوا ""تمّ"" لزيادة فرص نشر المزيد من أجواء الفرح.
 استعدوا للفرح! سيتم توزيع 40 لعبة رائعة، لنبعث البهجة والفرح في قلوب الفائزين في هذا العيد!

""#تعاونية_الاتحاد #العيد_في_دبي

Eid feels even more magical through the eyes of our little ones.
Share your little one’s artwork on your story, tag Union Coop, and comment “done” below for a chance to spread the joy even…",https://www.instagram.com/reel/DVsi9PjCf82/,,96,57,,16.97,3886,281,5,2623,0,,,,445,,,
6a2839764723346bc10151a2,2026-06-09T16:06:06.409Z,union.coop,business,instagram,Reel,".
🏆 اربح سيارة جيتور T2! ⚽🚘

حماس كأس العالم وصل إلى قمّته! ارتقِ بشغفك بكرة القدم إلى مستوى جديد مع لعبة تميّز الجديدة على تطبيق تعاونية الاتحاد.

هل تعتقد أنك تستطيع توقّع المنتخبات الفائزة؟ 👇

كل توقّع صحيح = فرصة دخول واحدة في السحب للفوز بسيارة جيتور T2 جديدة كلياً!

العب يومياً لزيادة عدد مشاركاتك وتعزيز فرصك بالفوز.

المشاركة مجانية 100%!

📲 ادخل إلى صفحة تميّز في تطبيق تعاونية الاتحاد وسجّل توقّعاتك يومياً. سيتم الإعلان عن الفائز يوم 20 يوليو! 🗓️ 

#تعاونية_الاتحاد #تميز #فيفا #كأس_…",https://www.instagram.com/reel/DZXwajPHCVb/,,91,13,,12.24,2214,63,9,1454,0,,,,178,,,
696ca071d1b1086e800c85f8,2026-01-18T08:58:19.197Z,union.coop,business,instagram,Reel,"في الجو البارد كل شيء يبدأ بكوب شوكولاتة ساخنة، تسوّق كل مكوناتها من تعاونية الاتحاد واصنع لحظاتك الدافئة.
#تعاونية_الاتحاد #شوكولاتة_ساخنة #فصل_الشتاء 

Cold days call for warm hot chocolaty pours.
Find all your hot chocolate essentials at Union Coop.

#Union_Coop #HotChocolate #Winters",https://www.instagram.com/reel/DTpWlpNj01U/,,91,4,,4.14,6444,65,19,4391,0,,,,182,,,
698e1ab3790d9fecf80eb285,2026-02-12T18:24:48.037Z,union.coop,business,instagram,Reel,".
تعاونية الاتحاد تطلق الحملة الرمضانية""مائدة رمضانية عامرة بالبركات""، مقدّمةً موسماً استثنائياً يمتد لثمانية أسابيع يتضمن خصومات كبرى، ومزايا مالية مبتكرة، ومبادرات مجتمعية تعزز قيمة العطاء.
أبرز ملامح حملة رمضان 2026:
1. تجميد أسعار 160 منتجاً أساسياً لضمان استقرار سلة الأسرة، مع خصومات تصل إلى 60% على أكثر من 3000 منتج من مستلزمات رمضان.
2. استرداد نقدي يصل إلى 10 % بالتعاون مع بنك ليف لتوفير قيمة مالية منظمة للمتسوقين.
3. التوسّع في الفروع الرئيسية بما في ذلك مركز الشباب لدعم الحضور المجتمعي…",https://www.instagram.com/reel/DUqvStvjmkH/,,91,3,,3.70,4334,9,2,2917,0,,,,108,,,
6a0b3d69c4729335d00ef62a,2026-05-18T16:26:11.664Z,union.coop,business,instagram,Reel,".
مليون نقطة من تميّز ليست مجرد أرقام! 
 لهذه العائلة مثلاً، تعني خمس عربات مليئة كلياً، و16,700* درهم من التوفير الفعلي في نفقاتهم السنوية على المشتريات.
ماذا عنك؟ كيف ستنفق مليون نقطة من تميّز؟ شاركنا في التعليقات.

#تعاونية_الاتحاد #مليونير_تميز #مليون 

What does 1,000,000 Tamayaz points look like?
For this family, it looks like five carts stacked to the brim with groceries. That’s AED 16,700* in savings on their annual grocery spend.
So how would you spend 1 million Tamayaz points? Let us k…",https://www.instagram.com/reel/DYfJO75Erv3/,,90,3,,2.83,5851,14,7,4061,0,,,,115,,,
6995ba193acdd1b6a008541f,2026-02-19T07:01:49.184Z,union.coop,business,instagram,Reel,".
لا يكتمل رمضان بدون…
التجمعات العائلية والرغبة في تناول الطعام في وقت متأخر من الليل والمائدة العامرة بألذ الأطباق.
سألنا المتسوقين في تعاونية الاتحاد:
ما الذي يجعل رمضان يكتمل بالنسبة لكم؟
والآن حان دورك!
ما هو الشيء الذي لا يكتمل رمضان بدونه؟
#تعاونية_الاتحاد #رمضان_في_دبي 

It’s not Ramadan without… 
Family gatherings, late-night cravings and a table full of favourites.
We asked shoppers at Union Coop what makes Ramadan feel complete. What’s yours?

#Union_Coop #RamadanInDubai",https://www.instagram.com/reel/DU7ipJ0FEpG/,,87,6,,4.96,3124,11,3,2158,0,,,,107,,,
698b2c2cf42cee352a05da32,2026-02-11T06:45:42.716Z,union.coop,business,instagram,Reel,"طبق إماراتي تقليدي من إعداد الشيف فاطمة علي بن سالم
وجبة أصيلة تجمع بين نكهة اللحم الطّري والخضروات المطهيّة على نار هادئة، وتُقدَّم مع خبز الرقاق ليكتمل 
المذاق الإماراتي الأصيل.
المكونات:
•	500غ لحم ضأن أو بقر
•	كوب صغير زيت أو سمن
•	بصلتان كبيرتان
•	500غ من كل: كوسا، جزر، يقطين/قرع، بطاطس، طماطم
•	علبة معجون طماطم
•	حزم: بقدونس، كزبرة، شبت
•	 4 فلفل أخضر حار
•	 2 ورق غار
•	توابل كاملة
•	2م ك توابل مختلطة
•	1 م ك فلفل أحمر
•	1–2 م ك كركم
•	2 م ك ملح
•	خبز رقاق للتقديم
طريقة التحضير: 
1.	اغلي ا…",https://www.instagram.com/reel/DUm6ectDtiB/,,85,6,,0.08,2735,35,7,1768,,,,,134,,,
696f7109df36fc7bf905b3be,2026-01-20T12:12:49.470Z,union.coop,business,instagram,Reel,"كعكة الجبن اليابانية الشهيرة بالطريقة الألذّ!
تسوّق كل مكوناتها من تعاونية الاتحاد!

#تعاونية_الاتحاد #كعكة_الجبن_اليابانية #لوتس #لبن_يوناني

Japanese cheesecake, the viral way.
Shop the ingredients at Union Coop.

#Union_Coop #Viral #JapaneseCheesecake #Lotus #GreekYogurt",https://www.instagram.com/reel/DTu2cRaDlxF/,,83,1,,3.95,5968,66,17,4227,0,,,,167,,,
69eb51201b6fb9246c0a4e11,2026-04-25T06:00:55.609Z,union.coop,business,instagram,Reel,".
سلعة واحدة إضافية في نفس عملية الدفع، لخير يدوم.

اختاروا أي سلعة من رفوفنا وضعوها في سلة الخير قبل المغادرة.

مبادرة بسيطة منكم تحدث فارق حقيقي لعائلة محتاجة.

#تعاونية_الاتحاد #سلة_الخير

One extra item. Same checkout. Different impact.

Pick up a long-shelf item and drop it at the donation point before you leave.

A small pause for you can mean real support for a family in need.

#Union_Coop #BasketofGoodness",https://www.instagram.com/reel/DXizaotFSuI/,,81,3,,3.50,3780,7,2,2689,0,,,,94,,,
6a312bb2aae03d1c3a0e0193,2026-06-16T10:58:49.257Z,union.coop,business,instagram,Reel,".
هل أنت مستعد لتحويل شغفك بكرة القدم إلى فرصة للفوز؟
 انضم إلى أجواء تحدّي كأس العالم الآن مع لعبة تميّز الجديدة ""العب واربح""، حيث يتحول حماسك لكل مباراة إلى فرصة حقيقية للفوز.

توقّع الفائزين يومياً، واحصل على فرص للفوز مع كل توقّع صحيح، ونافس على سيارة جيتور T2.
لا تفوّت الإثارة، والعب مجاناً الآن عبر تطبيق تعاونية الاتحاد.
إن لم تكن عضواً في برنامج تميّز بعد، اشترك اليوم وكن في قلب الحدث مع كل مباراة.
#تعاونية_الاتحاد #كأس_العالم #جيتورT2

Think you know football? ⚽

Put your match knowledg…",https://www.instagram.com/reel/DZpOpFwiu0C/,,80,10,,5.64,3189,22,5,2147,0,,,,121,,,
6a84156315ccc8d99f8f078b,2026-08-18T08:19:43.132Z,union.coop,business,instagram,Reel,".

فضول لا ينتهي واكتشافات جديدة وإطلالة أولى على عالم تعاونية الاتحاد.

يسعدنا استضافة تجار التجزئة من فئة الشباب في تعاونية الاتحاد ليعيشوا صيفاً مليئاً بالتعلم والعمل الجماعي والتجارب العملية.

#تعاونية_الاتحاد #رواد_التجزئة_الشباب #رواد_المستقبل

Curious minds, new discoveries, and a first look into the world of Union Coop. Proud to host our young retailers at Union Coop for a summer of learning, teamwork, and hands-on experiences.

#Union_Coop #YouthRetailProgram",https://www.instagram.com/reel/DcLKsCrjTX1/,,80,4,,4.31,4772,48,7,3340,0,,,,144,,,
696e61208c6b9d7f780d4f35,2026-01-19T16:52:12.364Z,union.coop,business,instagram,Reel,"ابدأ مغامرتك في حتا بخطوة ذكية، وتسوّق كل ما يلزمك للتخييم من تعاونية الاتحاد! 
جهّز لرحلتك براحة وثقة من الأساسيات إلى المشتريات العاجلة

#تعاونية_الاتحاد #حتا  #موسم_التخييم 

Experience the ease of shopping before your Hatta adventure.
From essentials to last-minute finds, everything you need for camping season is ready in one place.

#Union_Coop #Hatta #CampingSeason",https://www.instagram.com/reel/DTsxq1UD-5F/,,79,0,,4.30,3046,6,3,2068,0,,,,89,,,
6a03a845729295ba06715c66,2026-05-12T09:30:18.000Z,union.coop,business,instagram,Reel,".
المشروب الأكثر شعبية في الإمارات قد انضم للتو إلى قائمة مشترياتك!
متوفر الآن في تعاونية الاتحاد. لا وقت للتفكير، سارع واشتريه.
#تعاونية_الاتحاد #الكولا_الخضراء

The UAE’s favourite drink just landed on your shopping list 👀
Now on offer at Union Coop￼. Don’t walk, run! 🛒

#Union_Coop #GreenCola",https://www.instagram.com/reel/DYO8w3noprk/,,77,1,,2.98,7594,80,15,5902,,,,,176,,,
69aaae1fc87975e38d0fe0ff,2026-03-07T05:01:42.793Z,union.coop,business,instagram,Reel,".
وحدها اللحظات البسيطة تمنح الشهر الكريم خصوصيته.
التجمعات العائلية على المائدة والوقت الذي نقضيه مع من نحب.
سألنا عملاءنا: ماذا يعني لكم رمضان؟
شاركونا آراءكم في التعليقات.

#تعاونية_الاتحاد #رمضان_في_دبي

The little moments make Ramadan special.
Family, food, and time with loved ones.
We asked our customers what Ramadan means to them.
Tell us yours in the comments!

#Union_Coop #RamadanInDubai",https://www.instagram.com/reel/DVkhmxsDRcp/,,76,4,,3.16,3959,16,1,3067,0,,,,97,,,
69d5e417de6495e90800041e,2026-04-08T06:01:02.781Z,union.coop,business,instagram,Reel,".
جرّبوا معنا أشهر الوصفات
الحلقة الأولى:

قررنا في تعاونية الاتحاد تجربة أشهر الوصفات الأكثر تداولاً، واحدة تلو الأخرى! 
هل لديكم أي اقتراحات إضافية؟
شاركوها معنا في التعليقات.
كل ما تحتاجونه لتحضير أي وصفة متوفر في تعاونية الاتحاد. 

#تعاونية_الاتحاد #وصفة_شهيرة #تريند 

Episode 1 of Trying Viral Recipes 🍽️

We’re putting viral recipes to the test, one trend at a time. What should we try next? Tell us below 👇

Find everything you need to recreate your favourites at Union Coop.

#Union_Coop #…",https://www.instagram.com/reel/DW3B5IcDwN7/,,75,7,,4.45,6487,95,29,4714,0,,,,210,,,
6a67a157ce98feca60072582,2026-07-27T18:21:09.108Z,union.coop,business,instagram,Reel,".
هل أنت مستعد لتجربة قيادة يومية أكثر إثارة؟ 

تفضل بزيارتنا في اتحاد مول واستمتع بقيادة «فينفاست VF8» الكهربائية بالكامل واستشعر المستقبل المستدام بنفسك. 

العرض متاح حتى 30 يوليو فقط!

#تعاونية_الاتحاد #فينفاست

Ready to step up your daily drive? Drop by at Etihad Mall and get behind the wheel of the all-electric VinFast VF8. Experience what your everyday could be with a test drive. Available only until July 30th.

#Union_Coop #Vinfast",https://www.instagram.com/reel/DbTmD5IoFFo/,,75,4,,3.72,4095,24,5,3041,0,,,,113,,,
6a202c87f9cee8e5a50cba49,2026-06-03T13:31:26.209Z,union.coop,business,instagram,Reel,".
في الحلقة السابعة من سلسلة وصفاتنا الشهيرة، جربنا مشروب الجيلي الصيفي الأكثر شعبية على وسائل التواصل.
 تخيلوا مزيجاً من مسحوق الجيلي المنكّه وكرات الثلج بالنعنع ومشروب سفن آب المنعش!
النتيجة هي حتماً أسهل مشروب صيفي فوّار لانتعاش يدوم، حضروه في المنزل بكل مكوناته المتوفرة في تعاونية الاتحاد. 
هل لديكم اقتراحات قادمة؟ 

#تعاونية_الاتحاد #الصيف #وصفات_شهيرة 

In episode 7 of our viral recipe series, we tried the internet’s favourite summer jello drink. Think flavoured jello powder, mint ice sphe…",https://www.instagram.com/reel/DZICAPPALNI/,,75,2,,3.32,8950,110,44,6985,0,,,,232,,,
6a78e6b650ac12143640d2c9,2026-08-09T20:00:49.000Z,union.coop,business,instagram,Post,".
عشاق القهوة المختصة، موعدكم مع أورورا! 

ندعوكم لتذوق القهوة الأصلية واكتشاف النكهات الإستثنائية في المقهى المؤقت داخل فرع تعاونية الاتحاد في اتحاد مول.

🗓️ الفترة: من 10 إلى 22 أغسطس 2026، من الساعة 10:00 صباحًا حتى 10:00 مساءً

📍 الموقع:  اتحاد مول

#تعاونية_الاتحاد #اتحاد_مول #سبيشاليتي_كافيه #قهوة_أورورا

Aurora Specialty Coffee is here!

Visit the pop-up inside Union Coop at Etihad Mall and enjoy expertly crafted specialty coffee from 10 to 22 August 2026.

📍 Etihad Mall, inside Union …",https://www.instagram.com/p/Db1P4ISkV8O/,,74,2,,3.14,9093,49,12,4487,1,,,,141,,,
69d8c76be26941615b0baada,2026-04-10T09:49:24.830Z,union.coop,business,instagram,Reel,".
مسابقة!

 موسم الشواء على وشك الانتهاء! هل أنت جاهز لحفلة لا تُنسى؟ 
تتوفر في تعاونية الاتحاد صناديق شواء جاهزة للشواء مباشرة، تحتوى على الشيش طاووق والكباب والتيكا والعرايس! 
شاركنا وصفة تتبيلتك السرية في التعليقات، وقد تفوز بمجموعة أسياخ شواء مميزة!

#شواء #تعاونية_الاتحاد

✨ Giveaway Alert ✨

Planning one last BBQ before the season ends? We’ve got you covered 🔥

From Shish Tawook and Kebabs to Tikka and Arayes, our BBQ grill boxes have it all.

Comment your favourite marination below to wi…",https://www.instagram.com/reel/DW8ln_EAvyh/,,73,29,,10.95,1984,50,2,1452,0,,,,159,,,
69fc042bdcd095e35b9e35d9,2026-05-06T07:55:29.000Z,union.coop,business,instagram,Post,".
وقّعت تعاونية الاتحاد مذكرة تفاهم استراتيجية مع شركة (NRTC) الدولية لتجارة الخضروات والفواكه في دبي، في خطوة تعكس التزام الطرفين بدعم المنتجات الوطنية، وتعزيز كفاءة سلاسل التوريد في دولة الإمارات العربية المتحدة.

وقد تم توقيع مذكرة التفاهم في أبوظبي على هامش إطلاق مبادرة""اصنع في الإمارات"" (Make It In the Emirates) التي تنظمها وزارة الصناعة والتكنولوجيا المتقدمة، في إطار دعم التوجهات الوطنية بهدف تعزيز القطاع الصناعي وتمكين المنتجات المحلية.

Union Coop has signed a Memorandum of Understanding…",https://www.instagram.com/p/DX_VWa3iMl7/,,72,1,,2.56,6769,4,0,3081,0,,,,79,,,
6aacc31652cec9d90e12773d,2026-09-18T04:53:29.673Z,union.coop,business,instagram,Reel,".

احتفاءً بالمرأة الإماراتية التي تسهم في رسم ملامح مستقبل دولة الإمارات، وتكريماً لإرثٍ راسخ أسهمت في بنائه عبر مسيرة حافلة بالعطاء والإنجاز.

نستحضر اليوم قصصاً من الإنجاز والمثابرة والعزيمة، ونحتفي بإسهامات المرأة الإماراتية ودورها في مسيرة التنمية والتقدم التي تواصل دولة الإمارات كتابة فصولها كل يوم.

#تعاونية_الاتحاد #يوم_المرأة_الإماراتية 

Celebrating the women shaping the UAE’s future, while honouring the legacy they have helped build.

Today, we reflected on stories of achievement, per…",https://www.instagram.com/reel/DdanmgOgWrv/,,71,4,,4.66,3435,28,3,2360,0,,,,110,,,
69946aa4af32270d4602cfdd,2026-02-17T13:19:24.655Z,union.coop,business,instagram,Reel,".
لا حدود لخيرات الشهر الفضيل في تعاونية الاتحاد.
استمتعوا بأجود أنواع اللحوم على موائدكم مع مهرجان اللحوم، حيث الجودة العالية والأسعار التي تناسب أجواء رمضان.
لا تفوّتوا الأسعار الخاصة حتى 22 فبراير فقط في تعاونية الاتحاد.

#تعاوونية_الاتحاد #مهرجان_اللحوم #رمضان_في_دبي

This Ramadan, bring the finest cuts to your table with our Butchery Festival.
Enjoy special prices until 22nd February, exclusively at Union Coop

#Union_Coop #ButcheryFestival #RamadanOffers #RamadanEssentials",https://www.instagram.com/reel/DU3EUQMDZE0/,,69,18,,5.46,2479,5,3,1813,0,,,,99,,,
69a1959cd258b01c420b07f3,2026-02-28T05:01:23.129Z,union.coop,business,instagram,Reel,"من دفء التجمعات العائلية إلى لذة تناول الوجبات الخفيفة في وقت متأخر من الليل وقضاء الوقت مع الأهل والأصدقاء، هذه هي اللحظات التي ترسم أجمل الذكريات في الشهر الفضيل.
سألنا متسوقينا الأعزاء في تعاونية الاتحاد: ما الذي يجعل شهر رمضان مميزاً؟
شاركونا آراءكم!

 #تعاونية_الاتحاد #رمضان_في_دبي

From cherished family gatherings to late-night treats and time with loved ones, these are the moments that shape Ramadan. 
We asked Union Coop shoppers what makes Ramadan special.
What would you add?

#Union_Coo…",https://www.instagram.com/reel/DVSgC_vgkSt/,,69,5,,2.58,4511,9,8,3521,0,,,,91,,,
698196d61cdf01d1c0049898,2026-02-03T06:34:54.092Z,union.coop,business,instagram,Reel,"نتمنى لكم كل البهجة والمرح بمناسبة حق الليلة.
احتفلوا معنا بأجواء مميزة في تعاونية الاتحاد، وتسوقوا الحلويات والهدايا وكل ما يلزم هذه المناسبة لأجواء عائلية دافئة لا تُنسى. 
#تعاونية_الاتحاد

Wishing our community a lovely Hag Al Leila 
Celebrate Hag Al Leila with Union Coop.
Shop festive treats and sweet surprises for family and loved ones now!
#Union_Coop",https://www.instagram.com/reel/DUSS5NQDQCn/,,68,4,,4.63,2441,8,3,1815,0,,,,84,,,
6a96e639b36922b34f2f1a1b,2026-09-01T14:51:34.586Z,union.coop,business,instagram,Reel,".

تسوّقكم اليومي أصبح أكثر تميزاً في أبراج بحيرات جميرا.

وجهتكم الجديدة والمثالية للمستلزمات اليومية والوجبات الخفيفة والتسوّق السريع.

تسوّقوا كل ما تحتاجونه في تعاونية الاتحاد، فرع أبراج بحيرات جميرا، بمنتهى السهولة، وواصلوا يومكم بكل راحة.

📍  أبراج بحيرات جميرا (JLT) - المجمع Y - طابق البوديوم.

🕐 ساعات العمل: 6:30 صباحاً- 2:00 صباحاً (يومياً )

#تعاونية_الاتحاد #أبراج_بحيرات_جميرا

JLT, your neighborhood just got better!

Your new go-to for everyday essentials, snacks and quick picks. P…",https://www.instagram.com/reel/Dcv6qYnjbp0/,,67,2,,5.37,2568,27,6,1917,0,,,,103,,,
69e676949002ce1356d61fa6,2026-04-19T06:07:26.000Z,union.coop,business,instagram,Reel,".
كل ما تحتاجونه من إلكترونيات في مكان واحد! 

من المستلزمات اليومية إلى أحدث الأجهزة الذكية والتقنيات المنزلية التي لا يمكنكم الاستغناء عنها تجدونها في قسم الإلكترونيات في تعاونية الاتحاد فرع ند الشبا.

بانتظار زيارتكم!

#تعاونية_الاتحاد #ند_الشبا #تريند #الكترونيات

From everyday essentials to the latest must-haves, the electronics section at Union Coop Nad Al Sheba has it all under one roof. Explore a wide range of gadgets, home tech, and more, all in one place.

#Union_Coop",https://www.instagram.com/reel/DXTXWQ9CMWv/,,66,0,,3.56,2772,1,3,2049,,,,,73,,,
6994608b6e92bbdcd509638f,2026-02-18T07:01:52.028Z,union.coop,business,instagram,Reel,".
استمتع بهذا الطبق الفلبيني الشهي حيث يُطهى الدجاج مع صلصة غنية بمذاق حامض ولذيذ.

المكونات:
• 1 كيلوغرام من أفخاذ الدجاج
• 200 غرام من الزبدة
• 2 فصوص من الثوم
• 1 بصلة
• 2 ملعقة صغيرة من صلصة الصويا
• 5 ملاعق صغيرة من الخل الأبيض
• 3-4 أوراق غار
• 1 ملعقة صغيرة من الفلفل
• 2 ملعقة صغيرة من صلصة المحار
• 1 مكعب دجاج
• 1 ملعقة صغيرة سكر بني
• رشة فلفل حار، رشة ملح
• 1 كوب ماء
• 3-4 ملاعق صغيرة زيت طهي
• 2 ملعقة صغيرة بصل أخضر (اختياري)

طريقة التحضير:
ينقع الدجاج في صلصة الصويا والخل مع نصف كمي…",https://www.instagram.com/reel/DU497WRlsM3/,,64,0,,6.61,1660,8,3,1196,0,,,,79,,,
6a7f46be98f986f1b1106c8a,2026-08-14T16:48:58.796Z,union.coop,business,instagram,Reel,".
من مزارع لبنان بكل فخر.

يصل إليكم طازجاً يومياً عبر الشحن الجوي.
بطيخ خالٍ من البذور، ناضج، وحلو المذاق بطبيعته.

تذوّقوه مجاناً في تعاونية الاتحاد.

📍 اتحاد مول: اليوم حتى الساعة 10:00 مساءً
📍 الخوانيج: غداً من الساعة 10:00 صباحاً حتى 10:00 مساءً
📍 البرشاء مول: يوم الأحد من الساعة 10:00 صباحاً حتى 10:00 مساءً

#تعاونية_الاتحاد #بطيخ_بدون_بذور #تذوق_مجاني

Proudly grown in Lebanon.

Flown in fresh daily.

Seedless, ripe and naturally sweet watermelon.

📍 Etihad Mall today until 10pm
📍 Al…",https://www.instagram.com/reel/DcBxykHgATd/,,62,18,,2.49,7214,51,4,5501,0,,,,137,,,
69b3e1990663e6743c03980a,2026-03-13T10:07:16.817Z,union.coop,business,instagram,Reel,".
في هذا الشهر الكريم، مساهمتك البسيطة قد تحمل معنى عميقاً لعائلة محتاجة.

انضم إلينا في تعاونية الاتحاد مع مؤسسة ""عائلة العطاء"" ومنصة ""تراحم"" الخيرية في حملة دعم العائلات المحتاجة عبر صناديق العطاء المتوفرة بثلاثة خيارات: 50 درهم، 100 درهم و150 درهم.

كل صندوق يحتوي على مواد غذائية أساسية عالية الجودة لإعانة العائلات خلال شهر رمضان المبارك.
وتذكر أنه لا يوجد تبرع صغير. كل درهم يساهم في توفير الأساسيات  لمن هم أحوج إليها.

الطريقة سهلة جداً، امسح رمز QR المرفق ، قدم تبرعك في ثوان معدودة وكن جزءا…",https://www.instagram.com/reel/DV0hZyJCB0p/,,62,0,,3.27,2706,8,2,2202,0,,,,72,,,
6a8fc5f545b792fa308d47e2,2026-08-28T04:00:51.037Z,union.coop,business,instagram,Reel,".

إلى من صنعن المجد وكتبن قصة النجاح، كل عام وأنتنّ روح الوطن.

نفخر بالمرأة الإماراتية فخراً لا حدود له، فأنتنّ ركنٌ أساسي في مسيرة نهضة وطننا، واليد التي تبني مستقبلاً واعداً، جيلاً بعد جيل.

عيد سعيد للمرأة الإماراتية.

#تعاونية_الاتحاد #يوم_المرأة_الإماراتية 

We take immense pride in all the women of UAE. You play a pivotal role in our nation’s growth.

Generation after generation, you continue to shape our progress.

Happy Emirati Women’s Day. 

#Union_Coop #EmiratiWomensDay",https://www.instagram.com/reel/DckdDBTlvIm/,,61,6,,11.15,1676,55,4,1157,0,,,,129,,,
6a13542109588c1bc19e49e9,2026-05-24T06:12:01.000Z,union.coop,business,instagram,Post,".
44 عاماً ليست مجرد رقم، بل قصة نجاح صنعناها معاً، جنباً إلى جنب.

ومنذ اليوم الأول، تشكّلت مسيرة تعاونية الاتحاد بفضل المجتمع الذي نفخر بخدمته دائماً.
شكراً لأنكم كنتم وما زلتم جزءاً من قصتنا.

#تعاونية_الاتحاد #٤٤عاماً_من_تعاونية_الاتحاد 

For 44 years, Union Coop has grown alongside the communities we service. Since day one, Union Coop’s journey has been shaped by the people we proudly serve. Thank you for being part of our story.

#Union_Coop #44Years_Of_Union_Coop",https://www.instagram.com/p/DYtf0YWDRTD/,,61,3,,4.56,3870,3,0,1535,0,,,,70,,,
6a055d546676e71b6b021b5c,2026-05-14T05:27:56.010Z,union.coop,business,instagram,Post,".
""في هذا اليوم نجدد الولاء والانتماء لقيادتنا الرشيدة، ونؤكد اعتزازنا بما تحقق للوطن من إنجازات نوعية في مختلف المجالات، بفضل رؤيتها الطموحة التي وضعت الإنسان في صميم التنمية، وأسهمت في تعزيز جودة الحياة وترسيخ مكانة الإمارات بين دول العالم المتقدمة.""

 محمد الهاشمي، الرئيس التنفيذي لتعاونية الاتحاد.

“On this significant occasion, we renew our loyalty and allegiance to our wise leadership and express our pride in the exceptional achievements accomplished across various sectors. These milestone…",https://www.instagram.com/p/DYTqz9Vjflu/,,60,1,,3.89,2824,5,4,1823,2,,,,71,,,
69ff7d7dfe69400e9800d153,2026-05-09T18:32:23.195Z,union.coop,business,instagram,Reel,".
كلما اشتريت أكثر، زادت فرصك بالفوز أكثر! 
كل 200 درهم تساوي فرصة واحدة، وكل 1000 درهم تساوي 10 فرص!

امسح باركود بطاقة تميّز الرقمية عند الدفع، وتحقق من فرصك في قسم تميّز على تطبيق تعاونية الاتحاد وذلك قبل كل سحب أسبوعي يوم الاثنين.
#مليونير_الاثنين#تميّز #تعاونية_الاتحاد 

The more you shop, the more chances you get. AED 200 gets you in. AED 1,000 gets you 10 entries. Scan your Digital Tamayaz barcode at checkout. Check your entries in the Tamayaz section before every Monday's draw.

 #Millio…",https://www.instagram.com/reel/DYIMhO1AOQw/,,60,0,,2.48,3778,7,2,2819,0,,,,70,,,
6a7b01bb145dcd3f6d223cee,2026-08-11T11:05:27.453Z,union.coop,business,instagram,Reel,".
واحد من بين أفضل المقاهي المحلية المفضلة، الآن أقرب إليك ☕️

يسعدنا أن نرحّب بـ أورورا للقهوة المختصة في تعاونية الاتحاد، الاتحاد مول، حتى 22 أغسطس. 

زورونا الآن!

من 10 صباحًا إلى 10 مساءً

#تعاونية_الاتحاد

A local favourite, now closer to you. ☕️

We’re happy to welcome Aurora Specialty Coffee to Union Coop, Etihad Mall, until 22 August.

Visit us now!

10AM - 10PM

#Union_Coop

@aurora.specialty",https://www.instagram.com/reel/Db5cIZeD5xj/,,59,0,,3.78,3720,42,7,3019,0,,,,114,,,
6a6794b8544e5912d804f1eb,2026-07-27T20:20:06.533Z,union.coop,business,instagram,Post,".
اليوم فقط! 

وّفر 50% وأكثر مع عروض منتصف الأسبوع الحصرية في فروع تعاونية الاتحاد .

 خطوة مهمة قبل التسوق: فعّل العروض عبر صفحة تميّز على تطبيق تعاونية الاتحاد لتستمتع بالخصومات! 

 الكميات تنفد سريعاً سارع قبل انتهائها!

جديدنا معك كل يوم ثلاثاء حيث الخيارات أكثر والتوفير أكبر!

#تعاونية_الاتحاد #عروض_منتصف_الأسبوع

🚨 TODAY ONLY! 🚨

Save 50% OFF & MORE with our Mid-Week Deals! 🛒✨

These exclusive offers are available in-store only, so don't forget to activate them on the Tamayaz page of t…",https://www.instagram.com/p/DbTzu0sIAjA/,,58,2,,3.42,8975,40,8,3423,0,,,,117,,,
6a93b8b968504d38c579aaa2,2026-08-29T13:11:34.000Z,union.coop,business,instagram,Reel,".

لعشاق التوت خبر رائع بانتظاركم في اتحاد مول!​

انضموا إلينا في فعالية التذوق المجاني لتشكيلة شهية من توت دريسكولز الطازج. تفضلوا بزيارتنا اليوم واستمتعوا بأجمل اللحظات.​

📍 اتحاد مول ​

📅 29–30 أغسطس ​

⏰ 4 مساءً–11 مساءً ​

#تعاونية_الاتحاد #دريسكولز #تذوق_التوت #اتحاد_مول​

Berry good news! 🍓🫐​

Join us at Etihad Mall for a free mixed berry tasting with Driscoll’s!

Come discover, taste and enjoy your favourite berries.​

📍 Etihad Mall​
📅 29–30 August​
⏰ 4 PM–11 PM​

See you there!​

…",https://www.instagram.com/reel/DcoAvQEIlCg/,,57,1,,2.05,4968,8,4,3654,,341.02,5.58,,75,,,
69b514f8e25d0b90f10eb7d6,2026-03-14T08:01:36.702Z,union.coop,business,instagram,Reel,".
ليكن عيد الفطر هذا أكثر حلاوةً مع كل الأحباء🌙

اطلبوا سلة فواكه العيد مسبقاً عبر تطبيق تعاونية الاتحاد. واختاروا من بين 5 أحجام. ثم حددوا تاريخ التسليم أو الاستلام في الوقت المناسب لكم، واستمتعوا بمنتجاتنا الطازجة.

#تعاونية_الاتحاد#العيد_في_دبي

Make this Eid sweeter for the people you love. 🌙

Pre-order your Eid fruit basket on the Union Coop App. Choose from 5 sizes, select your delivery or pick-up date, and enjoy freshness at your convenience.

Perfect for family, friends, and loved ones…",https://www.instagram.com/reel/DV23wP8Aa45/,,55,2,,1.34,5595,2,1,4469,0,,,,60,,,
69fe1e59baee7b03650b0b36,2026-05-08T17:36:14.914Z,union.coop,business,instagram,Reel,".
الإثارة الحقيقية تبدأ يوم الاثنين!
مليون نقطة من تميز تصل قيمتها إلى 16,700 درهم كل أسبوع.
30 أسبوع، 30 مليونير.
تسوق في تعاونية الاتحاد عبر التطبيق أو في فروعنا، واشتر بقيمة 200 درهم أو أكثر، ثم امسح بطاقة تميز الرقمية الخاصة بك عند الدفع، لتدخل السحب. 
تخيل أن تكون أنت المليونير الاثنين المقبل!
تطبق الشروط والأحكام.
#تعاونية_الاتحاد #اثنين_المليونير #مليونير_تميز 

Mondays just got an upgrade!
Win 1,000,000 Tamayaz points worth up to AED 16,700 every single week. 
30 Mondays. 30 Millionaires…",https://www.instagram.com/reel/DYFhJ4ckacO/,,55,0,,3.19,3097,15,4,2385,0,,,,76,,,
69b512812b41f6f0a50d4d05,2026-03-14T07:48:14.154Z,union.coop,business,instagram,Reel,"⁨	.
تقدم لكم فاطمة علي بن سالم باكورا ذهبية ومقرمشة،  مثالية للتحضير في غضون 30 دقيقة فقط

طريقة التحضير:

يقطع البصل والبطاطس والجزر إلى شرائح رفيعة في وعاء، يخلط دقيق الحمص والتوابل والملح والبيكنج باودر، ثم يضاف الماء ببطء لعمل عجينة سميكة. تضاف الخضار وتخلط جيداً. يسخن الزيت في مقلاة ويقلى جزء صغير من العجينة حتى يصبح ذهبي اللون ومقرمش. يرفع ويوضع على ورق المناديل قبل التقديم.
#تعاونية_الاتحاد #باكورا #وصفات_رمضان

Fatma Ali Bin Salem serves up golden, crispy Pakoras. The perfect crunchy bit…",https://www.instagram.com/reel/DV22SOCjhoC/,,55,0,,4.93,1743,8,4,1360,0,,,,67,,,
6a45f72e821dead6fa0ccd03,2026-07-02T05:30:30.139Z,union.coop,business,instagram,Reel,".
هل تعتقد أنك تتمتع بالمهارات المطلوبة؟ 

لا داعي لأن تكون لديك مهارات كروية خارقة للفوز هذا الموسم. اختبر معلوماتك حول المباريات مع لعبة تميز ""العب واربح“. 

 توقع الفائزين يومياً واكسب فرصاً في السحب مع كل توقع صحيح، واحصل على فرصة للفوز بسيارة Jetour T2.

العب مجاناً على تطبيق تعاونية الاتحاد. اشترك في تميّز اليوم واجعل كل مباراة حاسمة.

حمّل التطبيق وابدأ الحماس.

#تعاونية_الاتحاد #كأس_العالم 

Think you have what it takes? ⚽✨

You don't need fancy ball skills to win this season. Put your m…",https://www.instagram.com/reel/DaR18QmjC67/,,54,6,,5.42,2619,35,0,1808,0,,,,98,,,
6a54f715cb6e0180dc0da5fd,2026-07-13T20:01:32.859Z,union.coop,business,instagram,Post,".
عروضنا الأسبوعية بخصم 50% بانتظاركم! 

تفضلوا بزيارة تعاونية الاتحاد اليوم للاستفادة من أقوى الخصومات، واجعلوا من يوم الثلاثاء موعدكم الأسبوعي الثابت للتوفير الذكي، حيث نطرح لكم باقة جديدة من المنتجات بنصف السعر أسبوعياً.

 ننتظركم في فروعنا! 

#تعاونية_الاتحاد 

Our midweek 50% deals are live right now! Head to Union Coop today to shop the offers, and make it a weekly habit- we’re dropping new half-price deals every single Tuesday. See you in the aisles! 🛍️

#Union_Coop",https://www.instagram.com/p/DavubM1oBZ1/,,54,0,,3.28,8643,47,8,3471,0,,,,114,,,
69b13dab50e82cd2640b7570,2026-03-11T10:04:04.347Z,union.coop,business,instagram,Reel,"الفتة:
تتكون الفتّة من طبقات شهية تجمع بين الغنى في النكهة والأصالة.
استمتعوا بهذا الطبق من إعداد الشيف ولاء حسن

المكونات:
لحم (1 كجم)، 2 بصل مفروم (حوالي 300 غرام)، ثوم (4 فصوص مفرومة)، أرز أبيض (500 غرام)، خبز عربي (4 قطع، مقطعة ومحمصة)، صلصة طماطم (2 كوب / 400 غرام)، خل (2 ملعقة كبيرة)، ملح (2 ملعقة صغيرة أو حسب الرغبة)، فلفل أسود (1 ملعقة صغيرة)، زيت طهي (3 ملاعق كبيرة)، بهارات منوعة (1 ملعقة كبيرة)

طريقة التحضير:
يُحمّر اللحم مع البصل المفروم والتوابل والملح والفلفل الأسود على نار متوسطة …",https://www.instagram.com/reel/DVvXdJijxkq/,,52,9,,6.68,1393,10,2,1093,0,,,,73,,,
69cf74d9e3238a65f601c456,2026-04-05T06:01:10.842Z,union.coop,business,instagram,Reel,".
رائحة حساء واحدة تكفي لتعود بك سنوات للوراء.
بمناسبة اليوم العالمي للحساء، نود أن نسألكم، ما الحساء الذي يسكن ذاكرتكم منذ الطفولة؟
شاركونا إجاباتكم في التعليقات، أجملها وأكثرها تأثيراً سيفوز بسلة من أشهى أنواع الحساء.

تطبق الشروط والأحكام.
#تعاونية_الاتحاد #اليوم_العالمي_للحساء

It's International Soup Day 🍲 and we want to know — what's the soup you grew up with? Comment your favorite below. The most heartwarming answer wins a comforting hamper of soups. 

T&Cs apply. 
#Union_Coop #Internati…",https://www.instagram.com/reel/DWvTjOyEUja/,,51,28,,8.88,1486,17,0,1103,0,,,,98,,,
6a43c5b6671c4ee9e705cadd,2026-06-30T12:04:07.000Z,union.coop,business,instagram,Post,".
يتشرف مجلس إدارة تعاونية الاتحاد بدعوتكم لحضور اجتماع الجمعية العمومية لاستصدار قرار خاص بشأن اعتماد نتائج الدراسة التفصيلية للتحول وتغيير الشكل القانوني للتعاونية إلي شركة مساهمة عامة.

 وذلك في تمام الساعة 4 عصراً يوم الأربعاء الموافق 08 يوليو 2026 إلكترونياً (عن بُعد) وكذلك حضورياً في الورقاء سيتي مول الطابق الثاني.

للمزيد، اتصل على 8008889.",https://www.instagram.com/p/DaNZhqXiIjL/,,51,2,,2.78,10196,55,8,4211,2,,,,117,,,
6a80736feba21c74defcb9c1,2026-08-15T14:11:56.030Z,union.coop,business,instagram,Reel,".

سنتربوينت وصل وأصبح جاهزاً لمستلزماتك المدرسية! 

كل ما يحتاجه أبناؤكم للعودة إلى المدارس أصبح في مكان واحد! تفضلوا بزيارة متجر سنتربوينت المؤقت في البرشاء مول.

نستقبلكم حتى 31 أغسطس!

#تعاونية_الاتحاد #البرشاء_مول #سينتربوينت 

Centrepoint has arrived; your school checklist is sorted. Visit the pop-up at Al Barsha Mall. Here till 31st August. 

#Union_Coop #Centrepoint

@centrepointme",https://www.instagram.com/reel/DcEEnCckVgg/,,51,0,,2.67,3405,11,6,2623,0,,,,70,,,
6aa8138963236999d0f7cd14,2026-09-14T15:33:27.427Z,union.coop,business,instagram,Reel,".

تهانينا لأحمد كمال سجواني بمناسبة فوزه بسيارة «جيتور تي1 » الجديدة كلياً! 

شكراً من القلب لكل من شاركنا خلال موسم العودة إلى المدارس. 

#تعاونية_الاتحاد #جيتور_تي1

Congratulations to Ahmad Kamal Sajwani on winning a brand-new Jetour T1! 🚗✨

Thank you to everyone who took part this Back to School season. 

#Union_Coop #JetourT1",https://www.instagram.com/reel/DdRdyHxFT2P/,,50,8,,6.54,1618,4,0,963,0,,,,63,,,
699eaa773b4a91e1f00a81f9,2026-02-25T07:54:25.472Z,union.coop,business,instagram,Reel,"استمتعوا بطبق الكسكس بالخضار الشهي المطهو على البخار، والغني بالخضروات والتوابل والأعشاب العطرية.

المكونات:
(500) غرام من حبوب الكسكس، (500) غرام من اللحم المجفف، (100) غرام من معجون الطماطم، (50) غرام من مسحوق الفلفل الحار، (50) غرام من مسحوق الكزبرة، (10) غرام فلفل أسود، (5) غرام نعناع مجفف، (1) ملعقة صغيرة ملح، (1) ملعقة صغيرة معجون ثوم، (100) مل زيت زيتون، (3) بصلات مفرومة، (2) جزر مفروم، (2) بقدونس مفروم، (1) سبانخ، (2) شبت.

طريقة التحضير:
تُضاف الخضار والتوابل والكسكس ومعجون الطماطم والز…",https://www.instagram.com/reel/DVLFeoKjXyC/,,49,3,,5.39,1481,4,1,1095,0,,,,59,,,
69b903502c23da7164019d83,2026-03-17T07:34:27.059Z,union.coop,business,instagram,Reel,".
يجمع طبق «البلاليط» بين المذاق الحلو والنكهة الأصيلة وسهولة التحضير. استمتعوا الآن بالطبق التقليدي الأشهر، مباشرة من مطبخ فاطمة علي بن سالم في غضون 15 دقيقة فقط.

طريقة التحضير:

يُغلى الماء في قدر وتُطهى الشعيرية حتى تنضج. تُصفى جيدًا ثم يُضاف السكر. في مقلاة منفصلة، يُسخن السمن ويُقلى البيض حسب الرغبة. 

تُعاد الشعيرية إلى القدر، ثم يُضاف الهيل والزعفران المنقوع في ماء الورد. يُخلط المزيج ببطء حتى تمتزج النكهات ويُقدم دافئاً، مع إضافة البيض المقلي والمكسرات فوقه.

#تعاونية_الاتحاد #أطباق_إما…",https://www.instagram.com/reel/DV-i4tajcJU/,,49,1,,5.44,2115,39,4,1709,0,,,,93,,,
6989e85f03a5b0830f00934b,2026-02-09T14:00:31.458Z,union.coop,business,instagram,Reel,"حقق أقصى استفادة مع بطاقة Liv تميّز الائتمانية الجديدة
خصومات نقدية على مشتريات البقالة والمطاعم والوقود وغيرها الكثير، مع مكافأة ترحيبية بقيمة 1,000 درهم بانتظارك.
احصل على بطاقتك اليوم واستمتع بمزايا أكثر في كل عملية شراء!
تطبق الشروط والأحكام
#بطاقة_تميّز_ليف #تعاونية_الاتحاد #بنك_الإمارات_دبي_الوطني 

Maximize your rewards with the Liv Tamayaz Card.
Enjoy cashback on grocery shopping, dining, fuel, and more, plus an AED1,000 welcome bonus.
Get your card today!
T&C apply.
#Union_Coop #LivTama…",https://www.instagram.com/reel/DUiitmxAn6U/,,49,0,,0.02,4705,17,6,3145,,,,,73,,,
69b65df949c78532b80cf6b6,2026-03-15T07:22:27.714Z,union.coop,business,instagram,Reel,"⁨	.
استمتعوا بحلويات «ماها بلانكا» من إعداد ""جيني سومايو كارورو"" والمزينة برقائق جوز الهند المحمصة، والتي تتميز بقوامها الناعم والحريري، مثالية لتكون من حلويات العيد.

طريقة التحضير:
يخلط نشاء الذرة مع القليل من حليب جوز الهند حتى يصبح المزيج ناعماً. في قدر، يُسخن ما تبقى من حليب جوز الهند، والحليب المبخر، والسكر، والملح حتى يتجانس المزيج ثم يُضاف مزيج نشا الذرة ببطء مع التحريك المستمر حتى يصبح  سميكاً. تضاف الذرة والفانيليا، ويُخلط المزيج جيداً، ثم يُسكب في طبق ويُملّس السطح. يُترك ليبرد ويُحفظ…",https://www.instagram.com/reel/DV5YIj2CY8O/,,48,2,,3.87,1784,1,3,1422,0,,,,55,,,
69d8c5c2e726cc2d700c5543,2026-04-11T06:00:28.491Z,union.coop,business,instagram,Post,".
في اليوم العالمي للحيوانات الأليفة نحنفل بأكثر أفراد العائلة بهجة!
ويسرنا التعرف على حيوانك الأليف المفضل.

كيفية المشاركة:

•	شارك صورة لحيوانك الأليف في التعليقات
•	علق بالإشارة إلى حسابنا @union.coop 
•	استخدم هاشتاج #MyunioncoopPet

سيحصل الفائز على سلة من أغذية الحيوانات الأليفة. تنتهي المشاركة في 14 أبريل.

تطبق الشروط والأحكام.
#تعاونية_الاتحاد #طعام_الحيوانات_الأليفة

It's National Pet Day and we want to meet your furry family member. 
Here's how to enter: Post a picture of your pet, T…",https://www.instagram.com/p/DW-wSwKjV8s/,,47,26,,11.01,3087,113,3,1725,3,,,,190,,,
6a5e9b57a8102cfc7fc16678,2026-07-20T20:01:33.000Z,union.coop,business,instagram,Post,".
منتصف الأسبوع، وهذا يعني خصومات 50% وأكثر على منتجات أساسية! تسوّقوا بذكاء واستمتعوا بتوفير حقيقي في أقرب فرع لتعاونية الاتحاد.

📍 هذا العرض متوفر في الفروع فقط.
📲 فعّلوا عروضكم عبر تطبيق تميّز، ثم توجّهوا إلى أقرب فرع للاستفادة منها.
⏳ عروض جديدة كل ثلاثاء، حتى نفاد الكمية.

#تعاونية_الاتحاد #عروض_منتصف_الأسبوع

It is just mid-week. But it is bringing 50% off or more on essentials. Head to your nearest Union Coop for a round of smart mid-week shopping. ​

In-store only
📲 Activate your offe…",https://www.instagram.com/p/DbBwD_MEcmT/,,47,3,,3.13,9160,56,7,3678,2,,,,115,,,
69bb9845c639298ecb063096,2026-03-19T15:02:19.155Z,union.coop,business,instagram,Reel,".
في عيد الفطر، نحتفي بكل ما يجمعنا.

بالابتسامات المتبادلة والصلوات الخاشعة، وذلك الترابط الذي لا يُعوَّض. من كل بيت إلى كل قلب، نتمنى أن يغمر هذا العيد أيامكم بالدفء والفرح والمحبة.

عيد مبارك من عائلتنا ""تعاونية الاتحاد"" إلى عائلاتكم جميعاً.

#تعاونية_الاتحاد #العيد_في_دبي #عيد_الفطر

This Eid, we honor the moments that bring us together.

We celebrate the shared smiles, the quiet prayers, and the strength we find in unity. From every home to every heart, may your celebrations be filled with …",https://www.instagram.com/reel/DWEf6Legn2i/,,47,1,,3.56,1824,1,3,1460,0,,,,52,,,
6a5092950ee7039f8503b0b6,2026-07-10T10:01:24.405Z,union.coop,business,instagram,Reel,".
هناك من يعيش كرة القدم… وهناك من يعلّق عليها. 🎙️

 نقلنا أجواء كأس العالم مباشرةً إلى فروعنا في تعاونية الاتحاد لنرى من يستطيع إظهار شغفه الحقيقي في يوم المباراة. أما أنت فلست بحاجة إلى أن تكون خلف الميكروفون لتفوز بجوائز كبيرة هذا الموسم. 

كل ما عليك فعله اللعب بذات الحماس والشغف مع لعبة تميّز الجديدة «العب واربح». افتح تطبيق تعاونية الاتحاد وتوقع الفائزين في المباريات يومياً وقد تربح سيارة «جيتور T2» الجديدة كلياً. 

 #تعاونية_الاتحاد #كأس_العالم 

Some people are just born commentators. �…",https://www.instagram.com/reel/Dam7WAhDVQS/,,46,10,,3.49,2977,11,7,2294,0,,,,80,,,
69931ed2ab51b468f10fc450,2026-02-16T13:42:58.114Z,union.coop,business,instagram,Post,".
🎁 بطاقة خيرات… هدية رمضان المثالية 🌙
شارِك الخير في هذا الشهر الفضيل، متوفرة الآن في جميع فروع تعاونية الاتحاد.
#رمضان #رمضان_في_دبي #هدايا_رمضان #بطاقة_خيرات #تعاونية_الاتحاد

🎁 The Perfect Ramadan Gift 🌙
Share goodness this holy month with the Khairaat Card, now available at all Union Coop stores.
#Ramadan #RamadanInDubai #DubaiRamadan #RamadanGifts #KhairaatCard #Union_Coop",https://www.instagram.com/p/DU0iTWBlp2O/,,46,2,,3.81,4013,7,4,1628,0,,,,62,,,
6a7453c6f68df6582a4b0134,2026-08-06T09:31:37.805Z,union.coop,business,instagram,Reel,".
من مساهم إلى مالك منزل في دبي! 

ألف مبروك للفائز «حسين كاظم» الذي انضم حديثاً لقائمة الرابحين في مسابقة «اربح منزلك في دبي»!

هل ستكون أنت الفائز التالي؟ 

الفرصة ما زالت بانتظارك! أرسل فواتيرك بقيمة 500 درهم أو أكثر، وادخل السحب الأسبوعي فوراً.

السحوبات مستمرة والإعلان عن الفائزين يتم أسبوعياً حتى نهاية الشهر. لا تفوّت فرصتك!

#تعاونية_الاتحاد #بن_غاطي #اربح_منزلك_في_دبي

From Union Coop shareholder to homeowner. Congratulations to Hussain Kazim, who has received the keys to his new home as…",https://www.instagram.com/reel/DbsZNXRAqq3/,,46,0,,2.19,4102,11,5,2917,0,,,,64,,,
697763a5b2a478145203e40a,2026-01-26T12:55:50.176Z,union.coop,business,instagram,Reel,"⁨	يأتيك هذا الشهر المبارك بالخير والفرص، وتمنحك مشترياتك اليومية أكثر مما تتوقع!
تسوق في تعاونية الاتحاد، ومع إنفاقك لكل 150 درهم قد تكون سيارة جيتور من نصيبك.
ففي هذا الموسم المكافآت أبعد من مجرد عملية شراء!
تسوق أينما كنت واجعل كل عملية شراء خطوة نحو ربح أكبر.

#تعاونية_الاتحاد #تسوق_واربح #رمضان_في_تعاونية_الاتحاد #جيتور 

This Ramadan, your everyday shopping could take you further.
Shop at Union Coop and get a chance to win a Jetour with every AED 150 spent.
Because this season, the rewards …",https://www.instagram.com/reel/DT-X_LBj5x2/,,46,0,,4.87,1723,10,3,1212,0,,,,59,,,
6a76cb80314479438e24d299,2026-08-08T08:00:32.818Z,union.coop,business,instagram,Reel,".
قرمشة كريمية، وطعم شوكولاتة لا يُقاوم! 

كان يجب أن نعرف سر الإقبال على «كرواسون ماغنوم» الذي اجتاح مواقع التواصل الاجتماعي! وبعد التجربة يمكننا القول إنه يستحق كل هذه الشهرة وبجدارة. 

مستعد لتجربته بنفسك؟ 

احصل على مكوناته الآن من تعاونية الاتحاد، واستمتع بتحضير الترند الأشهى على الإطلاق. 

#تعاونية_الاتحاد #وصفات_شهيرة #كرواسان_ماغنوم

Crispy, creamy, chocolatey... we had to see what the hype was all about! 🥐🍫 we tried the viral Magnum Croissant, and let's just say it's worth the trend. …",https://www.instagram.com/reel/DbxYmxLlOp-/,,45,1,,1.82,5666,28,6,4451,0,,,,81,,,
6a35613f9fc0059e2e0d2e54,2026-06-19T15:34:21.357Z,union.coop,business,instagram,Reel,".
في مدينة دبي التي لا تعرف الانتظار، نسابق الزمن لنكون دائماً في الطليعة. كل منتج في تعاونية الاتحاد يروي قصة إنصاتٍ عميق لنبض دبي واحتياجات سكانها. إن نجاحنا ليس مجرد أرقام، بل هو أثر إيجابي نتقاسمه مع المجتمع.
تعاونية الاتحاد، حيث تتجسد رؤية دبي الأفعال إلى واقع يسبق الغد.

#تعاونية_الاتحاد #دبي_الأفعال 

Dubai doesn't wait. Neither do we. Every product on our shelves started with listening. To this city, to its people, to what they need. Then we went and got it. And it doesn’t stop there. We…",https://www.instagram.com/reel/DZxcu4lEQzV/,,45,0,,3.70,1925,0,1,1353,0,,,,50,,,
69b7ed19bceac74cfc08c4ca,2026-03-16T11:45:24.042Z,union.coop,business,instagram,Reel,"⁨	.
يقدم لكم ”آشيش نيلكانث كودتاركار“ الطبق الكلاسيكي الأكثر شهرة: الدجاج بالزبدة الكريمية! يُطهى الدجاج الطري المتبل بالزبادي والتوابل، ويُترك على نار هادئة في صلصة الطماطم والكاجو ذات القوام المخملي اللذيذ.

طريقة التحضير: 
ينقع الدجاج في الزبادي ومعجون الزنجبيل والثوم وعصير الليمون والتوابل والزيت والملح لمدة ساعة على الأقل. ثم يُقلى الدجاج قليلاً في الزبدة أو الزيت ويُوضع جانباً. في قدر، تطهى التوابل الكاملة والبصل في الزبدة حتى يصبح لونها ذهبياً، ثم تضاف الطماطم والكاجو وتطهى حتى تصبح طرية.…",https://www.instagram.com/reel/DV8bBZOiQoB/,,44,3,,5.69,1538,22,2,1247,0,,,,71,,,
6a93cfc4a94bc80ac1d41fe3,2026-08-30T07:01:17.631Z,union.coop,business,instagram,Reel,".

طازجة وموسمية ومذاق غني.

تسوقوا تشكيلة متنوعة وغنية من الفواكه والخضروات الطازجة وغيرها من المنتجات المزروعة محلياً. 

تفضلوا بزيارة أقرب فرع لتعاونية الاتحاد.

#تعاونية_الاتحاد #زراعة_محلية 

Fresh, seasonal and full of flavour. 🍎🥬🍊

Discover a vibrant assortment of fresh fruits and vegetables, including locally grown favourites, waiting for you in store. 

#Union_Coop #Locallygrown",https://www.instagram.com/reel/Dcp7OzMihd4/,,44,1,,3.14,2066,1,2,1562,0,,,,49,,,
6a493f26005b07e5cc0bb825,2026-07-04T17:14:10.309Z,union.coop,business,instagram,Reel,".
برنامج ولاء لا يقارن بأي برنامج آخر.
رأيتم اللوحة؟
 غيروا وجهتكم إلى تعاونية الاتحاد. 

The store loyalty program that’s way above the rest. You’ve seen the sign. Make the switch to Union Coop.",https://www.instagram.com/reel/DaYQFCXEcWG/,,43,1,,3.95,1939,6,2,1368,0,,,,54,,,
6a0f042a0cafcb172f0f68a5,2026-05-21T13:11:01.878Z,union.coop,business,instagram,Reel,".
ما الذي كان يختبئ في رفوف متاجرنا؟ 
المزيد من العروض المميزة في تسوقك الأسبوعي في انتظارك، لا تفوّتها!

#تميّز #تعاونية_الاتحاد #5أضعاف 

What’s been hiding in our aisles? 👀 There’s more value in your weekly shop than you think. Stay tuned.

 #Union_Coop #Tamayaz #5XMore",https://www.instagram.com/reel/DYmhTXREvFR/,,43,1,,3.72,1763,0,0,1236,0,,,,46,,,
6a7c5c939fa1687d78735d5a,2026-08-12T11:45:23.270Z,union.coop,business,instagram,Reel,".
واحد من بين أفضل المقاهي المحلية المفضلة، الآن أقرب إليك ☕️

يسعدنا أن نرحّب بـ أورورا للقهوة المختصة في تعاونية الاتحاد، الاتحاد مول، حتى 22 أغسطس. 

زورونا الآن!

من 10 صباحًا إلى 10 مساءً.

#تعاونية_الاتحاد
A local favourite, now closer to you. ☕️

We’re happy to welcome Aurora Specialty Coffee to Union Coop, Etihad Mall, until 22 August.

Visit us now!

10AM - 10PM

#Union_Coop

@aurora.specialty",https://www.instagram.com/reel/Db8Fc1hj0v5/,,43,0,,2.67,2866,9,2,2172,0,,,,58,,,
69b15643daafbfd3c601fade,2026-03-11T11:47:31.752Z,union.coop,business,instagram,Post,".
شهر رمضان يذكرنا بقيم الكرم والتعاطف الحقيقية. وزكاة الفطر ليست واجب فحسب، بل فرصة لتغيير حياة. اختاروا أرز الاتحاد بسمتي الممتاز (3كجم بـ 15 درهم) المتوفر في فروعنا أو عبر التطبيق لتأدية زكاتكم.
تفضلوا بزيارة أقرب فروعنا إليكم اليوم أو اطلبوا عبر التطبيق، وكونوا سبباً في فرحة العائلات المحتاجة.
#تعاونية_الاتحاد #رمضان_في_دبي

Make a meaningful impact this Ramadan by fulfilling your Zakat Al Fitr with Union Basmati Rice at AED 15 for 3KG. 

Visit your nearest store today or order online and sh…",https://www.instagram.com/p/DVvjYGOltUN/,,42,1,,1.45,7534,5,1,3455,2,,,,50,,,
6a97c2efb7fb0e06aa2e4a51,2026-09-02T08:01:11.053Z,union.coop,business,instagram,Reel,".

كل احتياجاتك في رحلة تسوّق واحدة! 

أطعمة طازجة ومستلزمات منزلية وعروض لا تُفوت تجدها بكل سهولة على تطبيق تعاونية الاتحاد.

#تعاونية_الاتحاد #تسوق_واحد 

Fresh picks, daily essentials and everything in between. 🛒

One trip. Everything sorted.

Unlock unbeatable deals on the Union Coop App

#Union_Coop #OneStopShop",https://www.instagram.com/reel/DcxwfKSDuP1/,,42,0,,3.69,1662,0,3,1245,0,,,,46,,,
6a7336b5a3ab1f0878b18e2c,2026-08-05T13:12:55.297Z,union.coop,business,instagram,Post,".
هل أنت مستعد للعودة إلى المنزل حاملاً الجائزة الكبرى؟ 

فرصتان بانتظارك للفوز بسيارة جيتور T1.

أما المفاجأة الأهم فهي عدم الحاجة لحد أدنى للإنفاق للمشاركة، وكل ما عليك فعله هو مسح بطاقة تميّز الرقمية عند الدفع لدخول السحب فوراً.

يتم الإعلان عن الفائزين في 24 أغسطس و 14سبتمبر. 

تسوق اليوم وقد تكون الرابح القادم.

#تعاونية_الاتحاد #جوائز_كبرى #العودة_إلى_المدارس 

Ready to drive home with our grand prizes? Two Jetour T1s are up for grabs. The best part - no minimum spend required to participa…",https://www.instagram.com/p/DbqN_4IEbhx/,,41,6,,3.34,4137,12,2,1887,0,,,,63,,,
6a893f82a8dcf62e7b2c751f,2026-08-22T07:00:48.354Z,union.coop,business,instagram,Reel,".

تم تحديد الموعد و«جيتور» بانتظاركم.

في 24 أغسطس، سيُعلَن اسم الفائز المحظوظ بالجائزة الكبرى من «جيتور» بمناسبة العودة إلى المدارس.

 من يدري، قد تكون هذه المفاتيح لك! تابعونا لمعرفة النتيجة.

#تعاونية_الاتحاد #العودة_إلى_المدارس 

The date is set. The Jetour is ready.

On 24 August, we reveal the lucky winner of our Back-to-School Jetour Grand Prize.

Could these keys have your name on them? Watch this space.

#Union_Coop #BackToSchool #Jetour",https://www.instagram.com/reel/DcVU3nejAsN/,,41,1,,4.43,1466,2,2,1038,0,,,,46,,,
6a2fda016ecad9e27717f5bf,2026-06-15T04:29:39.000Z,union.coop,business,instagram,Post,".
عامٌ هجريٌ جديدٌ ١٤٤٨ هـ يهلّ علينا، نسأل الله عزّ وجل أن يجعله عاماً مليئاً بالخير والبركات، وللجميع دوام الصحة والسعادة.

كل عام وأنتم بخير.

#رأس_السنة_الهجرية #عام_هجري_مبارك #تعاونية_الاتحاد

As we welcome the Hijri New Year 1448 AH, we pray that it brings goodness, peace, and blessings to all.
Wishing you a blessed Hijri New Year.

#HijriNewYear #HappyHijriNewYear UnionCoop",https://www.instagram.com/p/DZl9ldHoJ-0/,,41,0,,3.08,2716,3,8,1686,3,,,,52,,,
6a0e99e9e3c5b4be5f0e5fc9,2026-05-21T08:01:14.478Z,union.coop,business,instagram,Reel,".
عيدك أجمل حين تشاركه مع عائلة محتاجة!

1️⃣ اختر منتجاً طويل الأمد أثناء التسوق للعيد.

 2️⃣ ضعه في ""سلة الخير"" قبل مغادرتك.

 3️⃣ يداً بيد مع جمعية بيت الخير سنوصل فرحتك للعائلات الأكثر حاجةً.

عمل بسيط لكن أثرة لا يمحى.

يمكنك العثور على ”سلة الخير“ في أقرب فرع لـتعاونية الاتحاد.

فالنعمة التي تُشارك، تتضاعف.
#تعاونية_الاتحاد #العيد_في_دبي 

Make this Eid special for a family in need. 

1️⃣ Pick up a long-shelf food item during your Eid shopping. 

2️⃣ Place it in the Basket of Goodness donat…",https://www.instagram.com/reel/DYl90Gwjgyr/,,41,0,,2.88,1976,1,0,1458,0,,,,42,,,
6a474cead42b62e0220272f8,2026-07-03T05:47:51.848Z,union.coop,business,instagram,Post,".
المنافسة على سيارة جيتور T2 الجديدة كلياً محتدمة!

لقد تم فتح لوحة نتائج المسابقة حتى الآن!

لا تقلق إذا لم تجد اسمك بعد ضمن قائمة المتصدرين، فما زال هناك الكثير من المباريات المتبقية لتتنبأ بنتائجها!

 كل توقع صحيح يمنحك فرصة أخرى للدخول في السحب النهائي. 

 سارع الآن وافتح صفحة تميّز على تطبيق تعاونية الاتحاد وسجل توقعاتك لمباريات اليوم، وادخل اسمك في السحب. المشاركة مجانية 100%! 

من ترشح للفوز بمباراة اليوم؟ شاركنا في التعليقات!

#تعاونية_الاتحاد #كأس_العالم #جيتورتي2

The leaderboard is l…",https://www.instagram.com/p/DaUc1LZmrLu/,,40,3,,4.72,3487,14,5,1357,1,,,,64,,,
69736fb6ccc303f0f106c17d,2026-01-23T12:56:13.816Z,union.coop,business,instagram,Reel,"لا يفيض شهر رمضان بالخيرات فقط، بل بالسعادة التي ترافق ربح الجوائز!
تسوّق في تعاونية الاتحاد واحصل على فرصة الفوز بسيارات جيتور شهرياً وبمواد غذائية أسبوعياً.

# تعاونية_الاتحاد# رمضان #تميز #جيتور

A little extra joy with every visit this Ramadan.
Shop at Union Coop for a chance to win Jetour cars monthly and groceries weekly.

#Union_Coop",https://www.instagram.com/reel/DT2pyn3kZmV/,,40,0,,3.32,1673,0,1,1236,0,,,,41,,,
69f8f4be0df8594e0b0a4555,2026-05-04T19:35:18.274Z,union.coop,business,instagram,Reel,"⁨	.
سيصبح يوم الاثنين يومك المفضل في الأسبوع!​

اربح مليون نقطة بقيمة تصل إلى 16,700 درهم كل يوم اثنين! ​

كل يوم اثنين حتى 30 نوفمبر، سيصبح أحد المتسوقين المحظوظين مليونيراً في برنامج تميز. وقد تكون أنت.

تسوق من تعاونية الاتحاد عبر التطبيق أو في فروعنا بقيمة 200 درهم أو أكثر، وقم بمسح بطاقة تميز الرقمية الخاصة بك عند الدفع للمشاركة.

تطبق الشروط والأحكام. 
 #تعاونية_الاتحاد #مليونير_تميّز

Mondays are about to be your favorite day of the week!

Win 1,000,000 Tamayaz points worth up to AED 16,7…",https://www.instagram.com/reel/DX7bxvUAM5Q/,,39,5,,3.59,1903,2,1,1311,0,,,,47,,,
6a6b9fc2fdf0b15ea503280c,2026-07-30T19:03:50.302Z,union.coop,business,instagram,Reel,".
سلال مليئة بأجود أنواع الرطب المزروعة محلياً بانتظاركم في تعاونية الاتحاد.

ولا تفوتوا فرصة الاستمتاع بالتذوق المجاني لحلوى البثيث اللذيذة عند زيارتكم لفروعنا في
📍البرشاء
📍مردف
📍الخوانيج

نستقبلكم غداً وحتى يوم 2 أغسطس.

#تعاونية_الاتحاد #مهرجان_الرطب #البثيثة #زراعة_محلية

Baskets full of the finest locally grown dates are calling you. 

Plus, enjoy free batheetha tasting at
📍Al Barsha 
📍Mirdif
📍Al Khawaneej

See you tomorrow until the 2nd.

#Union_Coop #DatesFestival #Batheetha #Locall…",https://www.instagram.com/reel/DbbZWS0lrkR/,,39,0,,2.06,3261,6,4,2480,0,,,,51,,,
6a2aef8c8ee9194d2e0531ab,2026-06-11T17:26:06.186Z,union.coop,business,instagram,Reel,". 
أتسمع هذا الصوت؟
الجميع يسمع صفارة الدفع، لكن مشتركي تميّز يسمعون ما هو أبعد، يسمعون صوت الفرص!
امسح بطاقة تميّز الرقمية أثناء تسوقك، وادخل إلى مسابقة مليونير تميّز وأمامك فرصة للفوز ب 16,700 درهم. 

#تعاونية_الاتحاد #مليونير_تميز #تميّز 

Some people hear a normal checkout beep.
Tamayaz members hear opportunity. 👀

Only digital Tamayaz ID scans earn entries to Tamayaz Millionaire while shopping at Union Coop and win up to AED 16700*

#Union_Coop #TamayazMillionaire #Tamayaz",https://www.instagram.com/reel/DZdDNjgjwNR/,,38,7,,2.50,2733,0,1,1920,0,,,,48,,,
69945798964250c46303766d,2026-02-17T11:58:12.082Z,union.coop,business,instagram,Reel,".
في إطار المضي قدماً في مسيرتها الرائدة، وقّعت تعاونية الاتحاد اتفاقية تفاهم مع الصكوك الوطنية لإطلاق مبادرات ادخار مبتكرة تُعزز ثقافة الاستثمار الذكي بين أفراد المجتمع.
يأتي هذا التعاون انسجاماً مع إعلان عام 2026 عاماً للأسرة، وبهدف بناء استقرار مالي أقوى للأسر عبر حلول أكثر ذكاءً في التخطيط للمستقبل.
لأن الازدهار يبدأ بخطوة ذكية.
#تعاونية_الاتحاد #عام_الأسرة2026 #الصكوك_الوطنية #النمو_الاقتصادي 

A meaningful step forward! Union Coop signs a Letter of Understanding with National Bonds to laun…",https://www.instagram.com/reel/DU27COyAhIK/,,38,1,,1.84,2992,0,1,2288,0,,,,42,,,
6a045cfa326fc4c7b705f1f8,2026-05-13T11:14:30.111Z,union.coop,business,instagram,Post,".
برياني اللحم المنزلي الشهي بأقل من ٢٠ درهم!
الأسعار الثابتة في تعاونية الاتحاد تجعل كل وجبة لذيذة وبميزانية مريحة.
تسوّق الآن وابدأ تحضير ألذ الأطباق لعائلتك.
#تعاونية_الاتحاد #أسعار_ثابتة

Cook your own lamb biryani at home for under AED 20 with Union Coop’s fixed prices, making key ingredients budget-friendly. 🍛✨ Shop now at Union Coop.
#Union_Coop #FixedPrice",https://www.instagram.com/p/DYRtrMXGHvY/,,38,0,,1.66,8840,9,11,3493,0,,,,58,,,
69aeba34980bb8831d0ac6fe,2026-03-09T12:17:53.093Z,union.coop,business,instagram,Reel,".
لحم ضأن طري مطهو ببطء مع توابل هندية حارة.
ندعوكم للاستمتاع بهذا الطبق الكلاسيكي الشهي من إعداد الشيف ""آشيش كودتاركار"".

المكونات:
لحم ضأن (1 كجم) 4 بصلات مفرومة، 3 طماطم مفرومة، كزبرة طازجة (1 حزمة صغيرة)، جارام ماسالا (3 ملاعق كبيرة)، معجون الزنجبيل والثوم (3 ملاعق كبيرة)، مسحوق الكركم (2 ملاعق كبيرة)، مسحوق الفلفل الحار (2 ملاعق كبيرة)، مسحوق الكزبرة (1 ملعقة كبيرة)، مسحوق الكمون (1 ملعقة كبيرة)، ملح (حسب الرغبة - حوالي 2 ملاعق صغيرة)، زيت الطهي (4 ملاعق كبيرة)

طريقة التحضير:
ينقع لحم الضأ…",https://www.instagram.com/reel/DVqdK50Cu-Z/,,38,0,,3.67,1332,3,1,1143,0,,,,42,,,
699485f51eab8fda30076dd2,2026-02-17T15:15:38.223Z,union.coop,business,instagram,Reel,".
رمضان مبارك لكم ولأحبائكم!
عسى أن يحمل لكم هذا الشهر الفضيل كل الخيرات والمسرّات، وأن يملأ قلوبكم بالسكينة والأمان ومنازلكم بأجمل اللحظات مع العائلة والأصدقاء.
#تعاونية_الاتحاد #رمضان2026 #رمضان_في_دبي
 
Wishing you and your loved ones a blessed Ramadan.
May this holy month bring joy to your home, peace to your heart, and countless moments of togetherness to share with family and friends.

#Union_Coop #Ramadan2026 #RamadanInDubai",https://www.instagram.com/reel/DU3Rp8Dk3ge/,,38,0,,3.39,1609,2,0,1209,0,,,,41,,,
69eb2c244f0d2bd640052654,2026-04-24T08:39:59.233Z,union.coop,business,instagram,Reel,".
تهانينا للفائز الثاني في سحب جيتور الكبير في رمضان الماضي!

مرة أخرى، يعيش أحد متسوقي تعاونية الاتحاد لحظةً لا تُنسى، ويسعدنا مشاركته فرحة هذا الفوز.

والأجمل لم يأتِ بعد، مسابقات أكبر ومفاجآت أكثر في طريقها إليكم. تابعونا!

#تعاونية_الاتحاد #جيتور#السحب_الكبير

Congratulations to the 2nd winner of our Ramadan Jetour Mega draw! 

One more lucky shopper at Union Coop drove away with an unforgettable win, and we are thrilled to celebrate this moment with them. 

More exciting contests and bigger…",https://www.instagram.com/reel/DXggzHCDmGI/,,37,2,,1.57,4092,5,2,2993,0,,,,47,,,
69b44107e5f64af11c0a6363,2026-03-13T16:54:24.378Z,union.coop,business,instagram,Reel,".
تبادلوا هدايا جديدة ومميزة مع أحبائكم في هذا العيد.

اطلبوا سلة فواكه العيد مسبقاً عبر تطبيق تعاونية الاتحاد ببضع نقرات فقط.

واختاروا من بين 5 أحجام مميزة ثم حددوا التاريخ، وتجهوا إلى أقرب فروعنا لاستلامها أو اطلبوا توصيلها مباشرة إلى منزلكم.

سارعوا لبثّ البهجة والفرحة في قلوب الأحبة عبر الطلب من خلال تطبيقنا الذكي. 

#تعاونية_الاتحاد #رمضان2026 #العيد_في_دبي

This Eid, share something fresh and thoughtful. 
 
Pre-order your Eid fruit basket on the Union Coop App in just a few taps.

Choose …",https://www.instagram.com/reel/DV1QAJijcgV/,,37,2,,2.04,2594,0,2,2011,0,,,,41,,,
6a3265b1deebf8ac9401cb23,2026-06-17T10:01:06.432Z,union.coop,business,instagram,Reel,"من أرضنا لأيدينا!
تعرّف على منتجاتنا المحلية في تعاونية الاتحاد، اشتريها وادعمها وافتخر بها.

#تعاونية_الاتحاد #محلي #منتجات_إماراتية #اصنع_في_الإمارات

Discover locally made products at Union Coop. Shop local, support homegrown, and take pride in every purchase.

#Union_Coop #MakeItInTheEmirates #Local",https://www.instagram.com/reel/DZrtBVLDvUy/,,37,1,,3.48,2268,16,4,1723,0,,,,60,,,
6aaa1c2ac153638cffe67750,2026-09-16T06:36:34.853Z,union.coop,business,instagram,Post,".

من مستلزماتك اليومية الأساسية إلى تلك الأشياء الصغيرة التي لم تكن تعلم أنك بحاجة إليها.

اكتشف تشكيلة واسعة من المنتجات الطازجة التي تلبّي كل حاجة وتناسب كل وجبة وتتماشى مع أسلوب تسوقك المفضل.

#تعاونية_الاتحاد 

From everyday favourites to little discoveries you didn’t know you needed. 

Explore a wide assortment of fresh produce made for every craving, every meal, and every kind of grocery run.

#Union_Coop",https://www.instagram.com/p/DdVqCAODJxE/,,36,2,,1.99,4418,4,1,2264,1,,,,45,,,
697215933555c0756f0c4142,2026-01-22T12:19:22.961Z,union.coop,business,instagram,Reel,"كل عملية شراء في تعاونية الاتحاد تقرّبكم من الجوائز الكبرى!
ابتداءً من اليوم وحتى 22 مارس، ادخلوا السحب تلقائياً مع كل عملية شراء.
لا تنسوا السحب الأول في ٢ مارس!

#تعاونية_الاتحاد #رمضان_كريم 

This Ramadan, shop, participate, and win.
Every purchase at Union Coop brings you closer to exciting raffle prizes, from today until 22 March.
Stay tuned for the first draw on 2nd March. 

#UnionCoop #Ramadan",https://www.instagram.com/reel/DT0Ax6hkhcB/,,36,1,,2.61,2257,2,2,1569,0,,,,41,,,
6a9032284e598cd3b3bedaa7,2026-08-27T12:48:50.440Z,union.coop,business,instagram,Post,".

لأن ثقتكم هي سرّ تميزنا 💎 

خَصَّصْنَا لكم عروضاً حصرية عبر التطبيق. 

اختاروا العرض المناسب لكم عبر تطبيق تعاونية الاتحاد.

#تعاونية_الاتحاد

We heard we’re bedazzling things 💎

So we started with the App-exclusive offers. ✨

Find yours on the Union Coop App.

#Union_Coop",https://www.instagram.com/p/Dci0u6ooIsT/,,36,0,,1.11,6351,3,3,3975,0,,,,44,,,
6a79f61da1b534f99e6379ab,2026-08-10T16:06:09.882Z,union.coop,business,instagram,Reel,"In H1 of 2026, Union Coop’s numbers tell one story: more, done right. 

AED 1.27B Total Revenue (+9.90%)
AED 191.3M Profit Before Tax
AED 173.7M Profit After Tax
+40% E-commerce Growth
Revenue grew in H1 2026, with exceptional growth in e-commerce and growing shopper confidence.

#Union_Coop #H1",https://www.instagram.com/reel/Db3ZnfslC4H/,,36,0,,4.01,1582,0,4,1148,0,,,,46,,,
69d7dceefe0b7493d80fe231,2026-04-09T17:08:55.478Z,union.coop,business,instagram,Reel,".
علمٌ واحد. وطنٌ واحد. قلبٌ واحد.

في تعاونية الاتحاد، نقف بفخر إلى جانب كل من يعيش على أرض هذا الوطن العظيم، رافعين العلم، ومستجيبين لنداء قيادتنا بروحٍ من الوحدة والاعتزاز.

لطالما كانت دولة الإمارات منارةً للسلام والقوة والمرونة. ومهما كانت التحديات التي تواجه منطقتنا، يظل هذا العلم رمزًا لما نحن عليه وما نؤمن به.

شكرًا لكِ يا الإمارات، على الأمان الذي تمنحينه، والقيم التي ترسخينها، والوطن الذي تحتضنين فيه الجميع.
#تعاونية_الاتحاد 
#فخورين_بالامارات 🇦🇪

One flag. One nation. One heart.

A…",https://www.instagram.com/reel/DW6zH-sEiFv/,,36,0,,1.86,2758,3,0,2093,0,,,,39,,,
69aaa23e5ef3ed2d2d0ddaa8,2026-03-06T09:46:34.025Z,union.coop,business,instagram,Reel,".
لحم ضأن طري مطهو ببطء مع توابل هندية حارة.
ندعوكم للاستمتاع بهذا الطبق الكلاسيكي الشهي من إعداد الشيف ""آشيش كودتاركار"".

المكونات:
لحم ضأن (1 كجم) 4 بصلات مفرومة، 3 طماطم مفرومة، كزبرة طازجة (1 حزمة صغيرة)، غارام ماسالا (3 ملاعق كبيرة)، معجون الزنجبيل والثوم (3 ملاعق كبيرة)، مسحوق الكركم (2 ملاعق كبيرة)، مسحوق الفلفل الحار (2 ملاعق كبيرة)، مسحوق الكزبرة (1 ملعقة كبيرة)، مسحوق الكمون (1 ملعقة كبيرة)، ملح (حسب الرغبة - حوالي 2 ملاعق صغيرة)، زيت الطهي (4 ملاعق كبيرة)

طريقة التحضير:
ينقع لحم الضأ…",https://www.instagram.com/reel/DVidd9SFAAZ/,,35,4,,0.07,1008,15,3,760,,,,,57,,,
6962473e08ff48ad9d043247,2026-01-11T05:00:44.796Z,union.coop,business,instagram,Reel,"تخلّص من السموم وابدأ حياة صحيّة جديدة!
برتقال أو ليمون أو جريب فروت؟
اكتب في التعليقات: ما هو مشروبك الحمضي المفضّل؟
كل ما تحتاجه من الحمضيات متوفر في تعاونية الاتحاد.
#تعاونية_الاتحاد #مهرجان_الحمضيات #تخلص_من_السموم 

Detox your way to the freshest start!
Orange, lemon, or grapefruit?
Comment below and tell us: How do you like your citrus drink?
Find all your citrus essentials at Union Coop.
#Union_Coop #Citrus_Festival #Detox",https://www.instagram.com/reel/DTW535HCTcA/,,35,3,,3.54,1466,1,1,1131,0,,,,40,,,
6a0d5139ac25a5673f0de6d2,2026-05-20T06:14:47.361Z,union.coop,business,instagram,Post,".
وجبة خفيفة إضافية تعني فرصة أخرى للفوز، وإضافة صغيرة إلى سلة التسوق هي خطوتك الأقرب نحو ربح مليون نقطة.
يمكنك تحمل المفاجآت لكنك حتماً لن تستطيع انتظار مليون نقطة من تميز!
هل شاركت في سحب هذا الأسبوع؟

#تعاونية_الاتحاد #مليونير_تميز #حسابات_الفتيات 

One extra snack? That’s one more chance. One small add to cart? That’s one step closer to 1,000,000 points. Self-control can wait… the reward doesn’t. Have you entered this week's draw? 

#TamayazMillionaire #Union_Coop #GirlMath",https://www.instagram.com/p/DYjM8BmIATD/,,35,1,,2.03,4360,0,3,1967,1,,,,40,,,
6a792fb801d7b9504fa97f5e,2026-08-09T08:57:13.000Z,union.coop,business,instagram,Reel,".
هل هناك أسهل من ذلك؟ تسوّق، امسح، واربح! 

3 خطوات بسيطة تفصلك عن دخول السحب على الجائزة الأسبوعية الكبرى: 1,000,000 نقطة من تميّز! 

وليس هذا فحسب، هناك جوائز يومية رائعة بانتظارك مع كل عملية تسوّق.

#تعاونية_الاتحاد #العودة_إلى_المدارس #مشاركة_سهلة​

Could it get any easier? Shop, Scan, Win. That’s all it takes for a chance to win our big weekly prize of  1 Million Tamayaz points. Or walk home with great prizes every day. ​

#Union_Coop #BacktoSchool

​",https://www.instagram.com/reel/Db0Dm3JIALi/,,35,0,,2.85,1918,5,2,1507,,127.33,4.94,,43,,,
69fdc7f53f0799271306b369,2026-05-08T11:25:37.242Z,union.coop,business,instagram,Reel,".
هل تعرف أحداً يستعد لأداء فريضة الحج؟ 
إننا هنا لنساعده في ذلك.
في موسم الحج هذا العام، يسعدنا في تعاونية الاتحاد أن ندعم أحد أحبائكم في رحلته المباركة.
اذكر اسمه في التعليقات، واترك له رسالة تتيح له فرصة الفوز بمجموعة متكاملة من مستلزمات الحج، تحتوي على كل ما يحتاجه الحاج.

#تعاونية_الاتحاد #هدايا_الحج #مستلزمات_الحج

Know someone preparing for Hajj? Let's help them get ready. 
This Hajj season, we at Union Coop want to support someone on their spiritual journey. 
Tag your loved one who is pr…",https://www.instagram.com/reel/DYE24oUjqe3/,,34,12,,3.70,2224,9,3,1675,0,,,,62,,,
6aa3c929896725559400c88b,2026-09-12T07:01:16.953Z,union.coop,business,instagram,Reel,".

بدأ العدّ التنازلي!

في يوم 14 سبتمبر، سيحمل فائز محظوظ آخر مفاتيح سيارة جيتور تي1!

لم تشارك بعد؟ 

لا حاجة لحد أدنى للإنفاق، لكن الوقت ينفذ. سجّل مشاركتك قبل 13 سبتمبر وربما تكون أنت من يحمل المفاتيح هذه المرة.

هذه فرصتك الأخيرة، لا تفوّتها!

#تعاونية_الاتحاد #موسم_العودة_إلى_المدارس

The countdown is on. 

On 14 September, another lucky winner will be driving away with our Grand Prize - a Jetour T1! 

Haven’t entered yet? There’s no minimum spend, but there is a deadline. Get your entry i…",https://www.instagram.com/reel/DdLZnF0Ar34/,,34,6,,3.90,1631,0,2,1127,0,,,,44,,,
6a7dc8f3401c83263d9500fc,2026-08-13T13:39:19.943Z,union.coop,business,instagram,Post,".
طازج وغني بالعصير وحلو بطبيعته! 

استمتعوا بطعم البطيخ الخالي من البذور والمزروع بفخر في مزارع لبنان والمستورد طازجاً ليصلكم جواً يومياً!

😋 شاركونا حلاوة الصيف وتذوقوا العينات المجانية:

📍 14 أغسطس – اتحاد مول
📍 15 أغسطس – الخوانيج
📍 16 أغسطس –  البرشاء مول

⏰ 10 صباحاً – 10 مساءً

نسعد بلقائكم!

#تعاونية_الاتحاد #بطيخ_بدون_بذور #تذوق_مجاني 

Fresh, juicy, ripe and naturally sweet! 🍉

Discover our seedless watermelon, proudly grown in Lebanon and flown in fresh daily by plane.

Join us f…",https://www.instagram.com/p/Db-3YJIoIs4/,,34,5,,2.04,6033,23,1,3187,1,,,,65,,,
6a2132ec717bc7d7a8081db8,2026-06-04T08:10:57.059Z,union.coop,business,instagram,Post,".
ها قد وصلنا إلى الفائزين بشهر مايو في مسابقة مليونير تميّز! 

بعضهم زارنا مرتين، وبعضهم زارنا أربع مرات، لكنهم جميعاً عادوا بمكافآت من تميّز تصل قيمتها إلى 16,700 درهم*.
هل ستغير زيارتك القادمة كل شيء؟ 
تسوق وشارك لفرصة الفوز.

 #تعاونية_الاتحاد #مليونير_تميّز

Here are our May winners of the Tamayaz Millionaire! 🎉

Some visited twice. Some visited four times. But all of them walked away with up to AED 16,700* in Tamayaz rewards. ✨

Will your next visit be the one that changes everything? Sho…",https://www.instagram.com/p/DZKCJ-NEglq/,,34,4,,2.65,3714,0,1,1512,0,,,,40,,,
6a8c494b9d090a02e22d4995,2026-08-24T13:39:21.853Z,union.coop,business,instagram,Reel,".

وأخيرًا، كُشف عن الفائز الأول بالجائزة الكبرى!

تعاونية الاتحاد تبارك من القلب لطلال سعيد، الفائز المحظوظ الذي انطلق بسيارة جيتور تي 1 الجديدة بالكامل!

لكن القصة لم تنتهِ بعد، ولا تزال فرصتك للفوز قائمة.

أمامك حتى 13 سبتمبر للمشاركة. لا يوجد حد أدنى للإنفاق وما عليك سوى التسوق ومسح بطاقة تميّز الرقمية الخاصة بك عند الدفع وستدخل السحب! 

هل ستكون أنت الفائز القادم بالجائزة الكبرى؟ تسوّق الآن واجعل الفرصة من نصيبك!

#تعاونية_الاتحاد #تميّز #العودة_إلى_المدارس 

We’ve got a winner! Congratulat…",https://www.instagram.com/reel/DcbMCRZCsEc/,,34,2,,3.75,1503,0,2,1039,0,,,,39,,,
6978b8bcb44a32d6bb054442,2026-01-27T13:11:07.531Z,union.coop,business,instagram,Reel,"استمتعوا بلحظات قيّمة مع كل تسوّق من تعاونية الاتحاد في رمضان.
تسوقوا مستلزماتكم واستمتعوا بجوائز أسبوعية من المواد الغذائية، وسحوبات شهرية على السيارات.
تسوقوا الآن واغتنموا فرصة العروض الرائعة.

#تعاونية_الاتحاد #رمضان2026 #رمضان_الخير #تميز #جيتور 

This Ramadan, enjoy rewarding moments with every visit to Union Coop.
Shop your essentials, enjoy weekly free grocery prizes and monthly car draws.
Start shopping now and enjoy great deals.

#Union_Coop #Ramadan2026 #Jetour #Tamayaz",https://www.instagram.com/reel/DUA-jTKFS6z/,,34,2,,1.82,2841,0,0,2036,0,,,,37,,,
6a9687c9d2ccca78f1445b56,2026-09-01T08:07:48.011Z,union.coop,business,instagram,Post,".

أبوابنا مفتوحة الآن في أبراج بحيرات جميرا!

يسعدنا استقبالكم في أحدث فروع تعاونية الاتحاد لتستمتعوا بتجربة تسوّق مميزة.

اكتشفوا عروضنا الحصرية وأجود المنتجات الأسبوعية بالقرب منكم.

📍 الموقع: أبراج بحيرات جميرا (JLT) - المجمع Y - طابق البوديوم.

🕐 ساعات العمل: يومياً من الساعة 6:30 صباحاً حتى 2:00 صباحاً.

تفضلوا بزيارتنا اليوم واجعلوا تسوقكم أسهل وأقرب!

#تعاونية_الاتحاد #أبراج_بحيرات_جميرا #نستقبلكم_الآن 

JLT, we’re now open! 

Visit Union Coop - JLT Cluster Y, Podium Level and discover…",https://www.instagram.com/p/DcvMiydoN09/,,34,1,,1.41,4563,2,1,2839,1,,,,40,,,
6a76aed45e56827772fed0c9,2026-08-08T06:00:35.991Z,union.coop,business,instagram,Reel,".
انطلق تحدي «العودة إلى المدارس» ومتسوقونا يشاركوننا الحماس!

فكيف ستكون مشاركتك اليوم؟

تسوق الآن في تعاونية الاتحاد لتحظى بفرصة الفوز!

*تطبق الشروط والأحكام.

#تعاونية_الاتحاد #العودة_إلى_المدارس #جوائز_يومية 

Our shoppers took on the Back-to-School challenge… how would you do? 

Shop now at Union Coop for your chance to win!

*T&Cs apply 

#Union_Coop #BacktoSchool",https://www.instagram.com/reel/DbxK3uYFP6s/,,34,1,,3.63,1487,2,0,1074,0,,,,39,,,
69b702ca4f55591b323af37b,2026-03-15T17:48:48.000Z,union.coop,business,instagram,Post,".
احتفلوا بالعيد معنا في تعاونية الاتحاد! 🌙

انضموا إلينا في اتحاد مول لأمسية احتفالية مليئة بالثقافة والتقاليد والأجواء العائلية المميزة احتفالاً بالعيد في دبي. اصطحبوا أحباءكم واستمتعوا بالأجواء الاحتفالية الرائعة معاً. ✨

📅 16–18 مارس 2026
⏰ 8:00 مساءً – 12:00 منتصف الليل
📍 اتحاد مول – مردف

#تعاونية_الاتحاد #العيد_في_دبي

🌙 Celebrate Eid with us at Union Coop!

Join us at Etihad Mall for a festive evening filled with culture, tradition, and family fun as we celebrate Eid in Dubai. Bring …",https://www.instagram.com/p/DV6f5wXCJJ-/,,34,1,,1.96,3707,10,1,2350,0,,,,46,,,
6a6b3ebd7fb8908ecca72c4e,2026-07-29T16:17:25.000Z,union.coop,business,instagram,Post,".
 سوق الأحفاد 🌟

انضموا إلينا في فعالية عائلية مميزة بالتعاون مع جمعية النهضة النسائية بدبي، واستمتعوا بأنشطة ترفيهية للأطفال، وهدايا، وشخصيات كرتونية، والمزيد.

📍 اتحاد مول – الطابق الأول

📅 الجمعة، 31 يوليو 2026

4:00 🕓 مساءً – 10:00 مساءً

سجلوا الآن عبر رمز الـQR. الأماكن محدودة.

#تعاونية_الاتحاد 
 
🌟 Grandchildren Market 🌟

Join us for a fun-filled family event in collaboration with the Dubai Women's Association, featuring kids' activities, gifts, cartoon characters, and more!

📍 E…",https://www.instagram.com/p/DbYhjphIReT/,,34,0,,3.36,3913,36,8,2414,1,,,,81,,,
699db438f241c48a4d0d885a,2026-02-24T14:25:47.404Z,union.coop,business,instagram,Reel,"في رمضان هذا العام، كل ما تنفقه يكتسب قيمة أكبر.
أنفق 150 درهم أو أكثر في عملية دفع واحدة وامسح باركود تميّز لتدخل تلقائياً في السحب للفوز بسيارة جيتور ومشتريات أسبوعية. 
#تعاونية_الاتحاد #تميّز #رمضان2026 #تسوق_و_اربح 

This Ramadan, make every checkout more rewarding.
Spend AED 150 or more in a single transaction and scan your Tamayaz barcode to automatically enter a chance to win a Jetour car and weekly groceries.
#Union_Coop #Tamayaz #Ramadan2026 #ShopAndWin",https://www.instagram.com/reel/DVJNTm6iU0C/,,34,0,,2.81,1805,2,2,1351,0,,,,38,,,
6a8715f72c4660ab6a9affba,2026-08-20T10:29:01.000Z,union.coop,business,instagram,Post,".

انضموا إلينا لتجربة تذوق التوت مجاناً بالتعاون مع سان لوكار ودول، واستمتعوا بأجمل نكهات الصيف الطازجة والمنعشة، مع تجربة جديدة كل يوم في فرع مختلف من فروع تعاونية الاتحاد.

📍 21 أغسطس: البرشاء مول

📍 22 أغسطس: اتحاد مول

📍 23 أغسطس: ند الشبا مول

📍 24 أغسطس: موتور سيتي

📍 25 أغسطس: الخوانيج مول

📍 26 أغسطس: الورقاء سيتي مول

🕓 من 4:00 مساءً إلى 7:00 مساءً

نراكم في أقرب فرع لتعاونية الاتحاد إليكم! 🍓🫐

 #تعاونية_الاتحاد #العودة_إلى_المدارس 

Join us for our FREE Berry Tasting with San…",https://www.instagram.com/p/DcQjLr4CHoB/,,32,40,,4.23,4173,3,3,1915,1,,,,81,,,
6a70da6a259ba5a0810b8191,2026-08-03T20:01:33.454Z,union.coop,business,instagram,Reel,".
سارعوا قبل نفاذ الكمية! 

خصم كبير بنسبة 50% ينتظركم اليوم على منتجات مختارة! 

 كيف تستفيد من العرض؟

افتح تطبيق تعاونية الاتحاد وتوجّه لصفحة تميّز.

فعّل العروض المتاحة.

تفضل بزيارة أقرب فرع واستمتع بالتسوق!

📍 العرض سارٍ داخل الفروع  فقط.

#تعاونية_الاتحاد #عروض_منتصف_الأسبوع

Hurry while stocks last! A whopping 50% off awaits you today on select products. Discover and activate them on the Tamayaz page of the Union Coop App. Offer valid in-store only. 

#Union_Coop #MidWeekDeal",https://www.instagram.com/reel/DblzGNHiZNy/,,32,2,,2.79,3944,30,2,2401,0,,,,67,,,
6a6f3026d6ca64c72308f0bb,2026-08-02T11:56:11.088Z,union.coop,business,instagram,Post,".
لا داعي للقلق بشأن تقلبات الأسعار بعد اليوم! 

استمتعوا بأسعار ثابتة ومضمونة على كافة المواد الغذائية الأساسية ومستلزمات ""صندوق الغداء"" (Lunchbox) مع انطلاق موسم العودة إلى المدارس. 

 واحصلوا على استرداد نقدي يصل إلى 5 أضعاف ما تقدمه كبرى برامج مكافآت البقالة الأخرى عند استخدام بطاقة «تميز» الرقمية.

تسوقوا ببالٍ مطمئن ووفروا أكثر في تعاونية الاتحاد!

#تعاونية_الاتحاد #أسعار_ثابتة

Don’t worry about fluctuating grocery prices.

Enjoy locked prices on kitchen staples and lunchbox essentials as…",https://www.instagram.com/p/DbiW1VJEcXW/,,32,0,,2.16,6455,13,5,2454,0,,,,53,,,
6a6592cfd47b20c7ea0c0706,2026-07-26T06:44:02.181Z,union.coop,business,instagram,Reel,".
استمتعوا بالطعم الأصيل للمنتجات المحلية في تعاونية الاتحاد.

واكتشفوا الرطب المزروعة محلياً في الإمارات، وتذوقوا مجاناً حلوى البثيث. 
 
تفضلوا بزيارة تعاونية الاتحاد في فروعنا في الاتحاد مول وجميرا مول وفرع البرشاء مول.

#تعاونية_الاتحاد #البثيثة #تمور_الإمارات

Get a taste of homegrown goodness. Discover the finest UAE dates with a free Batheetha sampling. 

Stop by Union Coop at our Etihad Mall branch, Jumeirah branch, and Barsha Mall branch.

#Union_Coop #Batheetha #UAEDates",https://www.instagram.com/reel/DbPxdSXkZfc/,,32,0,,2.47,1680,0,0,1295,0,,,,32,,,
69946ddd7b744f3d9c04d56a,2026-02-17T13:32:18.470Z,union.coop,business,instagram,Post,".
كما كل رمضان من كل عام نعمل من أجلكم، من الصباح الباكر وحتى وقت متأخر من الليل بعد الإفطار.
يرجى ملاحظة أن بعض الفروع تعمل لساعات طويلة أو في أوقات استثنائية:
24/7: الطوار، الوصل، أم سقيم، شارع حصة، جميرا الأولى، واحة السيليكون وقرية جميرا الدائرية.
6:30 صباحاً – 12:00 صباحاً: ميني كووب – المزهر
7:00 صباحاً – 12:00 صباحاً: حتا و روكان
8:00 صباحاً – 12:00 صباحاً: ندّ الشبا مول

نتطلع إلى استقبالكم وعائلاتكم طوال شهر رمضان المبارك.
#تعاونية_الاتحاد #التوقيت_الرمضاني #رمضان_في_دبي #نعمل_لأجلكم

T…",https://www.instagram.com/p/DU3F4miDAeP/,,32,0,,1.29,5853,4,6,3245,0,,,,42,,,
6a8ea7646ca6eed372c7a165,2026-08-26T08:45:21.898Z,union.coop,business,instagram,Reel,".

مع ألذّ الوجبات تصبح العودة إلى المدرسة أكثر بهجةً وحماساً!

حضّروا ساندويتش البيض على الطريقة اليابانية بكل سهولة كوجبة غداء شهية وغنية لأطفالكم. 

#تعاونية_الاتحاد #العودة_إلى_المدارس #البيض_الياباني

Back to school, made delicious! 🍳🥪 Make this easy Egg Sando for a tasty lunchbox treat your little ones will love.

#Union_Coop #EggSando",https://www.instagram.com/reel/Dcf0DGhD2Au/,,31,4,,3.04,2596,11,13,1938,0,,,,59,,,
69fccce9c50776d756062a83,2026-05-07T17:33:59.330Z,union.coop,business,instagram,Post,".
أجابت أمي ب «لا» إلى أن رأت نشرة العروض لهذا الأسبوع. 
خصم 30٪؟
 إذن، سأعيدها إلى سلة التسوق!
 سارعوا إلى الاستفادة من العروض الحصرية لمشتركي تميّز في جولتكم التالية لشراء البقالة.

#تعاونية_الاتحاد  #تميز

Mom said no… until they saw this week's leaflet 👀
30% off? Back in the cart it goes. 🛒

Unlock exclusive Tamayaz-member Deals on your next grocery run.
#Tamayaz #Union_Coop",https://www.instagram.com/p/DYC8VcBGq9g/,,31,2,,1.07,7633,7,1,3847,0,,,,41,,,
6aa7f5571f201e1ad82d6b39,2026-09-14T13:26:36.426Z,union.coop,business,instagram,Reel,".

عطلة نهاية الأسبوع في عالم الكبار؟ هكذا تبدو بالضبط! 

جولة سريعة لشراء احتياجاتك، وتجديد بعض المخزون، وسؤال يتكرر كل مرة: «ما الذي نحتاجه لهذا الأسبوع؟».

اجعل رحلة التسوق أسهل مع تعاونية الاتحاد.

نحن نتولى التسوق، وأنت استمتع بعطلتك.

#تعاونية_الاتحاد 

This is what your weekend looks like when you’re an adult. 

A little grocery run, a little restocking, and a lot of “what do we need for the week?”

Make your weekend grocery run easier with Union Coop.

Your weekend plans just got a littl…",https://www.instagram.com/reel/DdRPHgiAcNv/,,31,1,,3.18,1388,0,1,1039,0,,,,33,,,
6a0713958fd363dec6057882,2026-05-15T12:38:42.419Z,union.coop,business,instagram,Reel,".
لأن عيدك يستحق الأفضل!
احجز ذبيحتك مسبقاً عبر تطبيق تعاونية الاتحاد وثق بأيدي خبرائنا في كل خطوة. حيث التحضير الاحترافي المخصص لذوقك، والمعالجة الدقيقة والنظيفة بعناية فائقة.
استمتع في تعاونية الاتحاد بتجربة سلسة من الطلب حتى الاستلام.
احجز الآن عبر التطبيق ولا تفوّت فرصة التحضير المبكر! 

#تعاونية_الاتحاد #عيد_الأضحى #الأضاحي 

Your Eid order deserves expert hands.
Pre-book your sacrifice on the Union Coop App and enjoy professional preparation tailored to your preference.
Our expert butchers…",https://www.instagram.com/reel/DYXA0VxAim8/,,31,1,,3.63,1432,1,0,1048,0,,,,38,,,
6a8a7eed00f9c24c6beea864,2026-08-23T06:00:44.995Z,union.coop,business,instagram,Reel,".

حلاوة طبيعية بطعم الشوكولاتة اللذيذة، وبقيمة غذائية عالية. 

وجبة ما بعد الظهر الخفيفة الأمثل في أيام الدوام المدرسي.

 احصل على كل ما تحتاجه لتحضيرها من @union.coop 

#تعاونية_الاتحاد #العودة_إلى_المدارس

Naturally sweet, chocolatey and packed with goodness – the perfect little afternoon snack for back-to-school days. 

Pick up everything you need from @union.coop 

#Union_Coop #BackToSchool",https://www.instagram.com/reel/DcXyzlGiS0w/,,31,0,,2.57,1835,0,3,1324,0,,,,34,,,
6a8315fa3680c8a47d43a7c1,2026-08-17T14:54:30.716Z,union.coop,business,instagram,Post,".

عفوًا… يبدو أننا أكثرنا قليلًا من الخصومات! 😅

والخبر السار؟ كل هذه الخصومات أصبحت فرصتك للتوفير!

استمتع بعروض العودة إلى المدارس الحالية حتى 23 أغسطس.

#تعاونية_الاتحاد #العودة_إلى_المدارس 

Oops... we may have gone a little overboard. 😅

The good news? You get to enjoy all the discounts! 📚

Current offers valid until 23 August.

#Union_Coop #BackToSchool",https://www.instagram.com/p/DcJTKNaoDVx/,,31,0,,1.01,10203,12,6,4935,0,,,,50,,,
69fb2bc7d12805bdd800c754,2026-05-06T11:53:53.396Z,union.coop,business,instagram,Post,".
50 عاماً . قوة واحدة. أمة واحدة.

قواتنا المسلحة حصننا المنيع.

فخرٌ بماضينا… وثقةٌ بمستقبلنا.

50 years. One force. One nation.

Pride in our past. Confidence in our future.",https://www.instagram.com/p/DX_wni9mvVw/,,31,0,,2.75,1953,2,1,1236,0,,,,34,,,
69e9f3c3429dc60ed007acbd,2026-04-23T10:27:09.231Z,union.coop,business,instagram,Reel,".
صندوق الغداء المدرسي بانتظار أفكاركم! 
هل أنتم مستعدون؟

نقدم لكم في هذا الفيديو أربع أفكار لوجبات غداء مثالية لأطفالكم من تعاونية الاتحاد.

شاركونا اختياراتكم في التعليقات لفرصة الفوز بمجموعة من الوجبات الخفيفة لشهر كامل!

#تعاونية_الاتحاد #العودة_للمدارس #وجبات_سهلة 

Back-to-school lunches, sorted?

Here are 4 ideas for lunch box meals from Union Coop

Comment your pick below to win a month’s supply of snacks!

#Union_Coop #BackToSchool #EasySnacks",https://www.instagram.com/reel/DXeIRRCltQF/,,30,10,,5.43,1189,8,0,884,0,,,,48,,,
6a7a2e264ab83e18aed0c619,2026-08-10T20:02:35.687Z,union.coop,business,instagram,Reel,".
فرصتكم الأخيرة مع الجولة الختامية لعروض منتصف الأسبوع! 

لا تفوّتوا أقوى الخصومات واستمتعوا بتوفير 50% وأكثر على مجموعة واسعة وشاملة من المنتجات في جميع فروعنا.

 كل ما عليكم فعله:

فعّلوا العروض الخاصة بكم عبر تطبيق تعاونية الاتحاد وتوجّهوا اليوم إلى أقرب فرع واستمتعوا بتجربة تسوق رائعة! 

#تعاونية_الاتحاد #عروض_منتصف_الأسبوع

The final round of mid-week deals are here. Your last chance to grab 50% off and more across a whole range of products, in-store. All it takes is activating your offers…",https://www.instagram.com/reel/Db30z-CDo-m/,,30,4,,3.19,2838,20,7,1974,0,,,,63,,,
6a9563917ee791d7d463b6e2,2026-08-31T11:21:13.912Z,union.coop,business,instagram,Post,".

قريباً في قلب أبراج بحيرات جميرا (JLT)، أقرب إليكم من أي وقت مضى! 

يسعدنا الإعلان عن افتتاح فرعنا الجديد في شهر سبتمبر، لنمنحكم تجربة تسوّق مميزة ومريحة ومتكاملة في منطقة سكنكم مباشرةً.

تابعونا لمزيد من التفاصيل.

#تعاونية_الاتحاد #أبراج_بحيرات_جميرا

📍 Union Coop is coming to JLT this September.

 Get ready for a new destination and a more convenient shopping experience right in your
neighborhood. 

Stay tuned.

#Union_Coop",https://www.instagram.com/p/Dcs94dToy0s/,,30,3,,2.14,3646,6,1,1867,0,,,,40,,,
69d75a2c5699579fe5052951,2026-04-09T07:50:30.002Z,union.coop,business,instagram,Post,".
شيء بسيط منك، يعني الكثير لغيرك.
أضف منتج واحد إلى سلتك، وضعه في سلة الخير!
معاً نُحدث الفرق.
تتوفر نقاط التبرع في 17 فرعاً.

#تعاونية_الاتحاد #سلة_الخير #جمعية_بيت_الخير

Add an extra item to your basket and drop it at the donation point to make a difference
to someone's life. One small habit change, one big impact. Available across 17 stores. 

#BasketofGoodness  #Union_Coop #BeitAlKhairSociety",https://www.instagram.com/p/DW5zThPjanp/,,30,1,,2.64,3578,10,2,1630,0,,,,43,,,
6a631b8f5719798c19013fe8,2026-07-24T09:02:20.992Z,union.coop,business,instagram,Reel,".
استمتعوا بتجربة مستقبل القيادة المستدام مع فينفاست في اتحاد مول!

وتعرفوا على أحدث التصاميم والتكنولوجيا المبتكرة للسيارات الكهربائية، مع تجربة قيادة مجانية.

رحلة استثنائية تقدمها فينفاست والطاير للسيارات، بالشراكة مع تعاونية الاتحاد.

📍 اتحاد مول

📅 حتى 30 يوليو

تفضلوا بزيارتنا اليوم واكتشفوا عالم فينفاست الفريد بأنفسكم!

#تعاونية_الاتحاد #فينفاست

Experience the future of driving with VinFast at Etihad Mall.

Explore the latest models, discover innovative EV technology, and enjoy a compl…",https://www.instagram.com/reel/DbK3lF2Dj9K/,,30,0,,1.90,2436,2,3,1897,0,,,,36,,,
69b2c7e56af7e9d38c05ee64,2026-03-12T14:05:42.094Z,union.coop,business,instagram,Reel,".
نقرة خفيفة. إفطار ذو قيمة.
ببضع نقرات سهلة على تطبيق تعاونية الاتحاد، يمكنك طلب صناديق وجبات إفطار شهية والتبرع بها للمحتاجين مباشرة.

اختر ما يناسبك:
•	10 درهم: وجبة دجاج لذيذة
•	12 درهم: وجبة لحم ضأن فاخرة

كل طلب ليس مجرد وجبة، بل هو تذكير جميل بأن العطاء يقربنا من بعضنا، ويجمعنا على قيم المحبة والإنسانية.

احجز صناديق وجبات الإفطار الآن، وساهم في إفطار صائم بوجبة شهية.
#تعاونية_الاتحاد #رمضان2026 #رمضان_في_دبي

A simple tap. A meaningful Iftar. 
With just a few taps on the Union Coop App y…",https://www.instagram.com/reel/DVyX5GUE5b-/,,29,1,,3.97,1450,15,0,1134,0,,,,45,,,
6a9807ed5748f24f7ff3d295,2026-09-04T06:00:49.603Z,union.coop,business,instagram,Post,".

🎒 أفكار صحية لوجبات أطفالكم 💚

اجعلوا وجبات أطفالكم المدرسية بسيطة، شهية ومغذية!

زورونا في تعاونية الاتحاد وتذوّقوا مع ريف لأفكار شهية لوجبات أطفالكم.

📍 جميرا وأم سقيم
📅 5 و6 سبتمبر
⏰ 11 صباحًا – 3 مساءً | 5 مساءً – 8 مساءً

#تعاونية_الاتحاد #العودة_إلى_المدارس 

🎒 Healthy Lunchbox Ideas 💚

Make school lunches simple, tasty & nutritious!

Join us at Union Coop and taste with REEF for tasty ideas for your child’s lunchbox.

📍 Jumeirah & Umm Suqeim
📅 5 & 6 September
⏰ 11 AM – 3 PM | 5…",https://www.instagram.com/p/Dc2sZtPjBfA/,,28,5,,2.01,3413,2,1,1787,0,,,,36,,,
6a95746a92c92a03d890126c,2026-08-31T12:32:53.858Z,union.coop,business,instagram,Post,".

دخل لشراء احتياجاته الأسبوعية وخرج بمنزل جديد! 

من رحلة تسوّق بسيطة إلى فتح باب شقة الأحلام في دبي!

 نبارك من القلب لعميلنا العزيز في تعاونية الاتحاد ""محمد سلمان مسعود"" الفائز في الجائزة الكبرى في حملة «اربح منزلك في دبي»، ونتمنى له بداية جديدة لحياة أكثر إشراقاً.

#تعاونية_الاتحاد #اربح_منزلاً 

Walked in for his weekly groceries, walked out with a beautiful new home! 🏡✨

Congratulations to our Union Coop customer, Mohammed Salman Masood, the grand prize winner of the Win Your Home in Dub…",https://www.instagram.com/p/DctGFfSo6fg/,,28,1,,2.05,2526,0,1,1462,0,,,,30,,,
6a93c87ef156fc09a07781d6,2026-08-30T06:08:02.902Z,union.coop,business,instagram,Reel,".

وجباتهم الخفيفة المفضّلة جاهزة بأقوى الأسعار!

تسوّقوا عروض العودة إلى المدارس حتى 2 سبتمبر. 

للتوفير الأكبر، حمّلوا تطبيق تعاونية الاتحاد واستمتعوا بالعروض الحصرية! 

#تعاونية_الاتحاد #نشرة_العروض #تميّز 

Snack-time favourites, sorted! 🎒🍪

Shop our Back to School offers until 2 September. Want even bigger savings? 👀 

Download the Union Coop App to unlock our best deals 📲

#Union_Coop #LeafletOffers",https://www.instagram.com/reel/Dcp1JSYjAWR/,,28,0,,2.30,1565,0,0,1218,0,,,,28,,,
69f23c987684dc2b0d042175,2026-04-29T17:15:44.676Z,union.coop,business,instagram,Post,".
تسوقك الأسبوعي أصبح أكثر توفيراً الآن! استعرض الأسعار وتعرّف على ما ستدفعه.
في تعاونية الاتحاد لا مفاجآت في الأسعار، فقط قيمة حقيقية على الأطعمة الطازجة التي تحتاجها عائلتك كل أسبوع.
العرض ساري حتى 6 مايو. حصرياً في تعاونية الاتحاد.
#تعاونية_الاتحاد #عروض_كبرى 

Your weekly shopping just got more affordable. 

Swipe through and see what you'll pay at Union Coop. No surprises, just better value on the fresh food your family needs every week.
Promotions valid until May 6. Only at Union Coop.",https://www.instagram.com/p/DXuT4s8kRPe/,,28,0,,2.21,3505,2,1,1400,0,,,,31,,,
69c7e602ce625c671e0866c2,2026-03-28T14:31:11.957Z,union.coop,business,instagram,Reel,".
سارعوا إلى الاستفادة من بطاقة تميّز من ليف، بعوائد استرداد نقدي كبيرة على مشتريات البقالة والطعام والوقود وغيرها.

هذا غير LivTamayazCard ترحيبية التي تصل إلى 1000 درهم عند التسجيل.
سجّلوا الآن واحصلوا على بطاقتكم اليوم!

تطبق الشروط والأحكام.

#بطاقة_تميز_من_ليف #استرداد_نقدي#تعاونية_الاتحاد #بنك_الإمارات_دبي_الوطني

Liv Tamayaz card is here with big cashback rewards on grocery spends, dining, fuel and more. Plus, an AED 1000 welcome bonus. 

Register for your card today! 

T&Cs Apply

#LivTa…",https://www.instagram.com/reel/DWbnkSQjQ35/,,28,0,,2.14,2006,0,3,1493,0,,,,32,,,
69c3f967b425b074960580c6,2026-03-25T15:05:37.476Z,union.coop,business,instagram,Reel,".
وصلت وجباتكم الخفيفة المفضلة! 
في تعاونية الاتحاد عروضنا المميزة لا تتوقف. اغتنموا الآن فرصة العروض على منتجات الأطفال والمستلزمات اليومية حتى تاريخ 1 أبريل!

#تعاونية_الاتحاد #خصومات_كبرى

Snack time sorted 🍪 + pantry restocked 🛒
Discover our latest deals on kids’ favorites and everyday essentials.
Hurry, offers end April 1!

#Union_Coop #BigDiscounts",https://www.instagram.com/reel/DWT9IW_kRD5/,,28,0,,1.98,1987,2,2,1617,0,,,,32,,,
6a30d903450c85b080044c96,2026-06-16T05:30:23.615Z,union.coop,business,instagram,Post,".
أعلى مستويات تحقيق الأحلام هي أن تشتري مستلزماتك اليومية من تعاونية الاتحاد وتخرج بمفتاح منزل العمر!
هذا لا يعني أن شراء احتياجاتك الأسبوعية سيمنحك منزلاً على الفور، ولكن مع وجود 12 شقة متاحة للفوز بها، قد يصبح الحلم حقيقة.
ماذا لو كان هذا الأمر إشارة لك لشراء وجبة خفيفة إضافية لتتجاوز حاجز ال 500 درهم.
 . أنفق 500 درهم أو أكثر في أي فرع من تعاونية الاتحاد أو المتاجر المشاركة في فروعنا.
 . امسح إيصالك ضوئياً.
 . تابعنا لمعرفة ما إذا كنت أحد الفائزين المحظوظين.
ما أول شيء ستشتريه لشقتك الجديدة؟…",https://www.instagram.com/p/DZopUaSEUPG/,,27,4,,2.97,2559,1,2,1143,0,,,,34,,,
6a0222bd4509fa58644f1656,2026-05-11T18:22:33.000Z,union.coop,business,instagram,Post,".
أنت من أي جيل؟ جيل الألفية الجدي أم جيل زد المرح؟ 
كلاهما متفق على شيء واحد وهو عروض تعاونية الاتحاد التي لا تُفوت!

#تعاونية_الاتحاد #عروض #مزايا_قيمة

Millennial vs. Gen Z… same offers, different personalities 👀✨
Who said it best?

#Union_Coop #GreatValue Offers",https://www.instagram.com/p/DYNVFlhiJWH/,,27,2,,1.55,4951,3,3,2316,0,,,,36,,,
6aacf482f05c8fb882bf4771,2026-09-18T08:21:49.302Z,union.coop,business,instagram,Post,".

أثناء التسوق قد تضيّع العدّ بين أول منتج لا يمكنك الاستغناء عنه وثالث منتج اشتريته، لكن تميّز لا يفقد قدرته على الحساب أبداً.

فكل عملية تسوق معه تعني قيمة أكبر ومكافآت أكثر وأسباباً تجعلك تعود دائماً.

حمّل تطبيق تعاونية الاتحاد وابدأ رحلتك مع عضوية تميّز اليوم.

#تعاونية_الاتحاد #تميّز

Somewhere between the first essential and the third “might as well get it,” you stopped counting. Tamayaz didn’t.

With Tamayaz, every shop comes with more value, more rewards and more reasons to keep coming…",https://www.instagram.com/p/Dda_qnll8rx/,,27,1,,3.21,2100,0,1,904,1,,,,29,,,
6a5849ebe065b8f32560e8b1,2026-07-15T06:00:57.000Z,union.coop,business,instagram,Post,".
​هل تخططون لرحلة تسوقكم القادمة؟ ​

في تعاونية الاتحاد جعلنا لكم التخطيط أسهل وأوفر!​

تصفحوا عروضنا المذهلة لهذا الأسبوع بأسعار استثنائية تبدأ من 5، 10، 15، وحتى 20 درهماً فقط!​

حققوا أقصى استفادة من كل درهم، واملأوا سلتكم بكل ما ترغبون دون التفكير في الميزانية.​

العروض سارية حتى 22 يوليو، لا تفوتوها​.

#تعاونية_الاتحاد #حياة_دبي!​

Planning your next grocery run?​

Swipe through to explore this week’s great finds at just AED 5, 10, 15 & 20 and make the most of every dirham.​
​
Offers valid…",https://www.instagram.com/p/DazX40uCJml/,,27,0,,1.51,6749,15,5,3250,0,,,,49,,,
6a0c00046ae6d7bba50c9515,2026-05-19T06:18:31.662Z,union.coop,business,instagram,Reel,".
هل ما زلت تستخدم رقم هاتفك أو بطاقة تميّز الفعلية عند الدفع؟ إذن، أنت تفوّت على نفسك الكثير.
مع تطبيق تعاونية الاتحاد، تصبح كل زيارة أكثر فائدةٍ، بدءاً من العروض الحصرية والتحديات الأسبوعية، ووصولاً إلى الألعاب والتسوق السلس أونلاين.
 إضافة إلى فرصتك للفوز بمليون نقطة من تميّز كل يوم اثنين. 
حمّل التطبيق اليوم وامسح بطاقة تميز الرقمية عند الدفع، واستفد إلى أقصى حد من كل عملية تسوق في تعاونية الاتحاد.

#تعاونية_الاتحاد #تميّز 

Still using your phone number or physical Tamayaz card? You are mis…",https://www.instagram.com/reel/DYgoTzmlInq/,,27,0,,2.52,1417,1,1,1150,0,,,,29,,,
69593598e4f1f1f2d705c27c,2026-01-03T15:29:19.956Z,union.coop,business,instagram,Reel,"امسح واحصل على الجوائز المميزة!
العب عبر تطبيق تميز واربح جوائز رائعة!
فعل العروض الحصرية على قسم تميز في تطبيق تعاونية الاتحاد، واستمتع بخصومات تصل إلى أكثر من 40% على منتجات مختارة!
لا تفوت الفرصة والعب الآن!

#تعاونية_الاتحاد #امسح_و_اربح #تميّز 

Scratch your way to rewards!
Play on the Tamayaz app and unlock exciting prizes!
Activate app exclusive offers on the Tamayaz section of the Union Coop App and get 40% off and more on select products!
Don’t miss out, start scratching today!

#Union_…",https://www.instagram.com/reel/DTDbalHj7yP/,,27,0,,2.83,1525,2,2,1166,0,,,,33,,,
6a900c6a4670894d94ff8107,2026-08-27T10:07:59.422Z,union.coop,business,instagram,Post,".

احتفلي معنا بـ يوم المرأة الإماراتية من خلال ورشة صناعة الدخون المميزة والمستوحاة من التراث الإماراتي.

انضمي إلينا في تجربة تفاعلية مميزة واصنعي دخونك الخاص.

📅 28 أغسطس 2026
📍 اتحاد مول | البرشاء مول | الخوانيج مول
🎁 ورشة مجانية
👩 مخصصة للسيدات فقط
🎟 المقاعد محدودة – التسجيل مطلوب

امسحي رمز الـ QR للتسجيل واختيار الموقع والجلسة المناسبة لكِ.

#تعاونية_الاتحاد

Celebrate Emirati Women’s Day with us through a special Dukhoon Making Workshop, inspired by Emirati heritage.

Join us for a …",https://www.instagram.com/p/DciiUm4IMM2/,,26,3,,3.16,4103,24,11,2027,3,,,,64,,,
6a912a762af0bcfb3a382837,2026-08-28T06:29:07.556Z,union.coop,business,instagram,Reel,".

لأن أطفالكم جزء من عائلتنا، يسعدنا تقديم فاكهة طازجة مجانية لمتسوقينا الصغار في كل جولة تسوق.

📍 متوفر في: 

البرشاء مول | اتحاد مول | جميرا | الورقاء سيتي مول

اصطحبوا صغاركم لتعاونية الاتحاد ليستمتعوا بفاكهة طازجة ومجانية أثناء رحلة التسوق.

#تعاونية_الاتحاد 

A fresh little treat for our little shoppers! 🍎🍌

Kids can enjoy one free fruit per child while you shop at Union Coop. 

📍 Available at:

 Al Barsha Mall | Etihad Mall | Jumeirah | Al Warqa City Mall

Bring the little ones along …",https://www.instagram.com/reel/Dckt--mCvbN/,,26,0,,3.41,1039,0,0,792,0,,,,27,,,
6a87033908839971ef58430a,2026-08-20T13:38:32.582Z,union.coop,business,instagram,Reel,".

استفد أكثر من كل 200 درهم تنفقها في موسم العودة إلى المدارس. 

فقط امسح بطاقة تميّز الرقمية لتحصل على خصومات فورية على مستلزمات العودة إلى المدارس، وفرصة للفوز بجوائز يومية.

 تسوّق. امسح. وفّر واربح.

#تعاونية_الاتحاد #العودة_إلى_المدارس 

Make AED 200 go further this Back to School 🎒

Scan your digital Tamayaz ID to enjoy direct discounts on Back-to-School essentials and for a chance to win daily prizes. 

Shop. Scan. Save. Win.

#Union_Coop #BackToSchool",https://www.instagram.com/reel/DcQ40nvmQir/,,26,0,,3.52,1009,1,0,766,0,,,,27,,,
6a6b182b33b5c93e97005a19,2026-07-30T09:24:27.312Z,union.coop,business,instagram,Reel,".
وداعاً للحيرة في اختيار الأفوكادو! 

بفضل الختم الزمني على كل حبة، ستعرف متى تتناولها بالدقة التي تفضلها ودون الحاجة للضغط على الحبة أو التخمين. 

احصل عليها الآن من أقرب فرع لتعاونية الاتحاد أو اطلبها بكل سهولة عبر التطبيق!

#تعاونية_الاتحاد #طازج_كل_يوم #اختبر_نضج_الأفوكادو

No more guessing games with your avocado. Every one of them, timestamped. So you know exactly when it's ready, and exactly how long to wait. Pick your day. Skip the squeeze test. Get them at your nearest Union Coop or on…",https://www.instagram.com/reel/DbaXDETDBn8/,,26,0,,2.87,1827,7,4,1396,0,,,,40,,,
69f4bf7daf36ea3a6007105e,2026-05-01T14:59:04.599Z,union.coop,business,instagram,Reel,".
طازجة ومحلية ومُعدة لوجباتكم اليومية!

تربى أسماك البلطي التي نحصل عليها من مصادر محلية بمنتهى العناية في جميع أنحاء الإمارات العربية المتحدة، ثم يتم توصيلها طازجة إلى موائدكم.

فقط في تعاونية الاتحاد تجدون كل الصيد الطازج بجودة مضمونة.
#تعاونية_الاتحاد #طازج #البلطي

Fresh, local, and made for your everyday meals!

Our locally sourced Tilapia is carefully farmed across the UAE, handled with care, and delivered fresh to your table. 

Bring home freshness you can trust. Only at Union Coop.

#Un…",https://www.instagram.com/reel/DXzNv7zkSd5/,,26,0,,3.23,1478,6,2,1053,0,,,,34,,,
69a54dc7e3277d8be1010905,2026-03-02T08:46:52.264Z,union.coop,business,instagram,Reel,".
تسوقكم في رمضان حافل بالخصومات. استمتعوا بعروضنا الحصرية على المنتجات الطازجة والمستلزمات الأساسية وغيرها. تسري العروض حتى 5 مارس. تسوقوا في فروعنا أو عبر التطبيق واستفيدوا من كل درهم في الشهر الكريم.
#تعاونية_الاتحاد #خصومات_رمضان #رمضان_في_دبي #تسوق_ووفر 

Your Ramadan shopping, filled with savings. Enjoy exclusive offers across fresh produce, essentials, and more, valid till 5th March. Shop in-store or online and make the most of every dirham this Ramadan.

#Union_Coop #RamadanInDubai #Rama…",https://www.instagram.com/reel/DVYDTFtjHqj/,,26,0,,2.40,1625,3,1,1292,0,,,,31,,,
69a28ea795253cc07c813c0c,2026-02-27T13:17:54.000Z,union.coop,business,instagram,Post,".
من دعم العائلات بسلال التعاونية المزوّدة بكل المستلزمات الأساسية، إلى تقديم وجبات الإفطار ومشاركة بطاقات خيرات، وصولاً إلى التبرع عبر المنصات الخيرية المتوفرة داخل فروعنا، أو حتى توفير المياه للمصلين في جواركم. كل مساهمة منكم تعزز قيم الرحمة والعطاء في مجتمعنا خلال الشهر الفضيل.

تصفحوا الصور للتعرف على طرق عديدة ومفيدة لتكونوا جزءاً من روح رمضان.
#تعاونية_الاتحاد #تميّز #رمضان2026 #رمضان_الخير#بركات_رمضانالرعاية_المجتمعيةروح_رمضانرمضان_في_دبي

This Ramadan, every act of giving makes a differe…",https://www.instagram.com/p/DVQ0MbSAfIf/,,26,0,,2.96,4793,2,0,945,0,,,,28,,,
699353533b9c93dc2600fab0,2026-02-16T17:27:41.753Z,union.coop,business,instagram,Reel,".
سجّلت تعاونية الاتحاد نمواً مستداماً في عام 2025، مؤكدةً مكانتها الراسخة كإحدى أبرز مؤسسات التجزئة في دولة الإمارات.
نتائج عام 2025:
•	إجمالي الدخل: 2.289 مليون درهم (+8%)
•	الأرباح بعد الضرائب: 338 مليون درهم (+7.4%)
•	إيرادات مبيعات التجزئة: 1.857 مليون درهم (+8%) 
•	إيرادات التجارة الإلكترونية: 178 مليون درهم (+35%)
من توسيع حضورنا في المجمعات السكنية، إلى تطوير حلول تجزئة ذكية تعزز تجربة المتسوق، ووصولاً إلى مبادرات الاستدامة، نواصل بناء قيمة طويلة الأمد لعملائنا وشركائنا ومجتمعاتنا.
قيمة …",https://www.instagram.com/reel/DU0773fikLr/,,26,0,,2.10,1827,3,0,1384,0,,,,29,,,
6965ea0a955a4fb473054acf,2026-01-13T07:16:00.565Z,union.coop,business,instagram,Reel,"تسوّق من تعاونية الاتحاد وادخل عالم لعبة تميّز لتحصل على جوائز مميّزة!
دوّر العجلة على التطبيق لتحصل على فرصة الفوز بعصائر منعشة تروي عطشك!
لا تفوّت الحماس، دوّر الآن!

#تعاونية_الاتحاد #لعبة_تميز #دوّر_واربح 

Shop at Union Coop and play the Tamayaz Game for exciting rewards!
Spin the wheel on the Tamayaz App for a chance to win refreshing drinks and beat your thirst!
Don’t miss out, start spinning today!

#Union_Coop #TamayazGame #Spin_and_Win",https://www.instagram.com/reel/DTcS5jMDAh6/,,26,0,,2.96,1225,2,0,945,0,,,,28,,,
69d0e9bc842acdfea803e174,2026-04-04T10:37:44.854Z,union.coop,business,instagram,Reel,"⁨	.
لأن يوم الجزر العالمي يستحق الاحتفال، ندعوكم في تعاونية الاتحاد إلى تجربة أجود أنواع الجزر الطازج المستورد من عمان وتركيا، والكبير بالحجم والسهل التقشير!
 من سلطاتكم الصحية إلى وجباتكم اللذيذة، شاركونا كيف تتناولونه عادةً. 

#تعاونية_الاتحاد #يوم_الجزر

Celebrate International Carrot Day with the freshest picks from Union Coop! Sourced from Oman and Turkey, naturally larger and easier to peel! 

From snacks to salads, carrots make every bite wholesome and delicious.
How do you enjoy yours? C…",https://www.instagram.com/reel/DWtObNllQhq/,,25,5,,3.40,1473,7,1,1119,0,,,,38,,,
6a103ee87c371ebeb70a6669,2026-05-26T16:05:38.279Z,union.coop,business,instagram,Reel,".
من كل بيت إلى كل قلب، نتمنى لكم عيداً يملؤه السلام والامتنان والوئام. عيد مبارك من أسرة تعاونية الاتحاد إلى عائلاتكم الكريمة جميعاً.

#عيد_مبارك #تعاونيةـالاتحاد #عيد_الأضحى

From every home to every heart, may your Eid be filled with peace, gratitude, and togetherness.
Eid Mubarak from our family to yours. 

#EidMubarak #EidAlAdha #Union_Coop",https://www.instagram.com/reel/DYztIR-CE1G/,,25,1,,1.64,2032,0,0,1586,0,,,,26,,,
6979f1da2fedf153c7002a98,2026-01-28T11:24:22.857Z,union.coop,business,instagram,Post,"لا تنسَ مسح تطبيق تميّز عند الدفع!
أنفق 150 درهم واحصل على فرصة الفوز بسيارة جيتور ومواد غذائية أسبوعياً.
#تعاونية_الاتحاد #رمضان2026 

Don’t forget to scan your Tamayaz app at checkout.
Spend AED 150 and get a chance to win a Jetour car and weekly groceries.

#Ramadan2026 #Union_Coop",https://www.instagram.com/p/DUDXWD6DOsd/,,25,1,,2.91,2454,1,1,995,0,,,,29,,,
6a3b96f6f9fecb5e780d5f5d,2026-06-24T08:36:41.485Z,union.coop,business,instagram,Post,".
قرمشة لا تُقاوم في منزلكم!
 بدلاً من الخروج، حضّروا شطيرة الدجاج المقلي الأكثر شهرةً في مطبخكم، ولا تنسوا المكوّن السري: صلصة إكسلنس الشهيرة. 
والآن، من سيتولى الطهي في عطلة نهاية الأسبوع القادمة؟

#تعاونية_الاتحاد #صلصة_إكسلنس #الدجاج_المقلي

Craving that ultimate crunch? 💥 You don't need to go out to get it! Grab your ingredients and make the famous Viral Fried Chicken Sandwich at home. Don't forget the secret ingredient: the famous Excellence sauce! Who's cooking this weekend? 👨‍🍳👩‍🍳✨
…",https://www.instagram.com/p/DZ9k_w1Cbx4/,,25,0,,3.44,2159,0,3,900,0,,,,31,,,
6956894d980e65bbd1035435,2026-01-01T14:48:51.890Z,union.coop,business,instagram,Post,"نوفر لك كل ما تحتاجه وأكثر!
من المستلزمات الغذائية والوجبات الخفيفة، إلى منتجات الألبان وأشهى المأكولات المفضلة للعائلة، كلها بمتناول يدك في تعاونية الاتحاد.
ابدأ العام الجديد بمخزون متكامل.

#تعاونية_الاتحاد #بداية_جديدة #حياة_صحية 

We've got you covered!
All you need from pantry staples to snacks, dairy & family favourites.
Start the year well-stocked at Union Coop!

#UnionCoop #FreshStart #HealthyLiving",https://www.instagram.com/p/DS-NSDVifyP/,,25,0,,2.36,2412,1,3,1357,0,,,,32,,,
6aa3df03181c760cb8a55e7a,2026-09-11T11:00:23.697Z,union.coop,business,instagram,Reel,".

تسوقك اليومي؟

 يستحق أكثر من مجرد فاتورة! 

انضم إلى «عالم لِف تميّز» واكسب مكافآت على البقالة والسفر والمطاعم وكل نفقاتك من مكان واحد فقط.

هل أنت مستعد لتحويل تسوقك اليومي إلى مكاسب حقيقية؟

#تعاونية_الاتحاد #لِف_تميز #استرداد_نقدي 

Your everyday purchases deserve something in return.

Liv Tamayaz World rewards groceries, travel, dining, and everyday spends, all in one place.

Ready to make your everyday shop more rewarding?

#Union_Coop #LivTamayaz 

@livbank
ء",https://www.instagram.com/reel/DdJQJQxj2gP/,,24,3,,2.88,2527,26,4,2014,0,,,,58,,,
6a893d283e04308e9196433b,2026-08-22T06:10:44.855Z,union.coop,business,instagram,Reel,".

املأ ثلاجتك بأجود الاختيارات الطازجة لموسم العودة إلى المدارس، واستمتع بمكافآت رائعة واسترداد نقدي يصل إلى 10% مع بطاقة لِف تميّز الائتمانية. 

كل ما تحتاجه للعام الدراسي الجديد تجده في تعاونية الاتحاد لكن مع مكافآت تضيف قيمة أكبر لمشترياتك.
 
اختيارات طازجة ومكافآت أكثر وفرص يومية للفوز. 

سجل الآن عبر الرابط الموجود في البايو.

*تطبق الشروط والأحكام.

#تعاونية_الاتحاد #العودة_إلى_المدارس 

Stock your fridge with fresh Back-to-School essentials and enjoy even more rewards! 

Get up to 10% ca…",https://www.instagram.com/reel/DcVPJbMgeGm/,,24,3,,2.47,1408,0,1,1133,0,,,,28,,,
69b296ac5483e144100e56fd,2026-03-12T10:37:18.989Z,union.coop,business,instagram,Reel,".
لا تدعوا الفرصة الذهبية تفوتكم! 
إنها آخر محاولة لكم للفوز بالجائزة الكبرى عبر سلة رمضان. اشتروا بمبلغ 150 درهم فقط من تعاونية الاتحاد، واحصلوا على فرصة للفوز بسيارة جيتور الفاخرة. فكل عملية شراء تعني فرصة فوز جديدة! 
زوروا أقرب فرع لنا أو تسوقوا بسهولة عبر تطبيقنا الآن.
#تعاونية_الاتحاد #رمضان2026 #رمضان_في_دبي 

In case you missed it, this is your last chance to let your Ramadan basket bring you closer to the big win. Spend AED 150 at Union Coop and receive 1 entry for a chance to win a Jeto…",https://www.instagram.com/reel/DVx_7avlM19/,,24,3,,2.78,1339,0,1,1081,0,,,,30,,,
6956546489a140cfbd040df9,2026-01-01T11:03:09.045Z,union.coop,business,instagram,Post,"تهانينا للفائز في السحب الأخير بتاريخ 31 ديسمبر!
#النداء_الأخير #عروض_نهاية_العام #تسوق_واربح #تعاونية_الاتحاد 

Congratulations to the winner of the last draw on December 31!
#FinalCall #YearEndDeals #ShopAndWin #Union_Coop",https://www.instagram.com/p/DS9zcsVj0LO/,,24,1,,2.19,2474,1,0,1322,0,,,,29,,,
6a99a0585e4d56af8c936ae0,2026-09-03T16:29:54.093Z,union.coop,business,instagram,Post,".

ربما خيّبت لعبة الإيموجي آمالنا، لكن العروض؟ أبداً!

مئات المنتجات الآن بأسعار مخفضة. تسوّقوا أحدث العروض واستمتعوا بالتوفير.

#تعاونية_الاتحاد #العودة_إلى_المدارس

The emoji game may have let us down, but the offers definitely didn’t. 😌

Hundreds of products are now on promotion! Enjoy the discounts and shop the latest offers. 🛒

#Union_Coop #BackToSchool",https://www.instagram.com/p/Dc1Pl5gID0U/,,24,0,,1.79,3236,2,1,1505,0,,,,27,,,
6a912b8a1562ef40ec929696,2026-08-28T08:00:28.093Z,union.coop,business,instagram,Post,".

🎒 أفكار صحية لوجبات أطفالكم 💚

اجعلوا وجبات أطفالكم المدرسية بسيطة، شهية ومغذية!

زورونا في تعاونية الاتحاد وتذوّقوا مع ريف لأفكار شهية لوجبات أطفالكم.

📍 اتحاد مول والبرشاء مول
📅 29 و30 أغسطس 
⏰ 11 صباحًا – 3 مساءً | 5 مساءً – 8 مساءً

#تعاونية_الاتحاد #العودة_إلى_المدارس

🎒 Healthy Lunchbox Ideas 💚

Make school lunches simple, tasty & nutritious!

Join us at Union Coop and taste with REEF for tasty ideas for your child’s lunchbox.

📍 Etihad Mall & Al Barsha Mall
📅 29 & 30 August
⏰ 1…",https://www.instagram.com/p/Dck4hoOI2ne/,,24,0,,2.01,2795,1,1,1294,0,,,,26,,,
6a8d94597b8d3473d66a09cd,2026-08-25T13:11:52.635Z,union.coop,business,instagram,Reel,".

أقلّ من أسبوع يفصلنا عن بدء العام الدراسي!

تجنّبوا الانتظار، واستفيدوا من أكبر الخصومات على مئات منتجات العودة إلى المدارس.

عروض هذا الأسبوع متاحة الآن! تسوّقوا مبكراً واستفيدوا من أفضل الخيارات قبل نفاذ الكمية. 

#تعاونية_الاتحاد #العودة_إلى_المدارس #خصومات_كبرى 

Less than one week to go until school starts. Beat the rush with our biggest discounts yet on hundreds of back-to-school products. This week's deals are officially live—shop while stocks last.

#Union_Coop #BackToSchool",https://www.instagram.com/reel/DcdtsQGiImS/,,24,0,,2.23,1463,0,0,1074,0,,,,24,,,
6a6213027fdcb741b60b28c5,2026-07-23T13:11:49.463Z,union.coop,business,instagram,Post,".
تذوّق طعم الرطب الطازج والمزروع محليّاً مع فريش بوكس في تعاونية الاتحاد!

انضم إلينا واستمتع بتذوق مجاني لحلوى البثيث الأصيلة.

⏰ من 10 صباحاً حتى 10 مساءً

📍 اتحاد مول | جميرا مول | البرشاء مول

📅 25 – 26 يوليو

اصطحب عائلتك واستمتع بعرَاقة المذاق الإماراتي الأصيل.

#تعاونية_الاتحاد #البثيث #فريش_بوكس

Taste the goodness of fresh, locally grown dates with FreshBox at Union Coop! 🌴 

Plus enjoy a FREE Batheetha sampling from 10 AM – 10 PM

📍 Etihad Mall, Jumeirah & Barsha Mall

📅 25–26 Ju…",https://www.instagram.com/p/DbIvipukfyo/,,24,0,,2.37,4265,11,8,2027,1,,,,48,,,
6a6220f405d4395de7051acd,2026-07-23T14:12:02.955Z,union.coop,business,instagram,Reel,".
في ختام أجواء كأس العالم 2026 نبارك للفائزة بالجائزة الكبرى ""بدرية عبدالله محمد"" فوزها بسيارة «جيتور T2» الجديدة!

ويسعدنا إعلام الجميع أن الإثارة لم تنتهِ بعد! 

ابقوا معنا وتابعوا السحوبات الأسبوعية على ""مليونير تميز""، والمزيد من المفاجآت القادمة قريباً في مكانكم المفضل للتسوق، تعاونية الاتحاد.

#تعاونية_الاتحاد #جوائز_كبرى #جيتور_تي2

We have our own big World Cup 2026 winner too. Congratulations to Badreya Abdulla Mohammad, who is driving away with our Grand Prize. A Jetour T2. To everyone…",https://www.instagram.com/reel/DbI2VnBkqO4/,,23,1,,3.01,1332,1,2,963,0,,,,29,,,
6aa139bd5294a849880d9668,2026-09-09T10:50:05.362Z,union.coop,business,instagram,Reel,".

وفّر حتى 50% على تشكيلة واسعة من المنتجات مع العروض الحصرية على تطبيقنا.​

كل ما عليك فعله هو تفعيل عروضك عبر تطبيق تعاونية الاتحاد، واجعل كل عملية تسوق أكثر توفيراً!​

#تعاونية_الاتحاد #التطبيق_حصريا​

Enjoy up to 50% OFF on a range of products with our app exclusive offers.​

Simply activate your offers in the Union Coop app and make every shop count!​

#Union_Coop #AppExclusive​",https://www.instagram.com/reel/DdEFcIrgbLm/,,23,0,,3.21,1060,0,1,779,0,,,,25,,,
6a9ac54ed6921ed3b4ca9d11,2026-09-05T07:01:09.713Z,union.coop,business,instagram,Reel,".

مقرمش وهشّ وغنيّ بنكهة صلصة سيزر. 

ساندويتش الدجاج بصلصة سيزر الذي أصبح حديث الناس، مثالي لعلب الغداء والوجبات العائلية السهلة. 

لقد جعلنا لكم استعدادات العودة إلى المدرسة أسهل من أي وقت مضى.

#تعاونية_الاتحاد #العودة_إلى_المدارس 

Crispy, crunchy, and packed with Caesar flavour. 🥪

The viral chicken Caesar sandwich, perfect for lunchboxes and easy family
meals.

Your back-to-school prep made easy.

#Union_Coop #BackToSchool",https://www.instagram.com/reel/Dc5YCmWlXf-/,,23,0,,2.44,1697,4,2,1232,0,,,,30,,,
6a707320a574e5513f0b9d98,2026-08-03T10:54:22.238Z,union.coop,business,instagram,Reel,".
موسم العودة إلى المدارس بدأ! 

تسوق بقيمة 200 درهم، وامسح بطاقة تميز الرقمية عند الدفع لتسجيل حضورك في السحب واكتساب مزايا حصرية!

#تعاونية_الاتحاد #العودة_إلى_المدارس #جوائز_يومية #جوائز_أسبوعية

Back-to-school shopping is officially back. Get much more for your shopping.

Shop for AED 200 to enter the draw and scan your digital Tamayaz ID at checkout. 

#Union_Coop #BacktoSchool #DailyPrizes #WeeklyPrizes",https://www.instagram.com/reel/Dbk0doeD1_J/,,23,0,,3.69,1166,1,3,841,0,,,,31,,,
6a4782bb20420abcc40a3fe1,2026-07-03T10:01:17.106Z,union.coop,business,instagram,Post,".
إليكم أسماء الفائزين في مسابقة مليونير تميّز لشهر يونيو!

زار بعضهم المتجر ثلاث مرات، وزار البعض الآخر ست مرات، لكنهم جميعاً حصدوا مكافآت من نقاط تميّز تصل قيمتها إلى 16,700 درهم.

هل ستكون زيارتكِ القادمة هي التي تُغير كل شيء؟ تسوق، شارك، وزد فرصك في الفوز لتكون الرابح التالي.

#مليونير_تميّز #تعاونية_الاتحاد

Here are our June winners of the Tamayaz Millionaire! 🎉

Some visited three times. Some visited six times. But all of them walked away with up to AED 16,700* in Tamayaz points. ✨

Will…",https://www.instagram.com/p/DaU5yWYGkW0/,,23,0,,1.49,3516,0,0,1543,0,,,,23,,,
6a26d4367d1227123709a0e4,2026-06-08T14:40:49.333Z,union.coop,business,instagram,Reel,".
حلوى التقشير التي يتحدث عنها الجميع، هل جربتها؟ إنها متوفرة الآن في تعاونية الاتحاد، لاتنس الحصول عليها أثناء تسوقك.
#تعاونية_الاتحاد #الحلوى_الأشهر #تريندي #حلوى_التقشير 

The viral peeler candy everyone’s talking about 🍬👀
Find it at Union Coop while stocks last.
#Union_Coop #ViralCandy #Trending #PeelerCandy",https://www.instagram.com/reel/DZVB3fiifo1/,,23,0,,1.69,2661,10,2,2074,0,,,,35,,,
69b05a5a5d5e685cc00b3127,2026-03-10T17:53:26.383Z,union.coop,business,instagram,Reel,".
اجعلوا شهر رمضان هذا العام أكثر بركةً وفائدةً مع عروضنا الاستثنائية محدودة المدة. استمتعوا بالخصومات على مجموعة واسعة من المنتجات الطازجة والمستلزمات اليومية وغيرها من السلع الأساسية. العروض سارية حتى 22 مارس.
تسوّقوا بكل سهولة من فروعنا أو من خلال تطبيقنا الذكي، واستمتعوا بتوفير حقيقي يلبّي احتياجات عائلاتكم في الشهر الفضيل.

#تعاونية_الاتحاد #خصومات_كبرى #رمضان_في_دبي

Make this Ramadan even more rewarding with limited-time deals on fresh groceries, essentials, and more. Offers valid until 2…",https://www.instagram.com/reel/DVtoXgHkqY4/,,23,0,,1.98,1468,0,0,1164,0,,,,23,,,
6985d68d94d15cdf9e08f08f,2026-02-06T11:55:05.880Z,union.coop,business,instagram,Post,"مساحة أوسع وخيارات تقنية أبعد!
يسرّ تعاونية الاتحاد، فرع ند الشبا مول إعلانها عن قسم الإلكترونيات بحلّته الجديدة، بمساحة أكبر وتشكيلة أوسع من أحدث الأجهزة.
اكتشف كل ما هو مواكب للعصر فقط في تعاونية الاتحاد.
#تعاونية_الاتحاد #خيارات_تقنية #جديدنا_في_المتجر 

More room to browse and more tech to choose from!
The electronics area at Union Coop Nad Al Sheba Mall is now bigger, with a wider range waiting for you.
Discover today!
#Union_Coop #TechFinds #NewInStore",https://www.instagram.com/p/DUamA24jCjK/,,23,0,,2.19,2528,0,1,1096,0,,,,24,,,
698595482a8108b019008474,2026-02-06T07:17:20.090Z,union.coop,business,instagram,Reel,"مزايا أكثر في كل مرة تتسوّق فيها باستخدام بطاقة تميّز.
من العروض الحصريّة في المتاجر إلى عروض امسح واربح على شاي أحمد.
استمتع بالمزيد مع كل عملية تسوّق.
#تعاونية_الاتحاد #تميّز #امسح_واربح #شاي_أحمد 

More value in every shop with Tamayaz.
From exclusive in-store offers to a scratch & win on Ahmad Tea, enjoy more with every shop.
#Union_Coop #Tamayaz #ScratchAndWin #AhmadTea",https://www.instagram.com/reel/DUaGIovDXhu/,,23,0,,2.50,1183,0,0,959,0,,,,24,,,
6a3e5bc6a57babcde6079268,2026-06-26T11:04:00.742Z,union.coop,business,instagram,Post,".
حلو، مالح، جبن، أم كراميل؟

لمَ الحيرة وصافرة البداية لا تنتظر!
 لا تضيع وقتك في الاختيار بينما يمكنك الحصول عليها كلها. جهّز نكهتك المفضلة الآن من تعاونية الاتحاد، واستمتع بقائمة الأطعمة المثالية لماراثون مباريات عطلة نهاية الأسبوع.

الحماس في قمته! مع أي فريق تقف اليوم؟ شاركنا في التعليقات!
#تعاونية_الاتحاد #كأس_العالم

Sweet, salty, cheese, or caramel? 🍿 Why choose when you can have them all! Grab your perfect weekend binge-watching lineup at Union Coop today. Which team are you on? Let us…",https://www.instagram.com/p/DaC_c1OGnDH/,,22,4,,3.53,2318,1,4,964,0,,,,34,,,
69df5307f48db12d4d055125,2026-04-15T08:58:41.763Z,union.coop,business,instagram,Reel,".
في الحلقة الرابعة من سلسلة الوصفات الشهيرة: الكافيتريا تنتقل إلى مطبخكم!

 نفس الطعم ونفس المتعة لكن هذه المرة من إعدادكم!

زنجر مقرمش مع صلصة كريمية، وخس طري ملفوف بإتقان، ومحضّر بحب!

كل ما تحتاجونه من مكونات طازجة دائماً متوفرة في تعاونية الاتحاد!

#تعاونية_الاتحاد #وصفات_سهلة #مكونات_طازجة 

In episode 4 of our viral recipe series, we’re bringing your favourite cafeteria meal home.

Crispy zinger, creamy sauce, crunchy lettuce all wrapped to perfection.

Shop the ingredients now at Union C…",https://www.instagram.com/reel/DXJX0UPEmYL/,,22,1,,2.09,2028,7,5,1675,0,,,,35,,,
6a4c93422f69bf121d0f3d08,2026-07-07T05:49:20.637Z,union.coop,business,instagram,Reel,".
أيام الثلاثاء أصبحت أفضل بنسبة 50%! 

انطلقت عروض منتصف الأسبوع رسمياً! سارعوا بزيارة تعاونية الاتحاد الآن للاستفادة من عروض اليوم بنصف السعر.

لا تفوتوا الفرصة، وتابعونا كل يوم ثلاثاء لتكتشفوا مفاجآت متجددة!

#تعاونية_الاتحاد #عروض_الثلاثاء

Tuesdays just got 50% better! ✨ Our mid-week deals are officially live. Hurry into Union Coop to grab today's half-price offers. Don't miss out—check back every Tuesday for new surprises! 🛒

#Union_Coop",https://www.instagram.com/reel/DaewJfzlKiF/,,22,0,,2.03,1823,1,2,1231,0,,,,25,,,
6a3f03f868a43a05253077ec,2026-06-26T04:53:50.000Z,union.coop,business,instagram,Post,".
نعم، قرأت الخبر بشكل صحيح تماماَ!
مليون نقطة من تميّز تساوي 16,700 درهم مما يعني حرفياً 5 أجهزة آيفون جديدة كلياً.
كيف تفوز؟ الأمر بسيط جداً!
أنفق 200 درهم أو أكثر وامسح بطاقة تميّز الرقمية عند الدفع وانتظر كل يوم اثنين لتجدد فرصتك بالفوز أسبوعياً!
الجائزة حقيقية، والفوز ممكن!

تطبق الشروط والأحكام* .

#تعاونية_الاتحاد #مليونيز_تميّز  #اثنين_المليونير

Yes, you read that right.  1,000,000 Tamayaz points could be yours, and they are worth up to AED 16,700*! That’s literally five brand-new iPhon…",https://www.instagram.com/p/DaCVGn9iL_I/,,22,0,,3.02,2287,1,3,926,0,,,,28,,,
6a2306a23003eeac170fe019,2026-06-05T17:26:11.539Z,union.coop,business,instagram,Post,"من عربة التسوق إلى مفتاح المنزل!

تسوّق بقيمة 500 درهم أو أكثر من فروع تعاونية الاتحاد أو المتاجر المشاركة في مراكزنا التجارية، وادخل السحب للحصول على فرصة الفوز بمنزل في دبي.

سواء كنت تتسوّق لاحتياجات الأسبوع أو لعائلتك، قد تكون مشترياتك هي الخطوة الأولى نحو تغيير حياتك.

#تعاونية_الاتحاد #مفاجآت_صيف_دبي #غرف_دبي

From shopping cart to house keys.

Spend AED 500+ at Union Coop stores or participating shops in our mall and enter for a chance to win a home in Dubai.
Whether you're stocking up fo…",https://www.instagram.com/p/DZNmft7mv34/,,22,0,,3.45,2407,13,2,1071,0,,,,37,,,
6a0878aafc9cd70de60b1962,2026-05-16T14:03:02.586Z,union.coop,business,instagram,Reel,".
عطلة نهاية الأسبوع أصبحت أكثر قيمةً ومتعةً فقط مع تعاونية الاتحاد!
تسوّقوا في تعاونية الاتحاد واستمتعوا بعروض رائعة على المستلزمات الأساسية إنها فرصتكم للفوز بمليون نقطة من تميّز!
كيفية المشاركة؟
تسوّقوا بـ ٢٠٠ درهم أو أكثر، امسحوا بطاقة تميز الرقمية عند الدفع، وادخلوا سحب اثنين المليونير القادم!

#اثنين_المليونير #تميّز #تعاونية_الاتحاد 

This weekend, your shopping goes further at Union Coop.

Enjoy great deals on your essentials and turn every purchase into a chance to win 1,000,000 Tamayaz…",https://www.instagram.com/reel/DYZvOKziXdz/,,22,0,,2.38,1389,1,2,1051,0,,,,25,,,
6a6713b1235f0d264d0aca46,2026-07-27T08:15:54.627Z,union.coop,business,instagram,Post,".
العروض أكبر بكثير مما تتخيل! 

استعدوا للاستفادة من خصم 50٪ والمزيد على مجموعة جديدة من المنتجات، حصرياً لأعضاء تميّز.

📍 في الفروع فقط 

📲 فعّل عروضك على صفحة تميّز عبر تطبيق تعاونية الاتحاد

⏳ عروض جديدة كل يوم ثلاثاء حتى نفاد الكمية!

#تعاونية_الاتحاد #تميّز #عروض_منتصف_الأسبوع 

It’s a whole lot more than you can guess. Stay tuned for 50% OFF & more on a new selection of products, exclusively for Tamayaz members. 

📍 In-store only 

📲 Activate your offers on the Tamayaz page of the Uni…",https://www.instagram.com/p/DbSg256ERo8/,,21,0,,2.84,2161,5,3,1267,0,,,,36,,,
6a01f61e528de1b9890d7ae4,2026-05-11T15:31:39.232Z,union.coop,business,instagram,Reel,".
أغلقت  تعاونية الاتحاد الربع الأول من عام 2026 بتحقيق نمو مالي مطّرد.

* إجمالي الإيرادات: 676 مليون درهم (+14%)
* الأرباح بعد الضرائب: 102 مليون درهم (+3%)
* نمو في مبيعات التجارة الإلكترونية تجاوز 45%
* نمو في عدد العملاء بنسبة 8%

حيث شهدت الإيرادات ارتفاعاً في الربع الأول من عام 2026، مع تواصل النمو في الأرباح ومبيعات التجارة الإلكترونية وتوسّع قاعدة العملاء.

#تعاونية_الاتحاد #الربع_الأول  #2026",https://www.instagram.com/reel/DYNBbJjmexZ/,,21,0,,1.84,1668,4,0,1357,0,,,,25,,,
69bad6392cee2aa1bc0c54fc,2026-03-18T16:43:57.088Z,union.coop,business,instagram,Post,".
تبرّعوا بما يدوم طويلاً. 

يسرّ تعاونية الاتحاد إطلاق مبادرة ""سلة الخير"" بالشراكة مع جمعية بيت الخير.
لأن المساعدة الحقيقية لا تُقاس بلحظة، بل بأثر يمتدّ.

تبرّعوا بمواد غذائية طويلة الأمد في فروعنا المحددة قبل تاريخ 15 يونيو، وكونوا سبباً في إدخال السعادة إلى قلب أسرة محتاجة.

 فالخير الحقيقي هو الذي لا يزول أثره.

#تعاونية_الاتحاد #سلة_الخير #بيت_الخير 

Give what lasts.

In partnership with the Beit Al Khair Society, Union Coop brings you the Basket of Goodness. 
A simple way to make a mean…",https://www.instagram.com/p/DWCG3VVlrJF/,,21,0,,0.94,4687,0,0,2231,0,,,,21,,,
6a8ec984383f4088e20ff0f2,2026-08-26T11:10:05.546Z,union.coop,business,instagram,Post,".

تبدأ البساطة بخطوة بسيطة! 

نقدّم لمتسوقينا الصغار وجبة فواكه صحية مجانية ليستمتعوا بها أثناء التسوق معنا! زوروا أركان الفواكه في فروع تعاونية الاتحاد في البرشاء مول، الاتحاد مول، جميرا والورقاء سيتي مول.

#تعاونية_الاتحاد #فواكه_مجانية_للأطفال 

Goodness starts with something simple!

We’re giving our little shoppers a free, healthy treat to enjoy while they shop with us! Visit our fruit stands at Union Coop branches in Al Barsha Mall, Etihad Mall, Jumeirah and Al Warqa City Mall.

#Union_Co…",https://www.instagram.com/p/DcgEo5jGvdO/,,20,2,,1.96,2380,4,0,1378,0,,,,27,,,
6aa0e6939c660aed4e3dd452,2026-09-09T06:01:05.584Z,union.coop,business,instagram,Reel,".
أفضل المنتجات بأفضل الأسعار. 

عروض هذا الأسبوع متوفرة الآن على تشكيلة واسعة من منتجاتك المفضلة. سارع للاستفادة منها قبل نفاذ الكمية!

#تعاونية_الاتحاد #أحدث_العروض #العودة_إلى_المدارس 

The good stuff, at leaflet prices. 

This week’s offers are live, with plenty of favourites to choose from.

Stock up on the deals you love before they’re gone!

#Union_Coop #BackToSchool",https://www.instagram.com/reel/DdDkU4Xgc_i/,,20,1,,2.28,1330,1,0,963,0,,,,22,,,
6a35453ba68d9c7d4209721a,2026-06-21T05:00:41.485Z,union.coop,business,instagram,Post,".
مجموعة عيد الأب. 
وفّر الجهد والمال في البحث عن هدية عيد الأب! تصفح اختياراتنا المنسقة بعناية في نشرة هذا الأسبوع، وضاعف فرحة والدك بهدايا عملية ومتميزة وبأسعار يومية لا تُضاهى.
#تعاونية_الاتحاد #عيد_الأب2026 

The Father's Day Edit. ✨

Not sure what to get Dad this weekend? We’ve got you covered. Swipe through our top picks from this week's leaflet to find practical, quality gifts at everyday prices.

#Union_Coop #FathersDay2026",https://www.instagram.com/p/DZ1d4oMkQBX/,,20,1,,2.64,2234,0,3,985,0,,,,26,,,
6a8fdc6cd1707ef23c634299,2026-08-27T06:43:14.392Z,union.coop,business,instagram,Post,".

🍓 تجربة تذوّق مجانية من توت دريسكولز الطازج بانتظاركم!

🫐انضموا إلينا لتجربة مليئة بالتوت الشهي واكتشفوا المذاق الطازج والمميز .

29–30 أغسطس | 4 مساءً–11 مساءً.

📍 البرشاء مول، الاتحاد مول، ند الشبا مول والخوانيج مول.

 زورونا، تذوّقوا نكهاتكم المفضلة واستمتعوا بروعة التوت!

#تعاونية_الاتحاد #دريسكولز

🍓 Driscoll’s Free Berry Tasting is here! 🫐

Join us for a delicious berry-filled experience and discover the fresh, premium taste of Driscoll’s berries.

29–30 August | 4 pm–11 pm

📍 Al …",https://www.instagram.com/p/DciK48KoG7-/,,20,0,,1.97,2483,3,0,1169,0,,,,23,,,
6a77112471ee2045cdb5a569,2026-08-08T11:27:08.215Z,union.coop,business,instagram,Reel,".
بقي 5 أيام فقط للاستفادة من خصم يصل إلى 50% على مئات المنتجات! حصرياً في فروع تعاونية الاتحاد وأونلاين.

العرض ساري حتى نفاذ الكمية. 

#تعاونية_الاتحاد #خصومات_كبيرة  #تميز 

Last 5 days to avail up to 50% off on hundreds of products! Shop the leaflet in-store or online while stocks last.

#Union_Coop #BigSavings",https://www.instagram.com/reel/DbxwDPDAc5v/,,20,0,,1.76,1910,2,1,1366,0,,,,24,,,
6a4a63819deae7499f82825e,2026-07-05T06:07:12.000Z,union.coop,business,instagram,Post,".
​
تسوّقوا باطمئنان… فأسعار احتياجاتكم اليومية ثابتة. 🛒

ثبّتنا أسعار السلع الأساسية، لتتمكنوا من التخطيط لوجباتكم وإدارة ميزانيتكم بكل ذكاء، والاستمتاع بتجربة تسوق مريحة.

تسوّقوا اليوم براحة بال وثقة مع أسعار شهر يوليو الثابتة في تعاونية الاتحاد.

#تعاونية_الاتحاد #مزايا_رائعة_كل_يوم #أسعار_ثابتة

Grocery runs shouldn't come with surprises. 🛒​

We've locked the prices on your everyday staples so you can plan your meals, manage your budget, and enjoy a completely stress-free shopping experie…",https://www.instagram.com/p/DaZop8MiJ_F/,,20,0,,1.72,2894,0,1,1218,0,,,,21,,,
6a1029914b9a2b71b40f3d52,2026-05-22T10:03:40.146Z,union.coop,business,instagram,Reel,".
تجمعاتكم واحتفالاتكم بالعيد من دون عناء، هذا هو هدفنا!
من الفطائر والسندويشات، إلى الكرواسان الغني بالزبدة والكعكات اللذيذة، كل ما تحتاجونه لاستقبالاتكم متوفر في مخبز تعاونية الاتحاد، طازجٌ وجاهز ولذيذ بما يليق بمناسباتكم.

#تعاونية_الاتحاد #العيد_في_دبي #مخبوزات

Your Eid gatherings, sorted! From mini fatayer and sandwiches to buttery croissants and assorted mini cakes and beyond, Union Coop's bakery is here to make hosting stress-free. 

#Union_Coop #Fresh_Bakery #Mini_Fatayer",https://www.instagram.com/reel/DYowq14FypB/,,20,0,,2.12,1272,0,1,992,0,,,,21,,,
6993539a2e50e13823047124,2026-02-16T17:28:51.970Z,union.coop,business,instagram,Reel,"Union Coop records another year of sustainable growth in 2025.

* AED 2,289M Total Income (+8%)
* AED 338M Net Profit After Tax (+7.4%)
* AED 1,857M Retail Income (+8%)
* AED 178M E-commerce Income (+35%)

Driven by the expansion of neighborhood stores, enhanced smart retail solutions, and strengthened sustainability initiatives, we remain focused on delivering long-term value to our customers, partners, and communities.

Growing value, year after year.

#Union_Coop #FinancialResults #AnnualPerf…",https://www.instagram.com/reel/DU08EX8CWFk/,,20,0,,1.73,1340,0,0,1159,0,,,,20,,,
6a07326f1132e59ebf0433be,2026-05-15T14:50:01.704Z,union.coop,business,instagram,Post,".
لأن عيدك يستحق الأسهل، اطلب أضحيتك بسلاسة تامة عبر تطبيق تعاونية الاتحاد، واختر نوع اللحم والقطعة المفضلة، ثم حدد فرع الاستلام والوقت المناسب لك، وفريقنا سيتولى الباقي!

تفضل بالطلب شخصياً وفريقنا في الفرع جاهز لمساعدتك في كل خطوة لإجراء الطلب.

#تعاونية_الاتحاد #عيد_الأضحى_٢٠٢٦ 

Order your sacrificial meat the easy way with the Union Coop App. Select your preferred meat and cut, choose a convenient pickup store and time slot, and leave the rest to our team. 

Prefer to order in-person? Our b…",https://www.instagram.com/p/DYXP7eqIA0p/,,19,2,,2.19,2638,5,1,1232,0,,,,27,,,
6a01f85089a0291f990e11b7,2026-05-11T15:41:01.856Z,union.coop,business,instagram,Reel,"Union Coop closes Q1 2026 with steady financial growth.

* AED 676M Total Revenue (+14%)
* AED 102M Net Profit after tax (+3%)
* Over 45% E-commerce growth
* +8% Customer Growth

Revenue increased in Q1 2026, with continued growth across profit, e-commerce, and customer base.

#UnionCoop #Q1 #2026",https://www.instagram.com/reel/DYNCfxHlCIE/,,19,1,,2.21,1324,0,1,996,0,,,,22,,,
6aacfca470b6cc6c8030940b,2026-09-19T06:00:53.097Z,union.coop,business,instagram,Reel,".

حلو؟

مالح؟

ولمَ اختيار واحد فقط… حين تقترب مفاجأةٌ شهية بمذاقٍ مختلف؟

تجربة استثنائية في طريقها إليكم… ترقّبوها!

#تعاونية_الاتحاد 

Sweet? 👀
Salty? 👀

Why choose just one?

Something exciting is coming. Stay tuned.

#Union_Coop",https://www.instagram.com/reel/DddUS0bguMQ/,,19,0,,3.15,866,0,0,604,0,,,,19,,,
6a9ff3c95ad94faf1011cb8e,2026-09-08T11:41:51.590Z,union.coop,business,instagram,Reel,".

 عروضنا الحصرية تستحق أن تغتنمها بكلتا يديك.

تتوفر الآن مئات المنتجات بأسعار مخفضة.

تستمر الخصومات حتى 13 سبتمبر! 

سارعوا للاستفادة منها الآن.

#تعاونية_الاتحاد #العودة_إلى_المدارس 

Some deals are worth reaching for with both hands. 🎒🙌

Hundreds of products are now on offer, with discounts live until 13th September!

#Union_Coop #BackToSchool",https://www.instagram.com/reel/DdBmVipD_yG/,,19,0,,2.09,1234,0,0,907,0,,,,19,,,
6a9269c47ac4ebbd19574122,2026-08-29T06:00:55.648Z,union.coop,business,instagram,Reel,".

لا تفوتوا العروض الرائعة مع تميّز!

 تصفّحوا أحدث نشرات العروض واستفيدوا من الخصومات الكبيرة والعروض الحصرية التي ستحصلون عليها عبر التطبيق.

 حمّلوا تطبيق تعاونية الاتحاد وسجّلوا في تميّز واستمتعوا بالمزيد من طرق التوفير.

#تعاونية_الاتحاد #تميّز #عروض_حصرية 

Tap into great deals with Tamayaz! 🛒✨

Discover great savings in our latest leaflet, plus exclusive offers waiting for you on the App.

📲 Download the App, register for Tamayaz and unlock more ways to save.

#Union_Coop #Tamayaz",https://www.instagram.com/reel/DcnPkHAj-v9/,,19,0,,2.04,1298,0,1,979,0,,,,20,,,
6a7dbaacb681ee5171af6e22,2026-08-13T12:39:04.795Z,union.coop,business,instagram,Reel,".

عودتك للمدرسة قد تكون بسيارة «جيتور T1»! 

امسح بطاقة تميّز الرقمية عند الدفع وادخل السحب على سيارة جيتور T1 بدون حد أدنى للشراء! 

فائزين اثنين بسيارتين جيتور T1.

سيتم الإعلان عن الفائزين في 24 أغسطس و14 سبتمبر. 

#تعاونية_الاتحاد #موسم_العودة_إلى_المدارس #جيتور 

The other side of your back-to-school shopping - driving home in a Jetour T1! 

Scan your digital Tamayaz ID at checkout for your chance to win. Two winners, no minimum spend required! Winners announced: 24 Aug & 14 Sept.

#Union_…",https://www.instagram.com/reel/Db-wZSYjXPo/,,19,0,,2.35,1101,0,1,850,0,,,,20,,,
6a62f4e7952076b648012c6c,2026-07-24T06:01:14.053Z,union.coop,business,instagram,Reel,".
عشاء شهي يُحضّر في دقائق معدودة!

في تعاونية الاتحاد، نمنحك سرّ الراحة:

 وفّر وقتك واحتفظ بكامل النكهة!

جرّب تشكيلتنا الفاخرة من اللحوم المتبلة والمقطعة إلى شرائح رفيعة، والمحضّرة خصيصاً لتنضج بسرعة فائقة مع الحفاظ على طراوتها. فقط أضف إليها طبقاً من السلطة الطازجة، وحضر وجبة استثنائية لعائلتك.

ما هو عشاءك السريع المفضل؟

 شاركنا الجواب في التعليقات وادخل السحب للفوز بباقة عشاء عائلية فاخرة من تعاونية الاتحاد.

#تعاونية_الاتحاد

Dinner, served in minutes. ⏱️

Save time and keep all the flav…",https://www.instagram.com/reel/DbKi-Ywgbqw/,,19,0,,3.08,1136,1,5,909,0,,,,28,,,
6a14196240ca71b8f0e3a659,2026-05-24T07:42:10.000Z,union.coop,business,instagram,Reel,".
هل تعلم أن تسوقك للعيد يعود عليك بأكثر مما تتخيل؟​

لا تنسَ مسح بطاقة تميّز الرقمية الخاصة بك عند الدفع لتكون مؤهلاً للاستفادة من العرض، ودع قائمة تسوق العيد تفاجئك!​

من تعاونية الاتحاد نتمنى لكم عيداً مباركاً.​

#تعاونية_الاتحاد #العيد_في_دبي #مليونير_تميّز

Your Eid shopping is already doing more than you think. ​

Remember to scan your digital Tamayaz ID at checkout to be eligible and let your Eid shopping list do the rest.

Eid Mubarak from Union Coop. ​

#TamayazMillionaire #Union_Coop
​",https://www.instagram.com/reel/DYtqEe-NOYU/,,19,0,,1.73,1472,1,0,1154,,,,,20,,,
6a14196040ca71b8f0e3a649,2026-05-25T06:40:54.000Z,union.coop,business,instagram,Reel,"You shop for your essentials. Tamayaz gives back more. 🛒✨

Earn 5X more cashback with Tamayaz at Union Coop and make every grocery run more rewarding.

#Tamayaz #Union_Coop",https://www.instagram.com/reel/DYwH20IIOGL/,,19,0,,2.53,1049,0,1,792,,,,,20,,,
69e676949002ce1356d61f9e,2026-04-18T06:08:27.000Z,union.coop,business,instagram,Reel,".
الحلقة السادسة وصلت، لكن هذه المرة جمعنا المقرمش مع الصحي في وعاء واحد!

مزيج لا يقاوم صحي ومشبع ولذيذ، فشار مقرمش مع التوت البري المجفف وبذور اليقطين والصنوبر ورشة شوكولاتة داكنة تضفي نكهة لا مثيل لها.

حضروه في المنزل بمستلزمات متوفرة فقط في تعاونية الاتحاد.

والآن ما الوصفة التي تريدون تجربتها في الحلقة القادمة؟ 

#تعاونية_الاتحاد #وصفة_شهيرة #تريند 
In episode 6 of our viral recipe series, we tried a popcorn trail mix. Think crunchy popcorn, dried cranberries, pumpkin seeds, pine nuts, and…",https://www.instagram.com/reel/DXQyrV2CCxo/,,19,0,,1.42,1840,2,1,1552,,,,,22,,,
69aa8387f8e9ca0d2203d72a,2026-03-06T07:35:33.118Z,union.coop,business,instagram,Reel,".
وجبتك القادمة قد تكون من ريو ماري على حسابنا!
العب امسح واربح مع تميّز لفرصة الفوز بـسلطة التونة المكسيكية من ريو ماري 180 غرام مجاناً.
تجد اللعبة في قسم تميّز على تطبيق تعاونية الاتحاد حتى 8 مارس.
#تعاونية_الاتحاد #امسح_و_اربح #ريو_ماري

Your next Rio Mare could be on us.
Play the Tamayaz Scratch & Win game for a chance to win FREE Rio Mare Salatuna Mexico 160g.
Find the game now in the Tamayaz section of the Union Coop App.

Game live until March 8th.

#Union_Coop #RioMare #Tamayaz #ScratchA…",https://www.instagram.com/reel/DViOd7NDR38/,,19,0,,2.13,1168,0,1,939,0,,,,20,,,
698f6861bab4a381650270a2,2026-02-13T18:10:29.358Z,union.coop,business,instagram,Reel,".
سلتك الرمضانية، الآن أسهل.
تسوق مستلزماتك الأساسية بأسعار لا تضاهى حتى 22 فبراير في تعاونية الاتحاد.
تسوق في الفروع أو عبر التطبيق.
#تعاونية_الاتحاد#خصومات_رمضان#إفطار #رمضان_في_دبي

Shop your essentials at amazing prices until 22 February at Union Coop.
Shop in store and online 
#Union_Coop #RamadanSavings #Iftar #RamadanInDubai",https://www.instagram.com/reel/DUtSSbFjSE4/,,19,0,,1.75,1655,1,2,1256,0,,,,22,,,
6a8148c3d980a476ddcb88e3,2026-08-16T06:01:02.473Z,union.coop,business,instagram,Reel,".

استقبلوا  العام الدراسي بإطلالة أنيقة! 

تسوّقوا أحدث أزياء العودة إلى المدرسة من متجر «جاشنمال» المؤقت في اتحاد مول، والعروض مستمرة حتى نهاية سبتمبر.

#تعاونية_الاتحاد #اتحاد_مول #جاشنمال

Show up to class in style with the coolest back-to-school finds. Visit the Jashanmal pop-up at Etihad Mall and explore the latest offers until the end of September.

#Union_Coop #Jashanmal

@jashanmal_uae",https://www.instagram.com/reel/DcFxP66CttB/,,18,0,,1.77,1431,1,0,1071,0,,,,19,,,
6a56226da7878c4a450b8d23,2026-07-14T11:50:27.269Z,union.coop,business,instagram,Post,".
وجهتكم المفضلة قريباً في أبراج بحيرات جميرا! 

استعدوا لتجربة استثنائية تمنحكم المزيد من الراحة والمزايا الحصرية، وخيارات التسوق اللامحدودة التي أصبحت الآن أقرب إليكم. 

#تعاونية_الاتحاد

Something fresh is coming to JLT this July! 

Get ready for more convenience, more value, and more choices right at your neighborhood! 

#Union_Coop",https://www.instagram.com/p/DaxbEpbGu1A/,,18,0,,1.41,3257,4,0,1558,0,,,,22,,,
69dcf5c1af2b7e1f9100b1af,2026-04-13T13:56:11.761Z,union.coop,business,instagram,Reel,".
الحلقة الثالثة وصلت وجربنا اقتراحكم الخاص بالتمر المحشي، وقد أصبح على الفور المفضل لدى الجميع. 

تمر طري وزبدة فول سوداني كريمية وشوكولاتة مذابة، ثلاثة مكونات فقط ومذاق لا يُنسى!

حضّروها في المنزل بخطوات بسيطة وبمكونات طازجة متوفرة في تعاونية الاتحاد.

والآن ما هي وصفتكم التالية؟ شاركونا اقتراحاتكم في التعليقات. 

#تعاونية_الاتحاد #وصفات_سهلة #حلويات_لذيذة #وصفات_ملهمة

In episode 3 of our viral recipe series, we tried your stuffed dates suggestion… and it was an instant favourite.

Soft date…",https://www.instagram.com/reel/DXEwPcJEfnN/,,18,0,,1.25,1875,1,0,1516,0,,,,19,,,
696a0189d0c090a62c0d1e58,2026-01-16T09:15:12.394Z,union.coop,business,instagram,Post,"قد تتراجع المناعة مع انخفاض درجات الحرارة، مما يجعل دعم روتينكم اليومي بالعادات الصحية أمراً ضروريا، بدءاً من المكملات الغذائية اليومية ووصولاً إلى الحماية من أشعة الشمس.
في تعاونية الاتحاد تجدون كل ما يعزز صحتكم طوال موسم الأمراض.
#تعاونية_الاتحاد #مستلزمات_العافية 

With temperatures dropping, your immunity might get affected, making it the right time to support your daily routine with the right essentials. From everyday supplements to daily SPF protection, here are simple picks to stay covere…",https://www.instagram.com/p/DTkPBDxjJfJ/,,18,0,,2.58,1900,0,2,776,0,,,,20,,,
699471af7acf3de97d03f81a,2026-02-17T13:51:31.194Z,union.coop,business,instagram,Reel,".
احتفلوا بالشهر الكريم مع الكثير من المكافآت في تعاونية الاتحاد
أنفقوا 150 درهم أو أكثر في فاتورة واحدة لتحصلوا على فرصة للفوز بسيارة جيتور وجوائز أسبوعية من مستلزمات البقالة.
كيفية المشاركة:
1. تسوقوا في أي فرع من فروع تعاونية الاتحاد أو عبر التطبيق.
2. أنفقوا 150 درهم أو أكثر وامسحوا باركود تطبيق تميز عند الدفع.
3. وادخلوا تلقائياً في السحب.

تسوق أكثر لمكافآت أكبر ، فرص أكثر واحتفال أكبر بالشهر الفضيل.
#تعاونية الاتحاد #رمضان #تميز 

Celebrate Ramadan with more rewards at Union Coop. Spend A…",https://www.instagram.com/reel/DU3H0-xAvQ_/,,17,2,,2.00,1187,0,1,1001,0,,,,20,,,
6a9a7028c1f25d229735ffb3,2026-09-05T06:01:23.673Z,union.coop,business,instagram,Reel,".

صباحات المدرسة السريعة تعني الكثير من التفاصيل التي يجب تذكّرها…
تعاونية الاتحاد تجعلها أسهل وأكثر متعة! ✨

تسوّقوا جميع مستلزمات العودة إلى المدرسة، ولا تنسوا مسح بطاقة تميّز الرقمية عند الدفع، لتدخلوا مباشرةً في السحب على جوائز قيّمة يومياً!

يشترط إنفاق 200 درهم كحد أدنى للدخول في السحب.

#تعاونية_الاتحاد #خصومات_ذكية #العودة_إلى_المدارس

School mornings mean a hundred things to remember.

We've got you.

Shop your back-to-school list. Scan your digital Tamayaz ID at checkout. And you’ve s…",https://www.instagram.com/reel/Dc5RIzCjR4h/,,17,0,,2.80,819,0,0,643,0,,,,18,,,
6a982ea3576ead0d31fe3a3f,2026-09-02T14:14:50.493Z,union.coop,business,instagram,Reel,".

يبدو أن هذه المجموعة فهمت تماماً ما تحتاجونه لبداية العام الدراسي!

من حقائب الظهر إلى صناديق الغداء، وكل ما بينهما في متجر جاشنمال المؤقت، حيث تجدون كل ما يلزم للفصل الدراسي الجديد.

📍 اتحاد مول
🗓️ حتى 30 سبتمبر

#تعاونية_الاتحاد #جاشنمال #العودة_إلى_المدارس 

This collection actually understood the assignment. 📚✨

From backpacks to lunchboxes to everything in between - the Jashanmal pop-up has the new term covered.

📍 Etihad Mall
🗓️ Until 30 September

#Union_Coop #Jashanmal

@jashanma…",https://www.instagram.com/reel/DcybHPSClrA/,,17,0,,2.03,1239,2,1,983,0,,,,20,,,
6a79f78a7dff2ea6aa6bae6a,2026-08-10T16:09:42.035Z,union.coop,business,instagram,Reel,".
في النصف الأول من عام 2026، تعكس أرقام تعاونية الاتحاد قصة واضحة: المزيد من الإنجاز، ومزيدٌ قادم.

* 1.27 مليار درهم إجمالي الإيرادات (+9.90%)
* 191.3 مليون درهم الأرباح قبل الضريبة
* 173.7 مليون درهم الأرباح بعد الضريبة
* +40% نمو في التجارة الإلكترونية

شهدت الإيرادات نمواً خلال النصف الأول من عام 2026، بالتوازي مع ارتفاع ونمو في التجارة الإلكترونية، وتعزيز ثقة المتسوقين.

#تعاونية_الاتحاد #نتائج_النصف_الأول_لعام_2026",https://www.instagram.com/reel/Db3aHcvESb4/,,17,0,,2.11,1228,0,2,947,0,,,,20,,,
6a27010c6518cd783b82c6d5,2026-06-08T17:47:32.000Z,union.coop,business,instagram,Post,".
اللعبة بدأت… والعروض أيضاً! 
استعدوا لـ 10 أيام من التوفير المذهل من 8 إلى 17 يونيو. 
زوروا أقرب فرع اليوم أو تسوقوا بكل سهولة عبر تطبيق تعاونية الاتحاد!
#تعاونية_الاتحاد #كأس_العالم

The ball's rolling… and so are the offers!
Ready, set, SAVE. 10 days of epic deals you can't miss from 8 to 17 June . Drop in-store or shop online today at Union Coop!
#Union_Coop #WorldCup",https://www.instagram.com/p/DZVXVqmiEnh/,,17,0,,2.10,2171,2,0,904,0,,,,19,,,
6a05dbebdb99048d8a010e1e,2026-05-14T14:28:55.730Z,union.coop,business,instagram,Reel,".
10 دراهم كافية لجعل يومكم أجمل!

مع بيتزا مارغريتا متوسطة الحجم، ذات المذاق الطازج والغني بالجبن فقط من تعاونية الاتحاد!

تفضلوا بزيارتنا واستمتعوا بأصالة النكهات.

#تعاونية_الاتحاد  #بيتزا  #١٠درهم

AED 10 never looked this good 🍕

Fresh, cheesy Margherita goodness at Union Coop in every bite-sized moment.

Medium Margherita pizza for just AED 10.

Head to Union Coop and grab yours today.

#Union_Coop #Pizza #AED10",https://www.instagram.com/reel/DYUooG1Fd3R/,,17,0,,1.37,2111,4,1,1604,0,,,,22,,,
6a50a0402bb0889316007093,2026-07-10T11:01:18.399Z,union.coop,business,instagram,Reel,".
وفر أكثر وتسوّق بذكاء!

توقف قليلاً واستكشف تشكيلتنا الواسعة من المنتجات الرائعة بأسعار مذهلة تتراوح بين  5 و10 و15 درهم فقط في تعاونية الاتحاد. 

خطط لمشترياتك واحتياجاتك الأسبوعية بكل سهولة، ووفر وقتك وجهدك قبل وصولك إلى ممراتنا!

العروض سارية حتى 22 يوليو.

لا تفوت الفرصة وتفضل بزيارتنا اليوم!

#تعاونية_الاتحاد #حياة_دبي 

Pause to explore the 5, 10, and 15 AED ranges at Union Coop. Building your weekly grocery list is simpler when you know exactly what to expect before you even reach the a…",https://www.instagram.com/reel/DanCOU0kaPT/,,16,1,,2.07,1232,0,2,964,0,,,,20,,,
6aacfdc1f05c8fb882c23420,2026-09-20T06:01:52.729Z,union.coop,business,instagram,Reel,".

كل ما تحتاجه متوفر في مكان واحد.

تعرف على تشكيلة متنوعة من المنتجات الطازجة والمستلزمات اليومية، تجعل تسوقك أسهل من أي وقت مضى.

#تعاونية_الاتحاد

A little bit of everything, all in one place. From fresh produce and to everyday essentials, discover an assortment that makes your shopping easy.

#Union_Coop",https://www.instagram.com/reel/Ddf5Lv5iTp4/,,16,0,,2.38,934,1,0,713,0,,,,17,,,
6a5dd86a66eea66c4e02a6d0,2026-07-20T08:12:37.219Z,union.coop,business,instagram,Post,".
عروض استثنائية ليوم واحد فقط بانتظارك غداً!

خصومات 50% وأكثر على تشكيلة جديدة من المنتجات، حصرياً لأعضاء برنامج تميّز.

📍 في الفروع فقط
📲 فعّل عروضك عبر تطبيق تميّز، ثم توجّه إلى أقرب فرع للاستفادة منها.
⏳ سارع بالتسوق غداً (الثلاثاء)، فالعروض متوفرة حتى نفاد الكمية.

#تعاونية_الاتحاد #تميّز #عروض_منتصف_الأسبوع 

Big things drop tomorrow 👀🛒

50% off and more, on a fresh lineup of products, exclusively for Tamayaz members.

📍 In-store only
 📲 Activate your offers in the Tamayaz app
 ⏳ Ne…",https://www.instagram.com/p/DbAe6Z1GgaM/,,16,0,,1.47,2692,4,2,1495,0,,,,22,,,
6a33b7bc50e266f981040212,2026-06-18T09:18:07.290Z,union.coop,business,instagram,Post,".
لأن الأب يستحق الأفضل، أصبح تسوق عيد الأب أكثر مكافأة!

اختاروا له الهدية المثالية من تعاونية الاتحاد من مستلزمات العناية الشخصية إلى الأجهزة الذكية. تسوقوا واكسبوا فرصاً إضافية للفوز بـ 1,000,000 نقطة من تميز! كل عملية شراء تقربكم أكثر من الفوز! 
العرض سارٍ من 18 حتى 21 يونيو 2026.
امسحوا بطاقة تميّز الرقمية عند الدفع وضاعفوا فرص الفوز!
كلما تسوقتم أكثر، زادت فرصكم بالفوز لتصبحوا مليونير تميز القادم.

#مليونير_تميّز #تعاونية_الاتحاد #عيد_الأب #تميّز 

Father’s Day shopping just got rewarding.…",https://www.instagram.com/p/DZuM-NQEmMn/,,16,0,,2.16,2416,0,5,1018,0,,,,22,,,
6a32613ff4dee248cd0e5bc4,2026-06-17T08:57:14.183Z,union.coop,business,instagram,Post,".
ميزانيتك بأمان، ونحن نضمن ذلك.
ثبتنا أسعار منتجاتك اليومية المفضلة، لأن راحة بالك أولويتنا.
تسوّق بثقة، وتحكم بميزانية منزلك بيدٍ ثابتة وقلبٍ مطمئن.
اسحب إلى اليسار لتصفح القائمة!

#تعاونية_الاتحاد #ثبات_الأسعار #تسوق_إماراتي

No surprises, just reliable savings. We’ve locked in the prices on your everyday favorites so you can keep your home budget perfectly on track. 🏡✨
Swipe left to check out the list! ➡️🛒

#Union_Coop #LockedInPrices #UAEShoppers",https://www.instagram.com/p/DZrlyRJEUau/,,16,0,,2.96,1919,7,0,776,0,,,,23,,,
69df6849cf8e289a01027cef,2026-04-15T10:28:41.869Z,union.coop,business,instagram,Post,".
اشترك الآن واكسب ما يصل إلى 3.3 أضعاف قيمة اشتراكك السنوي مع توصيل مجاني وأولوية في خدمة العملاء واسترداد نقدي شهري على مشترياتك. 
تسوق أكثر تربح أكثر.

(ينطبق فقط على الاشتراكات السنوية).

#تعاونية_الاتحاد #مكافآت

Earn up to 3.3 times your annual subscription value with free delivery, priority contact center support, and monthly cashback on your spend. The more you shop, the greater the rewards. Subscribe today and start earning smarter. 

(applicable only on annual subscriptions).

#Union_c…",https://www.instagram.com/p/DXJiLGdkQIi/,,16,0,,1.64,2560,0,1,1100,0,,,,18,,,
6992f889b627dc2b8901c1b3,2026-02-16T11:02:45.799Z,union.coop,business,instagram,Reel,"هذا الموسم حان دورك!
العب ""حجرة ورقة مقص"" على تطبيق تميّز وادخل السحب للفوز بجوائز مجانية من ساميانغ. 
واحصل على جميع مستلزمات الشهر الفضيل بأسعار لا تُفوّت من خلال عروضنا على تطبيق تعاونية الاتحاد.
تسوّق كل ما تحتاجه لمائدتك الرمضانية بسهولة في فروعنا أو عبر التطبيق.
#تعاونية_الاتحاد #مستلزمات_رمضان

This season, it’s your move. Play Rock, paper, scissors on the Tamayaz App for your chance to win freebies from Samyang.
Find all your Ramadan essentials at amazing prices in our App-Exclusive offe…",https://www.instagram.com/reel/DU0PrUiklcF/,,16,0,,1.86,1117,0,0,861,0,,,,16,,,
697786d8aaed8e931802bb61,2026-01-26T15:23:58.746Z,union.coop,business,instagram,Reel,"استمتعوا بلحظات قيّمة مع كل تسوّق من تعاونية الاتحاد في رمضان.
تسوقوا مستلزماتكم واستمتعوا بجوائز أسبوعية من المواد الغذائية، وسحوبات شهرية على السيارات.
تسوقوا الآن واغتنموا فرصة العروض الرائعة.

#تعاونية_الاتحاد #رمضان2026 #رمضان_الخير 

This Ramadan, enjoy rewarding moments with every visit to Union Coop.
Shop your essentials, enjoy weekly free grocery prizes and monthly car draws.
Start shopping now and enjoy great deals.

#Union_Coop #Ramadan",https://www.instagram.com/reel/DT-pFs-AlUG/,,16,0,,3.93,580,0,1,433,0,,,,17,,,
6a7c3a83e7bbf578e55afbf2,2026-08-12T09:19:43.783Z,union.coop,business,instagram,Post,".
تسوق. امسح واربح!

أنفق 200 درهم وامسح بطاقة تميّز الرقمية عند الدفع لتدخل السحب فوراً على جوائز يومية وأسبوعية قيمّة!

فرص الفوز مستمرة حتى 13 سبتمبر.

#تعاونية_الاتحاد #موسم_العودة_إلى_المدارس #جوائز_أسبوعية #من_الرائع

Kinda chic to shop, scan and win. Spend AED 200, scan your digital Tamayaz ID at checkout, and you could win daily or weekly prizes. Keep the wins coming till 13 Sept!

#Union_Coop",https://www.instagram.com/p/Db704KdkbAW/,,15,1,,2.53,1895,1,2,792,0,,,,20,,,
6a5084359a0c7c13280f63c7,2026-07-10T05:36:48.084Z,union.coop,business,instagram,Reel,".
الحيلة المثالية للانتعاش هذا الصيف!

سواء كنت متجهاً إلى الشاطئ أو تستعد لجمعة عائلية في عطلة نهاية الأسبوع، فإن طبق الفواكه الصيفية المبرّدة هو الوجبة الخفيفة المثالية للتحضير والغنية بالعصارة.

 أمّنا لكم في تعاونية الاتحاد مخزوناً وفيراً من أفضل أنواع الخوخ والنكتارين والمشمش والكرز الطازج لهذا الموسم.

ما هي الفاكهة الصيفية التي لا غنى لك عنها في يومك الصيفي المثالي؟ 

شاركنا رأيك في التعليقات لدخول السحب والفوز بسلة فواكه صيفية فاخرة من تعاونية الاتحاد!

#تعاونية_الاتحاد

The ultimate sum…",https://www.instagram.com/reel/Damc4bglpzg/,,15,1,,0.02,1282,3,3,1003,0,,,,25,,,
69fca0a67d87ecfbac0c817a,2026-05-08T06:01:52.920Z,union.coop,business,instagram,Reel,".
مزارع محلية… وطزاجة تثق بها يومياً!

من مزارع مستدامة في الإمارات يُربّى الروبيان بعناية ويُجهَّز وفق أعلى معايير الجودة ليصلك طازجاً دائماً.
مأكولات بحرية نظيفة وعالية الجودة تستحق ثقتكم، حصرياً في تعاونية الاتحاد.

#تعاونية_الاتحاد #طازج_من_الإمارات #روبيان_محلي 

Locally farmed, carefully handled, and always fresh!

From sustainable farms across the UAE to our shelves, every shrimp is raised with care, processed to the highest standards, and delivered fresh for you.

Clean, quality seafood …",https://www.instagram.com/reel/DYER08Wjwbg/,,15,1,,2.09,1247,1,2,959,0,,,,20,,,
6a85d943b13885f7463c2b4f,2026-08-19T16:32:42.767Z,union.coop,business,instagram,Post,".

تجهيزات العودة للمدارس كثيرة؟ خفّف التكاليف واكسب أكثر مع تميّز!

لا داعي للقلق من تراكم المصاريف، مع تميّز كل درهم تنفقه يعود إليك بقيمة أكبر!

💰 استرداد نقدي يصل إلى 5 أضعاف مقارنة بكبرى برامج مكافآت البقالة.

💳 استرداد نقدي يصل إلى 10% عند استخدام بطاقة لِف تميّز الائتمانية*.

🏷️ مئات العروض الحصرية المخصصة للأعضاء.

🏆 تميّز تمنحك دائماً المزيد!

*تطبق الشروط والأحكام.

#تعاونية_الاتحاد #العودة_إلى_المدارس #تميّز

Back-to-school shopping adds up fast. With Tamayaz, your cart can go fur…",https://www.instagram.com/p/DcOn_cpIC8K/,,15,0,,1.29,2731,0,0,1162,0,,,,15,,,
6a612251b48aa8d631078259,2026-07-22T07:43:38.000Z,union.coop,business,instagram,Post,".
حوّل مشترياتك الأسبوعية إلى 1,000,000 نقطة بهذه الخطوات السهلة. 👇

🛒 تسوّق في أي فرع من تعاونية الاتحاد (الحد الأدنى للإنفاق 200 درهم).

📲 امسح بطاقة تميّز الرقمية عند الدفع.

🎉 أصبحتَ رسمياً ضمن سحب يوم الاثنين!

نصيحة ذكية: كلما زادت قيمة مشترياتك، زادت فرصك في الفوز.

#تعاونية_الاتحاد #مليونير_تميّز 

Turning your weekly groceries into 1,000,000 points is this easy. 👇

🛒 Shop at any Union Coop store (Minimum spend of D200).

📲 Scan your digital Tamayaz ID at check-out.

 🎉 You are o…",https://www.instagram.com/p/DbFlNHmCEfn/,,15,0,,1.51,3255,2,3,1454,0,,,,22,,,
6a54e31d00c7cf94f60d8276,2026-07-13T13:07:52.083Z,union.coop,business,instagram,Post,".
مفاجأة رائعة في انتظاركم غداً.

لا تفوتوا خصم 50٪ وأكثر على مجموعة جديدة من المنتجات، حصرياً لحاملي بطاقة تميّز.

* فقط في فروع تعاونية الاتحاد.
* فعّل عروضك عبر تطبيق تميّز.
تتجدّد العروض كل يوم ثلاثاء حتى نفاذ الكمية.

#تعاونية_الاتحاد #تميّز

Something exciting is coming tomorrow 👀🛒

Stay tuned for 50% OFF & more on a new selection of products, exclusively for Tamayaz members.

📍 In-store only
📲 Activate your offers in the Tamayaz app
⏳ New deals every Tuesday, while stocks last

#Tamay…",https://www.instagram.com/p/Dau_IzqEdgT/,,15,0,,2.88,1679,12,1,1008,1,,,,29,,,
6a14195f40ca71b8f0e3a647,2026-05-25T06:35:07.000Z,union.coop,business,instagram,Reel,".
أنت تشتري مستلزماتك الأساسية، وتميّز تمنحك المكافآت. 
احصل على 5 أضعاف النقود المستردة مع تميّز في تعاونية الاتحاد، واجعل كل رحلة تسوق أكثر ربحاً.
#تميّز #تعاونية_الاتحاد",https://www.instagram.com/reel/DYwHMTlIWWl/,,15,0,,1.74,1061,0,0,864,,,,,15,,,
6a5744a15c4e3bb7b6010e1e,2026-07-15T09:00:57.177Z,union.coop,business,instagram,Post,".
لكلٍ منا عاداته الصغيرة التي لا يكتمل يومه بدونها، لكن هناك عادة واحدة فقط يمكنها أن تحول رحلتك لشراء احتياجاتك اليومية إلى مليون نقطة من تميّز.

 دلل نفسك بتلك الوجبة الخفيفة الإضافية، وامسح بطاقة تميّز الرقمية الخاصة بك عند الدفع لتحصل على فرصة للمشاركة في سحب يوم الاثنين المقبل. 

#تعاونية_الاتحاد #مليونير_تميّز 

We all have those little daily habits. 😉

But only one of them can turn your grocery run into a million Tamayaz points. Treat yourself to that extra snack, scan your digital Tama…",https://www.instagram.com/p/DazsazrmtR7/,,14,1,,1.14,3270,0,2,1578,0,,,,18,,,
6a993b0101651063fa940b50,2026-09-03T09:17:07.490Z,union.coop,business,instagram,Post,".

كل يوم، بمستوى أرقى.

استرداد نقدي يصل إلى 10% عند التسوق من تعاونية الاتحاد، في الفروع أو عبر الاونلاين، بالإضافة إلى استرداد نقدي على الوقود والمطاعم مع بطاقة لف تميّز الائتمانية.

استمتع بمكافآت شهرية تصل قيمتها إلى 1,500 درهم، ومكافأة ترحيبية بقيمة 1,000 درهم، ودخول إلى صالات كبار الشخصيات في المطارات حول العالم، وتذاكر سينما ڤوكس، والمزيد من المزايا الاستثنائية.

قدّم طلبك الآن.

*تطبق الشروط والأحكام.

#تعاونية_الاتحاد #لف_تمَيّز 

Your everyday, upgraded.

Earn up to 10% cashback at Un…",https://www.instagram.com/p/Dc0eEakjgBb/,,14,0,,2.30,1734,2,0,783,0,,,,18,,,
6a06e33c8958a9f70f0e6ac4,2026-05-15T09:14:25.824Z,union.coop,business,instagram,Reel,".
لم يسبق أن كانت مشترياتك الأسبوعية بهذه القيمة من قبل! فقط في تعاونية الاتحاد، كلما تسوّقت أكثر، زادت فرصك للربح أكثر! 
يتم السحب القادم الاثنين 18 مايو. امسح بطاقة تميّز الرقمية عند الدفع، وسوف تسجل مشاركاتك عبر التطبيق تلقائياً.
 تسوّق الآن وزد فرصك في الفوز!

#اثنين_المليونير #تميّز  #تعاونية_الاتحاد

The more you shop, the more entries you earn.
Your weekly grocery run has never worked harder for you.
Shop for more and increase your chances of winning. Next draw - Monday May 18. Don’t forg…",https://www.instagram.com/reel/DYWpTofAsSp/,,14,0,,1.87,979,0,0,749,0,,,,14,,,
69980d349a19e527ab046047,2026-02-21T05:31:08.369Z,union.coop,business,instagram,Post,".
قد تُنقذوا حياة محتاج بتبرع واحد فقط.
انضمّوا إلينا في الاتحاد مول يوم 24 فبراير 2026 من 7:30 مساءً حتى 11:30 مساءً، وكونوا سبباً في منح السعادة لشخص ينتظر بارقة أمل.

#تعاونية_الاتحاد #التبرع_بالدم #الرعاية_المجتمعية #أنقذ_حياة 

One donation, one life changed.
Join us at Etihad Mall on 24 February 2026 from 7:30 pm to 11:30 pm and donate blood to be someone’s reason for hope.

#Union_Coop #SaveALife #DonateBlood #CommunityCare",https://www.instagram.com/p/DVAh_lrll0g/,,14,0,,2.04,1120,0,0,687,0,,,,14,,,
69db17491097d09bee8d3ccf,2026-04-10T13:20:42.000Z,union.coop,business,instagram,Reel,".
في الحلقة الثانية من سلسلة الوصفات التي لاقت رواجاً، جربنا فكرة من اقتراحاتكم، لاتيه كريم الكراميل!
طبقات من النكهة اللذيذة، مع كل رشفة.
ما الوصفة التالية؟ 
شاركونا اقتراحاتكم في التعليقات.
كل ما تحتاجونه لتحضيرها في المنزل متوفر في تعاونية الاتحاد.
#تعاونية_الاتحاد #قهوة_منزلية #وصفات_سهلة

In episode 2 of our viral recipes series, we tried something one of you suggested… Crème Caramel Latte ☕️✨
Layers of comfort, one pour at a time.

What should we try next? Drop your suggestions below 👇

M…",https://www.instagram.com/reel/DW890k0iBrx/,,13,4,,1.69,1935,8,2,1595,,,,,27,,,
6a33a488f5cd3d02ad75c8d3,2026-06-17T11:10:06.000Z,union.coop,business,instagram,Post,".
هل تتساءل عن كيفية المشاركة في سحب ”مليونير تميّز كل يوم اثنين“؟ إليك الشرح المفصّل. ما عليك سوى التسوق بقيمة 200 درهم أو أكثر، ومسح بطاقة تميّز الرقمية الخاصة بك عند الخروج، وستدخل السحب. كل يوم اثنين، حصرياً في تعاونية الاتحاد.​
تطبق الشروط والأحكام.​
#تعاونية_الاتحاد #مليونيز_تميّز #كيفية_المشاركة

Not sure how the Tamayaz Millionaire Monday draw works? We will break it down for you. Shop for AED 200+, scan your digital Tamayaz ID at checkout and you are in. Every Monday. Only at Union Coop…",https://www.instagram.com/p/DZr1AlwiBaT/,,13,2,,1.43,2666,1,1,1189,0,,,,17,,,
6aa43bce41a6b8e0a42b7a06,2026-09-11T17:35:18.530Z,union.coop,business,instagram,Post,".

تسوّق البقالة؟ نحن نغطي كل شيء فيه! 

منتجات طازجة تنبض بالحياة من فواكه وخضروات مختارة بعناية، ولحوم ودواجن وأسماك بأعلى جودة.

ومع برنامج «تميّز»، تحصل على قيمة لا مثيل لها، تتجاوز أي برنامج ولاء آخر!

أسعار ثابتة تطمئنك وعروض نهاية أسبوع تنتظرك، ووصفات جديدة تفاجئك باستمرار.

المزيد من الأسباب لتزورنا كل يوم!

لأن التسوّق الاستثنائي لا يُختصر في ميزة واحدة، بل في تغطية كل التفاصيل بكل شغف.

#تعاونية_الاتحاد #تميّز 

Every side of grocery shopping, covered.

Freshness in every form, from fr…",https://www.instagram.com/p/DdJ9cX9jVZ_/,,13,0,,1.63,1199,0,0,797,0,,,,13,,,
6aa2570ed728adfbfca8392d,2026-09-12T06:01:10.058Z,union.coop,business,instagram,Reel,".

متبّلة بنكهة مدخّنة وغنية بالطعم اللذيذ. إنها العرايس، المثالية لوجبة عائلية شهية أو وجبة خفيفة بعد الظهر!

لأن الأمهات أيضاً لهنّ نصيب من الاستعداد للعودة إلى المدارس!

كل ما تحتاجه لأطباقك المفضلة يتوفر في: @union.coop 

#تعاونية_الاتحاد #عرايس

Spiced, smoky, and packed with flavour. The perfect Arayes for a delicious family meal or an afternoon snack!

Because even mums need to get ready for back-to-school! 📚✨

Your go-to grocery stop: @union.coop

#Union_Coop #Arayes",https://www.instagram.com/reel/DdLSwH7lWOD/,,13,0,,1.11,1775,0,2,1351,0,,,,15,,,
6a926a9ba53e4add32417f0a,2026-08-29T08:01:26.991Z,union.coop,business,instagram,Reel,".

أقوى العروض بانتظاركم عبر نقرة واحدة فقط! 

تسوقوا بسهولة أكبر واستمتعوا بالعروض الحصرية عبر تطبيق تعاونية الاتحاد.

تفضلوا بزيارة أقرب فرع من تعاونية الاتحاد إليكم وتسوقوا منتجاتكم المفضلة.

حمّلوا التطبيق الآن وابدأوا رحلة التوفير!

#تعاونية_الاتحاد #حصريا_على_التطبيق #عروض_تعاونية_الاتحاد

Your next great deal is just a tap away! 

Discover App-Exclusive Offers on the Union Coop app, then head to
your nearest store and shop your favourites.

Download the Union Coop app and start saving!

#…",https://www.instagram.com/reel/DcndXDZDnWY/,,13,0,,2.22,825,0,1,631,0,,,,14,,,
6a6dc5ae22eb05b35a6363db,2026-07-31T16:52:31.000Z,union.coop,business,instagram,Reel,". 
هل تساءلت يوماً عن سرّ جودتها الفائقة؟ 

كل حبةٍ تأتي من مزارع محلية، تُقطف وتُعبَّأ يدوياً بعناية، ثم تُنقل مباشرةً إلى رفوفنا لتصلك بأعلى طزاجة!

#تعاونية_الاتحاد #مهرجان_الرطب #البثيث #زراعة_محلية

Ever wondered why they are so good? Each one comes from local farms. Picked and packed by hand. Delivered straight to our shelves.

#Union_Coop",https://www.instagram.com/reel/Dbduui1oCUv/,,13,0,,0.85,1966,0,0,1537,,,,,13,,,
6a9ed4e67a4fea90083ae155,2026-09-07T15:15:51.535Z,union.coop,business,instagram,Reel,".
عبق الدخون يروي حكاية من تراثنا الإماراتي.

نسترجع معكم لحظات مميزة من ورشة صناعة الدخون، حيث اجتمعنا للاحتفاء بيوم المرأة الإماراتية والنساء اللواتي يواصلن الحفاظ على هذه الحرفة الجميلة.

 #تعاونية_الاتحاد

Bukhoor blended, bottles filled, and Emirati heritage brought to life.

A look back at the Dukhoon Workshop, where we came together to celebrate Emirati Women’s Day and the women who keep this beautiful craft alive.

#Union_Coop",https://www.instagram.com/reel/Dc_aPMJCkwS/,,12,1,,1.87,970,0,1,801,0,,,,15,,,
69842aaafbd613406a0b990a,2026-02-05T05:32:15.399Z,union.coop,business,instagram,Reel,"وفّر أكثر في رمضان!
لا تفوّت العروض المميزة على كل مستلزماتك فقط في تعاونية الاتحاد.

#تعاونية_الاتحاد #رمضان #تسوق_رمضان #عروض_كبرى #مستلزمات_يومية 

More savings for your Ramadan shopping.
Explore special deals across essentials, only at Union Coop.

#Union_Coop #Ramadan #RamadanShopping #GreatDeals #EverydayEssentials",https://www.instagram.com/reel/DUXVJaalfFp/,,12,1,,1.48,1309,0,1,948,0,,,,14,,,
6a8473f7a8fa256bb26ad943,2026-08-18T15:04:14.979Z,union.coop,business,instagram,Reel,".

موسم العودة إلى المدارس في أوجّه، ومعه جوائز يومية مميزة ومليون نقطة من تميّز بانتظار فائز كل أسبوع! كل ما عليكم فعله هو التسوّق بقيمة 200 درهم، واستخدام بطاقة تميّز الرقمية عند الدفع، لتتأهلوا تلقائياً لدخول السحب.

#تعاونية_الاتحاد #العودة_إلى_المدارس #جوائز_أسبوعية #جوائز_يومية 

We've made an interesting note for you. Back-to-school is in full season, matched with big prizes every day and 1 Million Tamayaz Points up for grabs every week. All you have to do is shop for AED 200 and scan you…",https://www.instagram.com/reel/DcL4_gbkYDj/,,12,0,,1.28,1269,0,1,1018,0,,,,13,,,
6a4bada2577a00b170044223,2026-07-06T13:29:15.464Z,union.coop,business,instagram,Post,".
مفاجأة كبرى بانتظاركـم! 

ابتداءً من الغد، سيصبح يوم الثلاثاء اليوم المفضل لدى الجميع في الأسبوع.

استعدوا لخصومات بقيمة 50% وأكثر على مجموعة متجددة من المنتجات كل يوم ثلاثاء!

* حصرياً لحاملي بطاقة تميّز
* تتوفر فقط في الفروع
* يُرجى تفعيل العروض عبر التطبيق
 العرض سارٍ حتى نفاذ الكمية.

نراكم غداً!

#تميّز #تعاونية_الاتحاد 
👀 Something BIG is coming...

Starting tomorrow, Tuesdays are about to become everyone's favourite day of the week.

Get ready for 50% OFF & more on a new selection of p…",https://www.instagram.com/p/DadABgskRHO/,,12,0,,1.78,1716,2,2,1068,0,,,,19,,,
6a355fa5574ee5e3bb0e2d60,2026-06-19T15:27:21.393Z,union.coop,business,instagram,Post,".
عطلتك تبدأ من تعاونية الاتحاد!
سواء كنت تستعد لرحلة سفر أو تستمتع بعطلة منزلية مع العائلة، فنحن نوفر لك كل ما تحتاجه لقائمة مستلزمات عطلتك.
من واقيات الشمس ومستلزمات السفر إلى الوجبات الخفيفة المثالية لرحلات الطريق، ستجد كل ما تحتاجه بأسعار لا تُنافس.
#تعاونية_الاتحاد #مستلزمات_العطلة #العطلة_الصيفية 

Whether you’re catching a flight or enjoying a relaxing staycation with the family, we’ve got your holiday checklist covered. 🎒☀️

From sun protection and travel-sized essentials to the perfect…",https://www.instagram.com/p/DZxcBLzmiQM/,,12,0,,2.02,1906,1,1,741,0,,,,15,,,
6a477e6e998448e98e08b948,2026-07-03T09:19:39.016Z,union.coop,business,instagram,Reel,".
إليكم الوجبة المثالية لفصل الصيف من قلب البحر!

يعدّ النيسر من الأطباق الإماراتية التقليدية الموسمية التي يعشقها الجميع، ويتميز بنكهته الفريدة والغنية بالفيتامينات الأساسية لنشاط الصيف.

هل جربتم طعمه المميّز بعد؟ شاركونا بـ «نعم» أو «لا» في التعليقات!

#تعاونية_الاتحاد #النيسر

Your summer seafood staple. ✨

Al Naiser is a traditional Emirati seasonal favorite, packed with unique flavor and essential vitamins.

Have you tried it yet? 

#Union_Coop",https://www.instagram.com/reel/DaU0-vLFEpk/,,11,2,,2.94,1113,11,1,850,0,,,,25,,,
6aa25203f138b06b794a0c0f,2026-09-10T15:32:41.940Z,union.coop,business,instagram,Reel,".

حيلة مطبخية بسيطة ستغيّر طريقة اختيارك للتفاح! 

في المرة القادمة التي تشتري فيها التفاح، جرّب هذه الطريقة السهلة لاختيار التفاح الذي سيدوم طازجاً لفترة أطول. 

#تعاونية_الاتحاد #حيل_فعالة 

Some kitchen tricks are worth knowing. 🍎

Try this simple one the next time you’re picking your apples and choose ones that stay fresh for longer.

#Union_Coop #FreshHacks",https://www.instagram.com/reel/DdHKjHaDVtR/,,11,0,,1.89,728,0,0,583,0,,,,11,,,
6a87f03e52d2096d3994fcbd,2026-08-21T07:00:45.032Z,union.coop,business,instagram,Reel,".

معكرونة الوعاء الواحد!

 طعم كريمي شهي، وتحضير بسيط لا يأخذ من وقتك الكثير.

كل ما تحتاجه لتحضيرها متوفر في: @union.coop

#تعاونية_الاتحاد #وجبة_الوعاء_الواحد 

One-Pot Pasta

Creamy, comforting and easy to make when you’re short on time.

Your go-to grocery stop: @union.coop

#Union_Coop #OnePotMeal",https://www.instagram.com/reel/DcSwEw4DOAk/,,11,0,,1.20,1426,0,2,1083,0,,,,13,,,
6a815f9b6bdf2d689f1e2e72,2026-08-16T06:59:33.586Z,union.coop,business,instagram,Reel,".

جرّب حظك مع العجلة واربح أشهى الحلويات! العب على تطبيق تميّز واكتشف جائزتك الجديدة واصطحبها إلى منزلك اليوم.

#تعاونية_الاتحاد #دانكن_دونتس #تميّز

Spin for the yummiest treat! 🍩 Play on the Tamayaz App and unlock your newest prize. All yours to take home today. 

#Union_Coop #DunkinDonuts

@dunkin_uae",https://www.instagram.com/reel/DcF39_XGT80/,,11,0,,1.64,1270,1,3,914,0,,,,15,,,
6a59ec298ce6e1cce002e0c6,2026-07-17T08:48:36.031Z,union.coop,business,instagram,Reel,".
سرّ شريحة اللحم المثالية يبدأ قبل الطهي!

هل ترغب في تحسين طعم وجودة شريحة اللحم التي تحضرها في المنزل؟

إليك هذه الحيلة البسيطة: اترك شريحة اللحم خارج الثلاجة لمدة 5 إلى 10 دقائق.

خطوة واحدة بسيطة، لكنها تضمن لك طراوة لا تُقاوم ونكهة غنية وموزعة بالتساوي!

والآن شاركنا كيف تفضل درجة نضج شريحة اللحم الخاصة بك؟

 قليلة النضج أو متوسطة النضج أو مطهية جيداً.

اكتب لنا في التعليقات وادخل السحب للفوز بصندوق شرائح لحم فاخرة من تعاونية الاتحاد!

#تعاونية_الاتحاد

Master the perfect sear. 🥩🔥

Want …",https://www.instagram.com/reel/Da40jxSEXSh/,,11,0,,1.78,1098,1,1,844,0,,,,15,,,
6a38f1ba35beebef150cb345,2026-06-22T08:26:51.971Z,union.coop,business,instagram,Post,".
تشكيلة مثالية لمشاهدة المباريات من تعاونية الاتحاد.

المباريات الحماسية تحتاج إلى ضيافة استثنائية! جهّز طاولتك الآن بألذّ أنواع الشوكولاتة والمشروبات والحلويات الباردة، واجعل ليلة المباراة أكثر مكافأة. كل تسوق من تعاونية الاتحاد يمنحك فرصاً إضافية لدخول سحب مليونير تميّز. عِش أجواء الفوز داخل الملعب وخارجه، أنت تشتري ونحن ندفع!

من 22 يونيو حتى 19 يوليو!

#تعاونية_الاتحاد #تميز_مليونير

The ultimate match-day lineup. ⚽🍿

Your favorite game-time cravings just got more rewarding. Stock up your…",https://www.instagram.com/p/DZ4aSYaGpo4/,,11,0,,1.07,2734,0,2,1212,0,,,,13,,,
6a4f6eda61851eb2f80b79fe,2026-07-09T09:50:30.509Z,union.coop,business,instagram,Post,".
8 مباريات و8 توقعات أخرى، أي أن فرصتك للفوز بسيارة Jetour T2 الجديدة كلياً تبعد عنك 10 أيام فقط.

افتح تطبيق تعاونية الاتحاد وأرسل توقعاتك للمباريات، واحجز مكانك قبل صافرة النهاية.

من منكم المحترف الحقيقي في كرة القدم؟

#تعاونية_الاتحاد #جيتورT2 #كأس_العالم_2026 

10 days to go and 8 matches left this FIFA World Cup. This means you have 8 more predictions to bring you closer to winning a Jetour T2. 

Open your Union Coop app, submit your match predictions, and secure your entries before the f…",https://www.instagram.com/p/DakVXsHGqNF/,,10,8,,2.70,1477,5,0,852,0,,,,23,,,
6aa3b7067c033eb9ebda388c,2026-09-11T08:09:38.401Z,union.coop,business,instagram,Reel,".

هذه نشرتنا الترويجية الأخيرة المليئة بالأسباب الإضافية للتخزين والتوفير وإتمام قائمة تسوقكم بالكامل.

 اغتنموا هذه العروض قبل نفاذها، وتسوّقوا من تعاونية الاتحاد.

#تعاونية_الاتحاد #تسوق_ووفر 

The final leaflet offer is here, packed with more reasons to stock up, save, and tick everything off your shopping list. 

Make the most of these offers before they’re gone and shop your picks at Union Coop. 

#Union_Coop #ShopAndSave",https://www.instagram.com/reel/DdI8pvRk_qc/,,10,0,,1.70,745,0,0,587,0,,,,10,,,
6a28448738630ec614956fa5,2026-06-09T15:39:43.000Z,union.coop,business,instagram,Post,".
مستعد لتحويل مشترياتك اليومية إلى مدخرات حقيقية؟ 
مع بطاقة لف تميّز الائتمانية، احصل على استرداد نقدي يصل إلى 10% على كل ما تشتريه في تعاونية الاتحاد وعلى نفقاتك اليومية الأخرى. 
لا تفوّت هذه الفرصة الرائعة للاستفادة القصوى من مكافآتك! امسح رمز الاستجابة السريعة الآن وقدم طلبك.

#لف #تعاونية_الاتحاد #مكافآت_الاسترداد_النقدي #الإنفاق_الذكي

Ready for maximum rewards? Maximize your grocery trips at Union Coop and everyday spends with up to 10% cashback using the Liv Tamayaz Credit Card.

Don't m…",https://www.instagram.com/p/DZXtgb8iKv9/,,9,0,,0.97,2082,0,0,929,0,,,,9,,,
69e0d62868d79dc4d604aad7,2026-04-16T12:29:55.270Z,union.coop,business,instagram,Reel,".
في الحلقة الخامسة من سلسلة الوصفات الشهيرة، اخترنا لكم نكهة تعيدكم إلى الأصالة، وهي عبارة عن مزيج من التمر وميلك شيك الزعفران مع رشة من الهيل، والنتيجة مشروب غني يجمع أشهى نكهات المطبخ العربي. 

حضّروها في منزلكم بمكونات طازجة دائماً تجدونها في تعاونية الاتحاد.

#تعاونية_الاتحاد#وصفات_شهيرة #تريند 

In episode 5 of our recipe series, we tried a date and saffron milkshake. Creamy, rich, and full of flavour, with a hint of cardamom.

Get everything you need from Union Coop to make it at home.

#…",https://www.instagram.com/reel/DXMU0HVF3AZ/,,9,0,,0.87,1999,2,3,1601,0,,,,14,,,
6aa2b3e452fe293b107e653c,2026-09-11T04:00:22.678Z,union.coop,business,instagram,Post,".

تبحثون عن أفكار سهلة ولذيذة لوجبات أطفالكم المدرسية؟ 🎒🍴

زورونا في تعاونية الاتحاد – جميرا واستمتعوا بعرض مباشر وتذوق مجاني، واكتشفوا أفكارًا سهلة وشهية لتحضير وجبات أطفالكم المدرسية.

📅 11–12 سبتمبر
⏰ 4:00 مساءً 9:00 – مساءً
📍 تعاونية الاتحاد – جميرا

ننتظركم!

#تعاونية_الاتحاد #نيوتري_كوك

Looking for easy and tasty lunchbox ideas for the kids? 🎒🍴

Join us at Union Coop – Jumeirah for a live in-store demo and enjoy free sampling while discovering simple and tasty lunchbox inspiration …",https://www.instagram.com/p/DdIgL1iF7vZ/,,8,0,,1.15,1826,1,0,783,0,,,,9,,,
6a9fc592d7662c89dd7e4859,2026-09-10T05:00:43.120Z,union.coop,business,instagram,Post,".

🍎 تفاح روكيت الفاخر من نيوزيلندا، مقرمش… بنكهة استثنائية!

تذوّقوا روكيت مجاناً واكتشفوا مذاقه المميز في فروع مختارة من تعاونية الاتحاد.

📍 10–11 سبتمبر: البرشاء مول
📍 11–12 سبتمبر: اتحاد مول
📍 12–13 سبتمبر: الخوانيج مول

🕕 من 6 مساءً إلى 9 مساءً

نراكم هناك!

#تعاونية_الاتحاد #تفاح_روكيت #تفاح_نيوزيلندي

Sweet, crisp & straight from New Zealand! 🍎

Come and try the premium new Rockit apples from New Zealand with FREE sampling at selected Union Coop stores!

📍 10–11 September: Al Barsh…",https://www.instagram.com/p/DdGCSfsjWHI/,,8,0,,0.77,2433,1,0,1162,0,,,,9,,,
6a4cceeb9f1763e94606cef2,2026-07-07T10:03:33.045Z,union.coop,business,instagram,Post,".
اشحن سيارتك أثناء تسوقك!

أصبحت محطات الشحن السريع «Tesla Superchargers» جاهزة للعمل الآن في فرع تعاونية الاتحاد بواحة دبي للسيليكون.

اشحن سيارتك الكهربائية بكل سهولة وسرعة أثناء تسوق احتياجاتك ومشترياتك اليومية. تفضل بزيارتنا اليوم، واستمتع بتجربة تسوق أكثر ذكاءً و راحةً، واستدامة! 

#تعاونية_الاتحاد

Power up while you shop! ⚡🔋

Our Tesla Superchargers are now operational at Union Coop Dubai Silicon Oasis Branch. Charge your electric vehicle conveniently while you shop for your everyday es…",https://www.instagram.com/p/DafNRwDmnJX/,,8,0,,1.29,1172,1,1,773,0,,,,10,,,
6a4e66112a5d07c1da0fc8a6,2026-07-08T15:01:54.267Z,union.coop,business,instagram,Post,".
أصبح الربح عند تسوق المواد الغذائية أسهل مما تتخيل.

استخدم بطاقة لف تميّز الائتمانية في تعاونية الاتحاد واحصل على استرداد نقدي يصل إلى 10% يضاف مباشرةً إلى حسابك.

 اضغط على الصورة ومرر للأسفل واكتشف مدى سهولة الاستفادة القصوى من مشترياتك واحتياجاتك اليومية.

#تعاونية_الاتحاد #تميّز #لِف

Earning on your groceries is simpler than you think. ✨

Use your LIV x Tamayaz card at Union Coop and get up to 10% cashback straight to your account. Hold, scroll, and see how easy it is to get more out of …",https://www.instagram.com/p/DaiUJYvGhgF/,,7,0,,1.03,2028,0,1,876,0,,,,9,,,
69980dc60adb6338270d0d02,2026-02-22T05:00:21.191Z,union.coop,business,instagram,Post,".
مبادرة بسيطة منكم قد تعني ولادة جديدة لغيركم. تفضلوا بزيارتنا في مول البرشاء يوم 25 فبراير 2026 من الساعة 7:30 مساءً حتى 11:30 مساءً للتبرع بالدم. معاً، يمكننا أن نجعل كل قطرة تحدث فرقاً. 

#تعاونية_الاتحاد #التبرع_بالدم #أنقذ_حياة 

A small act from you can mean a life line for someone else. Visit us at Al Barsha Mall on 25 February 2026 from 7:30 pm to 11:30 pm and donate blood. Together, we can make every drop count.

#UnionCoop #DonateBlood #SaveALife",https://www.instagram.com/p/DVDDQ22jMlm/,,7,0,,1.20,950,0,0,581,0,,,,7,,,
6a50861313f64d89a2043d5f,2026-07-10T07:00:42.124Z,union.coop,business,instagram,Post,".
جولتك القادمة للتسوق قد تمنحك مفتاح شقتك الجديدة من بن غاطي!

نكافئكم هذا الموسم بـ 12 شقة كجوائز كبرى خلال فعاليات مفاجآت صيف دبي!
مستعد لتكون أحد الفائزين؟

كيفية المشاركة في السحب

·  أنفق 500 درهم أو أكثر في أحد فروعنا المشاركة.

·  امسح الباركود المخصص للحملة.

·  حمّل إيصال الشراء الخاص بك واشترك فوراً.

حوّل مشتريات واحتياجات أسرتك الأسبوعية إلى الفوز الأكبر في حياتك!

من 22 مايو حتى 30 أغسطس.

#مفاجآت_صيف_دبي #تعاونية_الاتحاد 

Your next grocery run could unlock a brand-new Binghatti a…",https://www.instagram.com/p/DammtnyjSD5/,,6,0,,1.45,1751,3,1,760,0,,,,11,,,
6a7dd8f27a15eedbf14f03a2,2026-08-13T14:29:30.000Z,union.coop,business,instagram,Post,".
مفاجأة الموسم: أسماء إبراهيم مجرد شخصية خيالية! ولكن الخبر الأكيد؟ عروض منشوراتنا حقيقية 100%!

لا تفوّتوا الفرصة وتصفحوا أقوى عروض هذا الأسبوع الآن في تعاونية الاتحاد.

#تعاونية_الاتحاد #أقوى_العروض #خصومات

Plot twist: Asma Ibrahim doesn't exist 👀

But these leaflet offers? Very real.

Swipe through this week's offers to find the best deals.

#Union_Coop #LeafletOffers
​",https://www.instagram.com/p/Db-9I6aCCQB/,,4,1,,4.31,778,0,0,116,0,,,,5,,,
6aa9879c2113a9dd89e33134,2026-01-27T07:46:57.000Z,union.coop,business,instagram,Story,Media only,https://instagram.com/p/18091311283975338,,,,19,,2358,,,1946,,,,85.284139100933,,347,21,1431
6aaa61db45e595469b8a0396,2026-09-16T07:17:37.000Z,union.coop,business,instagram,Story,Media only,https://www.instagram.com/stories/union.coop/3987299288161500064,,,,7,0.68,,,,1028,,,,0.7785171102661597,,233,,
6aa9879c2113a9dd89e330a6,2026-01-05T08:31:55.000Z,union.coop,business,instagram,Story,Media only,https://instagram.com/p/17910124779275379,,,,6,,2185,,,1693,,,,84.11899313501145,,347,22,1266
6aa9879c2113a9dd89e3327c,2026-03-22T09:01:43.000Z,union.coop,business,instagram,Story,Media only,https://instagram.com/p/17990763419945063,,,,5,,,,,2022,,,,,,377,49,1527
6aa9879d2113a9dd89e3346a,2026-06-13T06:54:21.000Z,union.coop,business,instagram,Story,Media only,https://instagram.com/p/18101672708039068,,,,4,,,,,891,,,,,,124,46,800
6a902654f861e030cf64576b,2026-08-27T11:52:39.000Z,union.coop,business,instagram,Story,Media only,https://www.instagram.com/stories/union.coop/3972942162326438660,,,,4,0.59,,,,679,,,,0.8438880706921944,,106,,
6a882bc7f3d44752fae81025,2026-08-21T08:23:10.000Z,union.coop,business,instagram,Story,Media only,https://www.instagram.com/stories/union.coop/3968488085416703334,,,,4,0.71,,,,563,,,,0.9094138543516874,,51,,
6a882bc7f3d44752fae8101d,2026-08-21T08:23:11.000Z,union.coop,business,instagram,Story,Media only,https://www.instagram.com/stories/union.coop/3968488090072316922,,,,4,0.76,,,,526,,,,0.9049429657794676,,50,,
6a80b3cdf5e8de736bae14a9,2026-08-15T18:36:07.000Z,union.coop,business,instagram,Story,Media only,https://www.instagram.com/stories/union.coop/3964448071689499964,,,,4,0.59,,,,676,,,,0.7834302325581395,,149,,
6aa9879d2113a9dd89e3347c,2026-06-17T12:11:31.000Z,union.coop,business,instagram,Story,Media only,https://instagram.com/p/18216478126326585,,,,3,,,,,1129,,,,,,118,12,877
6aa9879d2113a9dd89e33460,2026-06-11T17:57:14.000Z,union.coop,business,instagram,Story,Media only,https://instagram.com/p/17935663893277340,,,,3,,1096,,,926,,,,78.74087591240875,,233,51,676
6aa9879d2113a9dd89e33340,2026-04-15T08:45:26.000Z,union.coop,business,instagram,Story,Media only,https://instagram.com/p/17884318944483429,,,,3,,,,,1247,,,,,,226,15,918
6aa9879c2113a9dd89e33292,2026-03-23T14:53:25.000Z,union.coop,business,instagram,Story,Media only,https://instagram.com/p/17931666900055113,,,,3,,1678,,,1399,,,,81.70441001191895,,307,79,985
6aa9879c2113a9dd89e3314e,2026-01-31T06:08:50.000Z,union.coop,business,instagram,Story,"العدّ التنازلي بدأ!
 يومان فقط يفصلاننا عن
 أول سحب ليانصيب رمضان! THE COUNTDOWN IS ON
2 DAYS TO GO UNTIL OUR FIRST RAMADAN RAFFLE DRAW​",https://instagram.com/p/18408414733126915,,,,3,,1474,,,1267,,,,87.17774762550881,,189,12,1047
6aa23fea12b5e58076ac5c94,2026-09-10T05:02:11.000Z,union.coop,business,instagram,Story,Media only,https://www.instagram.com/stories/union.coop/3982882424402089861,,,,3,0.56,,,,531,,,,0.9152542372881356,,45,,
6a88563f18c204f98f38793b,2026-08-21T10:50:11.000Z,union.coop,business,instagram,Story,Media only,https://www.instagram.com/stories/union.coop/3968562076663909824,,,,3,0.54,,,,555,,,,0.8450450450450451,,86,,
6ab2105184b650a711c2c581,2026-09-21T10:13:07.000Z,union.coop,business,instagram,Story,Media only,https://www.instagram.com/stories/union.coop/3991011475096456569,,,,2,0.26,,,,778,,,,0.8308270676691729,,135,,
6aa9879d2113a9dd89e33582,2026-07-17T17:49:20.000Z,union.coop,business,instagram,Story,Media only,https://instagram.com/p/18322451368276327,,,,2,,,,,895,,,,,,172,49,664
6aa9879d2113a9dd89e33580,2026-07-17T09:52:22.000Z,union.coop,business,instagram,Story,Media only,https://instagram.com/p/18092416787061490,,,,2,,,,,831,,,,,,136,37,667
6aa9879d2113a9dd89e33500,2026-06-29T14:11:58.000Z,union.coop,business,instagram,Story,Media only,https://instagram.com/p/18318532573279820,,,,2,,1030,,,859,,,,94.36893203883496,,58,71,717
6aa9879d2113a9dd89e3344c,2026-06-01T09:53:45.000Z,union.coop,business,instagram,Story,Media only,https://instagram.com/p/18103002059092445,,,,2,,1174,,,996,,,,82.3679727427598,,207,82,740
6aa9879d2113a9dd89e3344a,2026-06-01T09:53:44.000Z,union.coop,business,instagram,Story,Media only,https://instagram.com/p/18084271634133765,,,,2,,1349,,,1145,,,,91.47516679021497,,115,13,823
6aa9879d2113a9dd89e333d4,2026-05-09T06:07:25.000Z,union.coop,business,instagram,Story,Media only,https://instagram.com/p/18072584192301570,,,,2,,1797,,,1444,,,,82.47078464106845,,315,9,882
6aa9879c2113a9dd89e3330e,2026-04-09T07:49:33.000Z,union.coop,business,instagram,Story,Media only,https://instagram.com/p/17985469979984942,,,,2,,853,,,720,,,,84.17350527549824,,135,15,542
6aa9879c2113a9dd89e33244,2026-03-17T15:18:38.000Z,union.coop,business,instagram,Story,Media only,https://instagram.com/p/18343026745213519,,,,2,,1224,,,1046,,,,96.89542483660131,,38,81,1094
6aa9879c2113a9dd89e33240,2026-03-17T15:18:36.000Z,union.coop,business,instagram,Story,Media only,https://instagram.com/p/18068818397640302,,,,2,,1472,,,1159,,,,91.44021739130434,,126,60,1085
6aa9879c2113a9dd89e33238,2026-03-16T11:18:43.000Z,union.coop,business,instagram,Story,Media only,https://instagram.com/p/18148981561411334,,,,2,,1495,,,1249,,,,88.89632107023411,,166,50,1092
6aa9879c2113a9dd89e33230,2026-03-15T07:35:34.000Z,union.coop,business,instagram,Story,Media only,https://instagram.com/p/18077619323103898,,,,2,,1647,,,1400,,,,87.79599271402549,,201,43,1179
6aa9879c2113a9dd89e331fc,2026-03-03T18:05:47.000Z,union.coop,business,instagram,Story,Media only,https://instagram.com/p/18093961739107872,,,,2,,2411,,,2068,,,,86.35420987142265,,329,20,1578
6aa9879c2113a9dd89e33138,2026-01-29T13:27:17.000Z,union.coop,business,instagram,Story,Media only,https://instagram.com/p/17933620362152274,,,,2,,1958,,,1591,,,,78.29417773237998,,425,31,1041
6aa9879c2113a9dd89e330d4,2026-01-13T06:38:01.000Z,union.coop,business,instagram,Story,Media only,https://instagram.com/p/18059690060653148,,,,2,,,,,950,,,,,,23,100,970
6aa8e20cab74196214b9adb6,2026-09-15T04:18:37.000Z,union.coop,business,instagram,Story,Media only,https://www.instagram.com/stories/union.coop/3986484382006408660,,,,2,0.31,,,,652,,,,0.9033742331288344,,63,,
6aa140499f1d9bc5ec04e3a5,2026-09-09T10:54:17.000Z,union.coop,business,instagram,Story,Media only,https://www.instagram.com/stories/union.coop/3982335118798265724,,,,2,0.42,,,,471,,,,0.9384288747346072,,29,,
6a9e96be607e920c7f347a6f,2026-09-07T08:53:32.000Z,union.coop,business,instagram,Story,Media only,https://www.instagram.com/stories/union.coop/3980824597079632503,,,,2,0.31,,,,638,,,,0.8452012383900929,,100,,
6a9278c78c057744c4d3d2de,2026-08-29T05:45:49.000Z,union.coop,business,instagram,Story,Media only,https://www.instagram.com/stories/union.coop/3974207089158458673,,,,2,0.36,,,,560,,,,0.9214285714285715,,44,,
6a88016416637c6fb7666d2c,2026-08-21T06:05:40.000Z,union.coop,business,instagram,Story,Media only,https://www.instagram.com/stories/union.coop/3968418938179796167,,,,2,0.35,,,,564,,,,0.950354609929078,,28,,
6a87579ff5da080db76d5a39,2026-08-20T16:46:30.000Z,union.coop,business,instagram,Story,Media only,https://www.instagram.com/stories/union.coop/3968016633861080874,,,,2,0.33,,,,610,,,,0.8147540983606557,,113,,
6980b7bafadee50e3202a4c8,2026-02-02T14:43:00.908Z,union.coop,business,instagram,Story,Media only,https://www.instagram.com/stories/union.coop/3823723015998168077,,,,2,0.14,,,,1404,,,,0.685455810716771,,452,,
6aaab76d20413aa3175e1c14,2026-09-16T13:27:32.000Z,union.coop,business,instagram,Story,Media only,https://www.instagram.com/stories/union.coop/3987485504966269417,,,,1,0.13,,,,741,,,,0.7805851063829787,,165,,
6aaa8c4a11177ebdf2e7a76f,2026-09-16T11:35:22.000Z,union.coop,business,instagram,Story,Media only,https://www.instagram.com/stories/union.coop/3987428973509567977,,,,1,0.12,,,,855,,,,0.8390804597701149,,140,,
6aa9879d2113a9dd89e335fe,2026-08-02T06:06:08.000Z,union.coop,business,instagram,Story,Media only,https://instagram.com/p/18088714058641064,,,,1,,,,,912,,,,,,96,13,656
6aa9879d2113a9dd89e3356a,2026-07-15T08:51:22.000Z,union.coop,business,instagram,Story,Media only,https://instagram.com/p/18164600026455537,,,,1,,1054,,,927,,,,80.07590132827325,,210,8,573
6aa9879d2113a9dd89e3355c,2026-07-14T08:34:11.000Z,union.coop,business,instagram,Story,Media only,https://instagram.com/p/18011843573870142,,,,1,,,,,909,,,,,,70,33,790
6aa9879d2113a9dd89e33554,2026-07-12T14:08:46.000Z,union.coop,business,instagram,Story,Media only,https://instagram.com/p/18086078921531454,,,,1,,935,,,806,,,,85.45454545454545,,136,17,569
6aa9879d2113a9dd89e33546,2026-07-10T05:06:05.000Z,union.coop,business,instagram,Story,Media only,https://instagram.com/p/18105464714281778,,,,1,,,,,597,,,,,,18,61,620
6aa9879d2113a9dd89e33526,2026-07-08T10:41:39.000Z,union.coop,business,instagram,Story,"The viral protein milk everyone’s talking about is at Union Coop! 
Get yours today.",https://instagram.com/p/18346182838173243,,,,1,,1276,,,1086,,,,81.03448275862068,,242,8,762
6aa9879d2113a9dd89e33514,2026-07-03T05:28:38.000Z,union.coop,business,instagram,Story,Media only,https://instagram.com/p/18087358502406507,,,,1,,681,,,592,,,,87.37151248164464,,86,22,531
6aa9879d2113a9dd89e33502,2026-06-29T14:11:59.000Z,union.coop,business,instagram,Story,Media only,https://instagram.com/p/18108416890956321,,,,1,,924,,,769,,,,86.25541125541125,,127,77,641
6aa9879d2113a9dd89e334ea,2026-06-27T10:15:03.000Z,union.coop,business,instagram,Story,Media only,https://instagram.com/p/18124491259658173,,,,1,,,,,790,,,,,,181,28,576
6aa9879d2113a9dd89e334b6,2026-06-22T11:09:48.000Z,union.coop,business,instagram,Story,Media only,https://instagram.com/p/18115873205496144,,,,1,,,,,910,,,,,,121,7,671
6aa9879d2113a9dd89e334b4,2026-06-20T06:23:01.000Z,union.coop,business,instagram,Story,Media only,https://instagram.com/p/18097926496999022,,,,1,,,,,687,,,,,,125,28,577
6aa9879d2113a9dd89e33498,2026-06-19T08:24:05.000Z,union.coop,business,instagram,Story,Media only,https://instagram.com/p/17951534778187979,,,,1,,,,,727,,,,,,92,18,563
6aa9879d2113a9dd89e3347e,2026-06-17T12:11:32.000Z,union.coop,business,instagram,Story,Media only,https://instagram.com/p/17983227506847651,,,,1,,,,,988,,,,,,43,145,911
6aa9879d2113a9dd89e33476,2026-06-15T04:43:54.000Z,union.coop,business,instagram,Story,Media only,https://instagram.com/p/18002095310764463,,,,1,,,,,743,,,,,,65,34,666
6aa9879d2113a9dd89e3346e,2026-06-13T10:53:36.000Z,union.coop,business,instagram,Story,Media only,https://instagram.com/p/17997970721950239,,,,1,,969,,,784,,,,84.41692466460269,,151,94,645
6aa9879d2113a9dd89e33464,2026-06-13T05:18:41.000Z,union.coop,business,instagram,Story,Media only,https://instagram.com/p/18138852823539493,,,,1,,,,,982,,,,,,60,96,866
6aa9879d2113a9dd89e33462,2026-06-13T05:18:40.000Z,union.coop,business,instagram,Story,Media only,https://instagram.com/p/18378621364207488,,,,1,,,,,1116,,,,,,117,7,846
6aa9879d2113a9dd89e3345a,2026-06-08T13:12:08.000Z,union.coop,business,instagram,Story,Media only,https://instagram.com/p/17876090817655909,,,,1,,,,,1023,,,,,,119,8,743
6aa9879d2113a9dd89e33454,2026-06-06T07:42:42.000Z,union.coop,business,instagram,Story,Media only,https://instagram.com/p/17992960901984092,,,,1,,,,,881,,,,,,47,98,769
6aa9879d2113a9dd89e33452,2026-06-06T07:42:41.000Z,union.coop,business,instagram,Story,Media only,https://instagram.com/p/18104744851977164,,,,1,,,,,953,,,,,,86,26,749
6aa9879d2113a9dd89e33432,2026-05-25T13:10:20.000Z,union.coop,business,instagram,Story,Media only,https://instagram.com/p/17907027966420526,,,,1,,988,,,825,,,,92.10526315789474,,78,15,629
6aa9879d2113a9dd89e33428,2026-05-22T08:20:50.000Z,union.coop,business,instagram,Story,Media only,https://instagram.com/p/17980306745868235,,,,1,,678,,,583,,,,80.8259587020649,,130,21,473
6aa9879d2113a9dd89e3341a,2026-05-21T06:40:28.000Z,union.coop,business,instagram,Story,Media only,https://instagram.com/p/18084523196568976,,,,1,,,,,1023,,,,,,230,14,626
6aa9879d2113a9dd89e3340a,2026-05-18T13:45:04.000Z,union.coop,business,instagram,Story,Media only,https://instagram.com/p/17862457731582144,,,,1,,,,,979,,,,,,72,14,862
6aa9879d2113a9dd89e333de,2026-05-11T17:03:29.000Z,union.coop,business,instagram,Story,Media only,https://instagram.com/p/17943438900192931,,,,1,,,,,988,,,,,,30,108,962
6aa9879d2113a9dd89e333d8,2026-05-11T17:03:26.000Z,union.coop,business,instagram,Story,Media only,https://instagram.com/p/18053569802725639,,,,1,,,,,1073,,,,,,56,219,998
6aa9879d2113a9dd89e333ac,2026-05-02T07:13:21.000Z,union.coop,business,instagram,Story,Media only,https://instagram.com/p/18077250512543299,,,,1,,964,,,778,,,,84.54356846473028,,149,100,614
6aa9879d2113a9dd89e3332e,2026-04-13T05:11:28.000Z,union.coop,business,instagram,Story,Media only,https://instagram.com/p/18119218900638572,,,,1,,1564,,,1262,,,,90.40920716112531,,150,19,1025
6aa9879d2113a9dd89e3332c,2026-04-11T14:52:57.000Z,union.coop,business,instagram,Story,Media only,https://instagram.com/p/17958904221102909,,,,1,,,,,634,,,,,,144,24,523
6aa9879d2113a9dd89e33318,2026-04-10T10:59:21.000Z,union.coop,business,instagram,Story,Media only,https://instagram.com/p/18020874095815703,,,,1,,930,,,803,,,,98.38709677419355,,15,63,830
6aa9879c2113a9dd89e33300,2026-04-06T08:41:54.000Z,union.coop,business,instagram,Story,Media only,https://instagram.com/p/18079583687454653,,,,1,,,,,1607,,,,,,361,18,1048
6aa9879c2113a9dd89e332d6,2026-04-03T06:07:47.000Z,union.coop,business,instagram,Story,Media only,https://instagram.com/p/18223264489314264,,,,1,,,,,893,,,,,,19,100,949
6aa9879c2113a9dd89e332ce,2026-04-03T06:07:43.000Z,union.coop,business,instagram,Story,Media only,https://instagram.com/p/18089113931177573,,,,1,,,,,1016,,,,,,80,42,899
6aa9879c2113a9dd89e332be,2026-04-02T06:00:46.000Z,union.coop,business,instagram,Story,Media only,https://instagram.com/p/17872889052579934,,,,1,,1170,,,932,,,,97.86324786324786,,25,126,971
6aa9879c2113a9dd89e33294,2026-03-24T15:07:55.000Z,union.coop,business,instagram,Story,Media only,https://instagram.com/p/18101742056300004,,,,1,,,,,1641,,,,,,394,18,1162
6aa9879c2113a9dd89e3327a,2026-03-21T14:32:51.000Z,union.coop,business,instagram,Story,Media only,https://instagram.com/p/17857830081622782,,,,1,,1724,,,1487,,,,81.55452436194895,,318,11,977
6aa9879c2113a9dd89e33278,2026-03-19T14:44:51.000Z,union.coop,business,instagram,Story,Media only,https://instagram.com/p/17940073416169738,,,,1,,1172,,,1011,,,,78.66894197952219,,250,14,713
6aa9879c2113a9dd89e33276,2026-03-19T01:49:40.000Z,union.coop,business,instagram,Story,Media only,https://instagram.com/p/18398007742198259,,,,1,,1037,,,909,,,,82.64223722275796,,180,35,693
6aa9879c2113a9dd89e33266,2026-03-18T06:17:25.000Z,union.coop,business,instagram,Story,Media only,https://instagram.com/p/18340997269245969,,,,1,,1336,,,1122,,,,87.7994011976048,,163,35,968
6aa9879c2113a9dd89e3325e,2026-03-17T15:19:05.000Z,union.coop,business,instagram,Story,Media only,https://instagram.com/p/18196937683346142,,,,1,,962,,,850,,,,98.33679833679834,,16,50,886
6aa9879c2113a9dd89e33256,2026-03-17T15:19:01.000Z,union.coop,business,instagram,Story,Media only,https://instagram.com/p/17849942277659885,,,,1,,988,,,890,,,,97.8744939271255,,21,40,918
6aa9879c2113a9dd89e3323a,2026-03-16T11:50:30.000Z,union.coop,business,instagram,Story,Media only,https://instagram.com/p/18076699487131908,,,,1,,1312,,,1134,,,,92.75914634146342,,95,69,1099
6aa9879c2113a9dd89e33236,2026-03-16T01:25:52.000Z,union.coop,business,instagram,Story,Media only,https://instagram.com/p/18571943017046997,,,,1,,,,,1232,,,,,,238,32,971
6aa9879c2113a9dd89e3322a,2026-03-14T12:31:37.000Z,union.coop,business,instagram,Story,Media only,https://instagram.com/p/18110744716689947,,,,1,,1169,,,1019,,,,97.26261762189907,,32,60,1045
6aa9879c2113a9dd89e3321a,2026-03-14T06:49:34.000Z,union.coop,business,instagram,Story,Media only,https://instagram.com/p/18413461399193969,,,,1,,1408,,,1187,,,,82.95454545454545,,240,33,943
6aa9879c2113a9dd89e3320e,2026-03-13T07:30:48.000Z,union.coop,business,instagram,Story,Media only,https://instagram.com/p/17877001920535267,,,,1,,,,,1260,,,,,,230,75,1108
6aa9879c2113a9dd89e33206,2026-03-11T10:12:43.000Z,union.coop,business,instagram,Story,Media only,https://instagram.com/p/18383298868085148,,,,1,,1588,,,1378,,,,85.51637279596977,,230,13,1070
6aa9879c2113a9dd89e33202,2026-03-06T19:35:06.000Z,union.coop,business,instagram,Story,Media only,https://instagram.com/p/17956258343935008,,,,1,,1554,,,1260,,,,79.79407979407979,,314,51,958
6aa9879c2113a9dd89e331f8,2026-03-01T07:19:55.000Z,union.coop,business,instagram,Story,Media only,https://instagram.com/p/18067121810284348,,,,1,,,,,2036,,,,,,230,38,1631
6aa9879c2113a9dd89e331de,2026-02-27T07:25:03.000Z,union.coop,business,instagram,Story,Media only,https://instagram.com/p/18090509363033491,,,,1,,,,,1014,,,,,,65,22,884
6aa9879c2113a9dd89e3319a,2026-02-20T08:28:14.000Z,union.coop,business,instagram,Story,Media only,https://instagram.com/p/18131555053510038,,,,1,,1260,,,1029,,,,97.3015873015873,,34,80,1036
6aa9879c2113a9dd89e33170,2026-02-09T15:09:32.000Z,union.coop,business,instagram,Story,Media only,https://instagram.com/p/18072574535403918,,,,1,,,,,1799,,,,,,140,99,1303
6aa9879c2113a9dd89e3315a,2026-02-06T04:56:44.000Z,union.coop,business,instagram,Story,Media only,https://instagram.com/p/18088802213028169,,,,1,,,,,1041,,,,,,31,122,1069
6aa9879c2113a9dd89e33152,2026-02-05T09:41:30.000Z,union.coop,business,instagram,Story,Media only,https://instagram.com/p/17882472258353613,,,,1,,,,,1212,,,,,,161,7,905
6aa9879c2113a9dd89e33150,2026-01-31T06:27:35.000Z,union.coop,business,instagram,Story,Media only,https://instagram.com/p/18143894419415826,,,,1,,2193,,,1756,,,,86.04651162790698,,306,66,838
6aa9879c2113a9dd89e33136,2026-01-27T10:39:54.000Z,union.coop,business,instagram,Story,"CELEBRATE HAG AL LEILA WITH ALL YOUR FAVOURITES FROM UNION COOP تسوّق كل مستلزمات احتفال حقّ اللّيلة
فقط من تعاونية الاتحاد",https://instagram.com/p/17888442210424251,,,,1,,,,,1850,,,,,,394,117,1081
6aa9879c2113a9dd89e330e4,2026-01-02T09:04:34.000Z,union.coop,business,instagram,Story,Media only,https://instagram.com/p/18415040542137937,,,,1,,,,,966,,,,,,25,71,987
6aa9879c2113a9dd89e330de,2026-01-02T09:04:38.000Z,union.coop,business,instagram,Story,Media only,https://instagram.com/p/18547279963042234,,,,1,,,,,925,,,,,,20,128,954
6aa9879c2113a9dd89e330ce,2026-01-09T07:09:31.000Z,union.coop,business,instagram,Story,Media only,https://instagram.com/p/17975947421968591,,,,1,,,,,910,,,,,,56,64,857
6aa9879c2113a9dd89e330be,2026-01-13T06:38:00.000Z,union.coop,business,instagram,Story,Media only,https://instagram.com/p/17936296251136298,,,,1,,,,,964,,,,,,23,106,975
6aa9879c2113a9dd89e33086,2026-01-09T07:14:10.000Z,union.coop,business,instagram,Story,"Welcoming the Citrus Season
at Union Coop Stores",https://instagram.com/p/18114107116612240,,,,1,,,,,895,,,,,,150,56,686
6aa9879c2113a9dd89e33082,2026-01-09T05:04:16.000Z,union.coop,business,instagram,Story,Media only,https://instagram.com/p/17872861212482069,,,,1,,,,,896,,,,,,51,70,887
6aa90c9def36cd7973c2a7e3,2026-09-15T08:47:26.000Z,union.coop,business,instagram,Story,Media only,https://www.instagram.com/stories/union.coop/3986619744106630011,,,,1,0.17,,,,580,,,,0.7655172413793103,,136,,
6aa8e20cab74196214b9adaf,2026-09-15T04:18:48.000Z,union.coop,business,instagram,Story,Media only,https://www.instagram.com/stories/union.coop/3986484569053877983,,,,1,0.19,,,,538,,,,0.8996282527881041,,54,,
6aa8e20cab74196214b9ada9,2026-09-15T05:00:34.000Z,union.coop,business,instagram,Story,Media only,https://www.instagram.com/stories/union.coop/3986505491561046327,,,,1,0.19,,,,525,,,,0.9561904761904761,,23,,
6aa80de5c2e5d6b1e2969764,2026-09-14T13:35:41.000Z,union.coop,business,instagram,Story,Media only,https://www.instagram.com/stories/union.coop/3986039978653210293,,,,1,0.18,,,,548,,,,0.8613138686131387,,76,,
6aa80de5c2e5d6b1e2969756,2026-09-14T13:35:26.000Z,union.coop,business,instagram,Story,Media only,https://www.instagram.com/stories/union.coop/3986039969417302845,,,,1,0.18,,,,553,,,,0.9746835443037974,,14,,
6aa6b99a0067adab3715ef11,2026-09-13T14:02:37.000Z,union.coop,business,instagram,Story,Media only,https://www.instagram.com/stories/union.coop/3985328761865320177,,,,1,0.15,,,,651,,,,0.9016897081413211,,64,,
6aa63a56ad650f9469efd41b,2026-09-13T05:12:22.000Z,union.coop,business,instagram,Story,Media only,https://www.instagram.com/stories/union.coop/3985061949662079003,,,,1,0.14,,,,695,,,,0.7726618705035971,,158,,
6aa23fea12b5e58076ac5c97,2026-09-10T04:44:44.000Z,union.coop,business,instagram,Story,Media only,https://www.instagram.com/stories/union.coop/3982873738433068988,,,,1,0.16,,,,621,,,,0.9017713365539453,,61,,
6aa115dbf4035a4be0d2e20d,2026-09-09T05:32:19.000Z,union.coop,business,instagram,Story,Media only,https://www.instagram.com/stories/union.coop/3982172819174947402,,,,1,0.16,,,,610,,,,0.921311475409836,,48,,
6aa041ba2acdcbe35425c305,2026-09-08T16:02:07.000Z,union.coop,business,instagram,Story,Media only,https://www.instagram.com/stories/union.coop/3981765064945405247,,,,1,0.16,,,,607,,,,0.9703947368421053,,18,,
6a9ec19c66ef6862ce2d63ae,2026-09-07T11:42:47.000Z,union.coop,business,instagram,Story,Media only,https://www.instagram.com/stories/union.coop/3980909745848614041,,,,1,0.17,,,,597,,,,0.9240710823909531,,47,,
6a9af1417260bc5b6be76a8c,2026-09-04T13:40:18.000Z,union.coop,business,instagram,Story,Media only,https://www.instagram.com/stories/union.coop/3978795085545906723,,,,1,0.24,,,,425,,,,0.9482352941176471,,22,,
6a9a71f77d7bcdb16fd9a61a,2026-09-04T06:13:38.000Z,union.coop,business,instagram,Story,Media only,https://www.instagram.com/stories/union.coop/3978569743704683705,,,,1,0.20,,,,500,,,,0.9092702169625246,,46,,
6a991dcfd7f25d0e1b979042,2026-09-03T06:21:20.000Z,union.coop,business,instagram,Story,Media only,https://www.instagram.com/stories/union.coop/3977848930676405314,,,,1,0.18,,,,542,,,,0.9723247232472325,,15,,
6a97c8d5a6937c072f8257f2,2026-09-02T05:54:41.000Z,union.coop,business,instagram,Story,Media only,https://www.instagram.com/stories/union.coop/3977110643942628383,,,,1,0.14,,,,735,,,,0.8625850340136054,,101,,
6a959f88d1b59e81369ee6fe,2026-08-31T12:33:32.000Z,union.coop,business,instagram,Story,Media only,https://www.instagram.com/stories/union.coop/3975861840853891244,,,,1,0.18,,,,566,,,,0.8798586572438163,,68,,
6a959f88d1b59e81369ee6fa,2026-08-31T13:25:19.000Z,union.coop,business,instagram,Story,Media only,https://www.instagram.com/stories/union.coop/3975887962811471737,,,,1,0.21,,,,472,,,,0.9385593220338984,,29,,
6a9124e645f52a64e4f8545b,2026-08-28T04:05:22.000Z,union.coop,business,instagram,Story,Media only,https://www.instagram.com/stories/union.coop/3973431745144988442,,,,1,0.17,,,,595,,,,0.8470588235294118,,91,,
6a8efbd2372e2472c85387e7,2026-08-26T13:39:58.000Z,union.coop,business,instagram,Story,Media only,https://www.instagram.com/stories/union.coop/3972271513977546808,,,,1,0.16,,,,636,,,,0.7735849056603774,,144,,
6a8dfb2631323979be8c3e18,2026-08-25T18:57:48.000Z,union.coop,business,instagram,Story,Media only,https://www.instagram.com/stories/union.coop/3971706699304237726,,,,1,0.15,,,,648,,,,0.7098765432098766,,188,,
6a8c50fcbb72a2e3bc168f20,2026-08-24T13:03:31.000Z,union.coop,business,instagram,Story,Media only,https://www.instagram.com/stories/union.coop/3970803650915444278,,,,1,0.22,,,,460,,,,0.9379014989293362,,29,,
6a8bfb87e7a4bb9097da8c74,2026-08-24T05:31:49.000Z,union.coop,business,instagram,Story,Media only,https://www.instagram.com/stories/union.coop/3970576157939779176,,,,1,0.15,,,,670,,,,0.9029850746268657,,65,,
6a8afd02b627333e2ec8c638,2026-08-23T13:18:36.000Z,union.coop,business,instagram,Story,Media only,https://www.instagram.com/stories/union.coop/3970086324251327420,,,,1,0.15,,,,679,,,,0.9065693430656935,,64,,
6a8afd02b627333e2ec8c62c,2026-08-23T13:25:50.000Z,union.coop,business,instagram,Story,Media only,https://www.instagram.com/stories/union.coop/3970089967499098191,,,,1,0.19,,,,540,,,,0.8502772643253235,,81,,
6a89d40ce64ba0eadc73f4d1,2026-08-22T15:50:27.000Z,union.coop,business,instagram,Story,Media only,https://www.instagram.com/stories/union.coop/3969438248606410645,,,,1,0.16,,,,625,,,,0.8738019169329073,,79,,
6a89a99f26d006c807941399,2026-08-22T11:19:00.000Z,union.coop,business,instagram,Story,Media only,https://www.instagram.com/stories/union.coop/3969301468745886449,,,,1,0.17,,,,580,,,,0.8547008547008547,,85,,
6a897f39ce9555d761148a01,2026-08-22T08:27:38.000Z,union.coop,business,instagram,Story,Media only,https://www.instagram.com/stories/union.coop/3969215235969543761,,,,1,0.19,,,,530,,,,0.8628884826325411,,75,,
6a8880b65d78be580eb8433b,2026-08-21T15:49:20.000Z,union.coop,business,instagram,Story,Media only,https://www.instagram.com/stories/union.coop/3968712995395607209,,,,1,0.17,,,,588,,,,0.8047138047138047,,116,,
6a88016416637c6fb7666d32,2026-08-21T06:05:45.000Z,union.coop,business,instagram,Story,Media only,https://www.instagram.com/stories/union.coop/3968418961768552942,,,,1,0.19,,,,525,,,,0.9809523809523809,,10,,
6a872d16c1a762e816732581,2026-08-20T14:34:01.000Z,union.coop,business,instagram,Story,Media only,https://www.instagram.com/stories/union.coop/3967949947430532012,,,,1,0.16,,,,635,,,,0.9196850393700787,,51,,
6a80348f27a10afdc9ae0820,2026-08-15T07:34:11.000Z,union.coop,business,instagram,Story,Media only,https://www.instagram.com/stories/union.coop/3964114878050360956,,,,1,0.15,,,,669,,,,0.8714499252615845,,86,,
6a7eb5b138e1489b1d22cf86,2026-08-14T06:24:56.000Z,union.coop,business,instagram,Story,Media only,https://www.instagram.com/stories/union.coop/3963355329978758739,,,,1,0.15,,,,669,,,,0.8912071535022354,,73,,
6a7a389ba8112553995abb77,2026-08-10T17:43:50.000Z,union.coop,business,instagram,Story,Media only,https://www.instagram.com/stories/union.coop/3960797736648906526,,,,1,0.13,,,,797,,,,0.7397769516728625,,210,,
6a7909cef7cd0f6bde82f23a,2026-08-09T20:01:48.000Z,union.coop,business,instagram,Story,Media only,https://www.instagram.com/stories/union.coop/3960142419592599005,,,,1,0.10,,,,959,,,,0.902020202020202,,97,,
699c4cdbda79b0bb92045196,2026-02-23T18:25:24.423Z,union.coop,business,instagram,Story,Media only,https://www.instagram.com/stories/union.coop/3839055228922015952,,,,1,0.08,,,,1295,,,,0.8874718679669917,,150,,
6989d877399fcdb05d04c899,2026-02-09T12:53:04.564Z,union.coop,business,instagram,Story,Media only,https://www.instagram.com/stories/union.coop/3828741112828013715,,,,1,0.07,,,,1485,,,,0.8045062955599735,,295,,
695bc5ce632714680e097c2a,2026-01-05T14:09:13.090Z,union.coop,business,instagram,Story,Media only,https://www.instagram.com/stories/union.coop/3803412327048153980,,,,1,0.08,,,,1269,,,,0.7469325153374233,,330,,
6ab2656808c65d7dfbcf5735,2026-09-22T09:42:38.000Z,union.coop,business,instagram,Story,Media only,https://www.instagram.com/stories/union.coop/3991720881740158413,,2,,0,0.32,724,,,630,,,,76.65745856353593,2,169,2,401
6ab2105184b650a711c2c583,2026-09-21T10:13:08.000Z,union.coop,business,instagram,Story,Media only,https://www.instagram.com/stories/union.coop/3991011488845507340,,,,0,0.00,,,,653,,,,0.75,,167,,
6aaf88fb4364a72d61ab3e2b,2026-09-20T05:43:10.000Z,union.coop,business,instagram,Story,Media only,https://www.instagram.com/stories/union.coop/3990150805694123315,,0,,0,0.00,132,,,97,,,,78.78787878787878,0,28,,55
6aace2321040f8e58835cf10,2026-09-18T05:15:51.000Z,union.coop,business,instagram,Story,Media only,https://www.instagram.com/stories/union.coop/3988687569408963339,,,,0,0.00,,,,473,,,,0.9873150105708245,,6,,
6aace2321040f8e58835cf0e,2026-09-18T05:15:46.000Z,union.coop,business,instagram,Story,Media only,https://www.instagram.com/stories/union.coop/3988687540400979267,,,,0,0.00,,,,518,,,,0.9556840077071291,,23,,
6aace2321040f8e58835cf0c,2026-09-18T05:15:50.000Z,union.coop,business,instagram,Story,Media only,https://www.instagram.com/stories/union.coop/3988687562890849428,,,,0,0.00,,,,478,,,,0.96875,,15,,
6aace2321040f8e58835cf08,2026-09-18T05:15:49.000Z,union.coop,business,instagram,Story,Media only,https://www.instagram.com/stories/union.coop/3988687555844476046,,,,0,0.00,,,,479,,,,0.9833679833679834,,8,,
6aace2321040f8e58835cf04,2026-09-18T05:15:45.000Z,union.coop,business,instagram,Story,Media only,https://www.instagram.com/stories/union.coop/3988687539243389815,,,,0,0.00,,,,577,,,,0.9045996592844975,,56,,
6aace2321040f8e58835cf02,2026-09-18T05:15:47.000Z,union.coop,business,instagram,Story,Media only,https://www.instagram.com/stories/union.coop/3988687545769830536,,,,0,0.00,,,,498,,,,0.9780439121756487,,11,,
6aace2321040f8e58835cf00,2026-09-18T05:33:02.000Z,union.coop,business,instagram,Story,Media only,https://www.instagram.com/stories/union.coop/3988696166272398697,,,,0,0.00,,,,443,,,,0.8112359550561797,,84,,
6aace2321040f8e58835cefe,2026-09-18T05:33:01.000Z,union.coop,business,instagram,Story,Media only,https://www.instagram.com/stories/union.coop/3988696162170323130,,,,0,0.00,,,,454,,,,0.9541484716157205,,21,,
6aace2321040f8e58835cefc,2026-09-18T05:15:52.000Z,union.coop,business,instagram,Story,Media only,https://www.instagram.com/stories/union.coop/3988687576807749016,,,,0,0.00,,,,458,,,,0.9759825327510917,,11,,
6aace2321040f8e58835cefa,2026-09-18T05:15:53.000Z,union.coop,business,instagram,Story,Media only,https://www.instagram.com/stories/union.coop/3988687619119685545,,,,0,0.00,,,,458,,,,0.9650655021834061,,16,,
6aace2321040f8e58835cef8,2026-09-18T05:15:48.000Z,union.coop,business,instagram,Story,Media only,https://www.instagram.com/stories/union.coop/3988687550450507275,,,,0,0.00,,,,486,,,,0.977366255144033,,11,,
6aabe2fe7bf10f39e11e5150,2026-09-17T09:55:53.000Z,union.coop,business,instagram,Story,Media only,https://www.instagram.com/stories/union.coop/3988103698510462139,,,,0,0.00,,,,526,,,,0.9638783269961977,,19,,
6aabe2fe7bf10f39e11e514b,2026-09-17T09:55:52.000Z,union.coop,business,instagram,Story,Media only,https://www.instagram.com/stories/union.coop/3988103691338232518,,,,0,0.00,,,,576,,,,0.9253472222222222,,43,,
6aabe2fe7bf10f39e11e5149,2026-09-17T09:56:46.000Z,union.coop,business,instagram,Story,Media only,https://www.instagram.com/stories/union.coop/3988104187950461097,,,,0,0.00,,,,520,,,,0.7596153846153846,,125,,
6aabe2fe7bf10f39e11e5147,2026-09-17T09:55:54.000Z,union.coop,business,instagram,Story,Media only,https://www.instagram.com/stories/union.coop/3988103700917812336,,,,0,0.00,,,,535,,,,0.9757009345794393,,13,,
6aabb8933d272b7fae16c56a,2026-09-17T07:31:20.000Z,union.coop,business,instagram,Story,Media only,https://www.instagram.com/stories/union.coop/3988030932444717043,,,,0,0.00,,,,563,,,,0.8898756660746003,,62,,
6aab8db2db7acbc1bba11399,2026-09-17T04:34:32.000Z,union.coop,business,instagram,Story,Media only,https://www.instagram.com/stories/union.coop/3987941944497090474,,,,0,0.00,,,,616,,,,0.9301948051948052,,43,,
6aab8db2db7acbc1bba11395,2026-09-17T06:19:28.000Z,union.coop,business,instagram,Story,Media only,https://www.instagram.com/stories/union.coop/3987994757386458421,,,,0,0.00,,,,591,,,,0.8950930626057529,,62,,
6aab8db2db7acbc1bba11393,2026-09-17T04:34:31.000Z,union.coop,business,instagram,Story,Media only,https://www.instagram.com/stories/union.coop/3987941944555884230,,,,0,0.00,,,,702,,,,0.8936170212765957,,75,,
6aa9879d2113a9dd89e3361c,2026-08-04T13:49:40.000Z,union.coop,business,instagram,Story,Media only,https://instagram.com/p/18100162427254419,,,,0,,1066,,,854,,,,81.05065666041276,,202,27,542
6aa9879d2113a9dd89e3361a,2026-08-04T08:09:06.000Z,union.coop,business,instagram,Story,Media only,https://instagram.com/p/17895967332374549,,,,0,,,,,826,,,,,,197,52,611
6aa9879d2113a9dd89e33618,2026-08-03T13:12:47.000Z,union.coop,business,instagram,Story,Media only,https://instagram.com/p/18358065736244541,,,,,,,,,,,,,,,,,
6aa9879d2113a9dd89e33616,2026-08-03T11:53:38.000Z,union.coop,business,instagram,Story,Media only,https://instagram.com/p/18024914219681180,,,,0,,811,,,703,,,,87.91615289765721,,98,44,604
6aa9879d2113a9dd89e33614,2026-08-03T08:58:21.000Z,union.coop,business,instagram,Story,Media only,https://instagram.com/p/17939166720310141,,,,0,,779,,,638,,,,87.41976893453145,,98,61,540
6aa9879d2113a9dd89e33612,2026-08-03T06:34:40.000Z,union.coop,business,instagram,Story,Media only,https://instagram.com/p/18104242643087529,,,,0,,,,,604,,,,,,39,45,626
6aa9879d2113a9dd89e33610,2026-08-03T06:34:39.000Z,union.coop,business,instagram,Story,Media only,https://instagram.com/p/17866739052638903,,,,0,,,,,615,,,,,,13,49,639
6aa9879d2113a9dd89e3360e,2026-08-03T06:34:38.000Z,union.coop,business,instagram,Story,Media only,https://instagram.com/p/18082572143254348,,,,0,,,,,623,,,,,,11,43,652
6aa9879d2113a9dd89e3360c,2026-08-03T06:34:37.000Z,union.coop,business,instagram,Story,Media only,https://instagram.com/p/18137509720517756,,,,0,,,,,627,,,,,,16,57,636
6aa9879d2113a9dd89e3360a,2026-08-03T06:34:35.000Z,union.coop,business,instagram,Story,Media only,https://instagram.com/p/17913741888244415,,,,0,,,,,631,,,,,,12,73,659
6aa9879d2113a9dd89e33608,2026-08-03T06:34:34.000Z,union.coop,business,instagram,Story,Media only,https://instagram.com/p/18621832459036652,,,,0,,,,,643,,,,,,14,59,671
6aa9879d2113a9dd89e33606,2026-08-03T06:34:33.000Z,union.coop,business,instagram,Story,Media only,https://instagram.com/p/18119832238892366,,,,0,,,,,653,,,,,,19,42,678
6aa9879d2113a9dd89e33604,2026-08-03T06:34:32.000Z,union.coop,business,instagram,Story,Media only,https://instagram.com/p/18209571058351507,,,,0,,,,,675,,,,,,16,41,661
6aa9879d2113a9dd89e33602,2026-08-03T06:34:31.000Z,union.coop,business,instagram,Story,Media only,https://instagram.com/p/17972481615004571,,,,0,,,,,759,,,,,,71,9,610
6aa9879d2113a9dd89e33600,2026-08-02T06:06:09.000Z,union.coop,business,instagram,Story,Media only,https://instagram.com/p/18123033400697765,,,,0,,,,,785,,,,,,145,38,587
6aa9879d2113a9dd89e335fc,2026-08-01T08:58:29.000Z,union.coop,business,instagram,Story,Media only,https://instagram.com/p/18121357816890946,,,,0,,,,,527,,,,,,83,61,433
6aa9879d2113a9dd89e335fa,2026-08-01T08:55:42.000Z,union.coop,business,instagram,Story,Media only,https://instagram.com/p/17887794159670836,,,,0,,,,,553,,,,,,40,20,480
6aa9879d2113a9dd89e335f8,2026-08-01T08:52:26.000Z,union.coop,business,instagram,Story,Media only,https://instagram.com/p/17915853096225696,,,,0,,,,,583,,,,,,40,14,511
6aa9879d2113a9dd89e335f6,2026-08-01T06:32:04.000Z,union.coop,business,instagram,Story,Media only,https://instagram.com/p/18087677741400562,,,,0,,666,,,619,,,,85.28528528528528,,98,8,469
6aa9879d2113a9dd89e335f4,2026-07-31T16:52:21.000Z,union.coop,business,instagram,Story,Media only,https://instagram.com/p/18098403038262782,,,,0,,680,,,606,,,,80.88235294117648,,130,27,449
6aa9879d2113a9dd89e335f2,2026-07-31T07:49:10.000Z,union.coop,business,instagram,Story,Media only,https://instagram.com/p/18081328256665488,,,,0,,,,,538,,,,,,49,71,534
6aa9879d2113a9dd89e335f0,2026-07-31T07:49:09.000Z,union.coop,business,instagram,Story,Media only,https://instagram.com/p/17977048662117123,,,,0,,,,,553,,,,,,21,70,588
6aa9879d2113a9dd89e335ee,2026-07-31T07:49:08.000Z,union.coop,business,instagram,Story,Media only,https://instagram.com/p/18139181713561097,,,,0,,,,,567,,,,,,13,56,605
6aa9879d2113a9dd89e335ec,2026-07-31T07:49:07.000Z,union.coop,business,instagram,Story,Media only,https://instagram.com/p/18125546779670593,,,,0,,,,,571,,,,,,6,58,596
6aa9879d2113a9dd89e335ea,2026-07-31T07:49:06.000Z,union.coop,business,instagram,Story,Media only,https://instagram.com/p/18083998052446555,,,,0,,,,,580,,,,,,16,61,603
6aa9879d2113a9dd89e335e8,2026-07-31T07:49:05.000Z,union.coop,business,instagram,Story,Media only,https://instagram.com/p/18075804884421521,,,,0,,,,,588,,,,,,13,42,609
6aa9879d2113a9dd89e335e6,2026-07-31T07:49:03.000Z,union.coop,business,instagram,Story,Media only,https://instagram.com/p/18071950994394101,,,,0,,,,,592,,,,,,12,52,603
6aa9879d2113a9dd89e335e4,2026-07-31T07:49:02.000Z,union.coop,business,instagram,Story,Media only,https://instagram.com/p/18385700608206380,,,,0,,,,,612,,,,,,16,44,620
6aa9879d2113a9dd89e335e2,2026-07-31T07:49:01.000Z,union.coop,business,instagram,Story,Media only,https://instagram.com/p/18327921148258064,,,,0,,,,,660,,,,,,42,17,589
6aa9879d2113a9dd89e335e0,2026-07-30T19:09:58.000Z,union.coop,business,instagram,Story,Media only,https://instagram.com/p/18091194020529157,,,,0,,,,,775,,,,,,155,12,564
6aa9879d2113a9dd89e335de,2026-07-29T12:07:32.000Z,union.coop,business,instagram,Story,Media only,https://instagram.com/p/18111515092975399,,,,0,,821,,,699,,,,77.34470158343484,,186,23,503
6aa9879d2113a9dd89e335dc,2026-07-29T11:24:48.000Z,union.coop,business,instagram,Story,Media only,https://instagram.com/p/17921497368185786,,,,0,,752,,,687,,,,93.75,,47,35,613
6aa9879d2113a9dd89e335da,2026-07-29T11:24:21.000Z,union.coop,business,instagram,Story,Media only,https://instagram.com/p/18099912527204817,,,,0,,809,,,726,,,,92.45982694684795,,61,50,655
6aa9879d2113a9dd89e335d8,2026-07-29T11:03:45.000Z,union.coop,business,instagram,Story,Media only,https://instagram.com/p/18100455287149922,,,,0,,907,,,771,,,,92.39250275633958,,69,52,674
6aa9879d2113a9dd89e335d6,2026-07-29T05:13:50.000Z,union.coop,business,instagram,Story,Media only,https://instagram.com/p/18117538486904263,,,,0,,958,,,796,,,,84.44676409185804,,149,26,550
6aa9879d2113a9dd89e335d4,2026-07-28T14:35:45.000Z,union.coop,business,instagram,Story,Media only,https://instagram.com/p/18104531609163783,,,,0,,904,,,707,,,,78.09734513274336,,198,29,546
6aa9879d2113a9dd89e335d2,2026-07-28T10:15:36.000Z,union.coop,business,instagram,Story,Media only,https://instagram.com/p/17981429126876649,,,,0,,912,,,756,,,,84.97807017543859,,137,16,575
6aa9879d2113a9dd89e335d0,2026-07-27T13:45:49.000Z,union.coop,business,instagram,Story,Media only,https://instagram.com/p/18130347682725356,,,,0,,1105,,,921,,,,82.26244343891402,,196,53,693
6aa9879d2113a9dd89e335ce,2026-07-27T09:46:01.000Z,union.coop,business,instagram,Story,Media only,https://instagram.com/p/18082353386300341,,,,0,,,,,977,,,,,,107,144,826
6aa9879d2113a9dd89e335cc,2026-07-27T09:46:00.000Z,union.coop,business,instagram,Story,Media only,https://instagram.com/p/18359546728209920,,,,0,,,,,1108,,,,,,100,29,809
6aa9879d2113a9dd89e335ca,2026-07-26T15:43:28.000Z,union.coop,business,instagram,Story,Media only,https://instagram.com/p/17978916030115232,,,,0,,,,,776,,,,,,187,28,529
6aa9879d2113a9dd89e335c8,2026-07-26T06:20:55.000Z,union.coop,business,instagram,Story,Media only,https://instagram.com/p/18213991171341320,,,,0,,,,,733,,,,,,168,28,538
6aa9879d2113a9dd89e335c6,2026-07-25T15:43:20.000Z,union.coop,business,instagram,Story,Media only,https://instagram.com/p/18109472485796234,,,,0,,848,,,738,,,,78.18396226415094,,185,28,529
6aa9879d2113a9dd89e335c4,2026-07-25T08:43:05.000Z,union.coop,business,instagram,Story,Media only,https://instagram.com/p/18107363642094350,,,,0,,864,,,753,,,,77.8935185185185,,191,38,530
6aa9879d2113a9dd89e335c2,2026-07-25T05:48:05.000Z,union.coop,business,instagram,Story,Media only,https://instagram.com/p/18096758570344199,,,,0,,,,,761,,,,,,101,71,646
6aa9879d2113a9dd89e335c0,2026-07-25T05:48:04.000Z,union.coop,business,instagram,Story,Media only,https://instagram.com/p/18139024243499670,,,,0,,,,,858,,,,,,99,17,648
6aa9879d2113a9dd89e335be,2026-07-24T07:27:27.000Z,union.coop,business,instagram,Story,Media only,https://instagram.com/p/18103200035335649,,,,0,,755,,,628,,,,88.34437086092714,,88,68,563
6aa9879d2113a9dd89e335bc,2026-07-24T07:27:26.000Z,union.coop,business,instagram,Story,Media only,https://instagram.com/p/18109419112972219,,,,0,,804,,,643,,,,97.51243781094527,,20,102,651
6aa9879d2113a9dd89e335ba,2026-07-24T07:27:25.000Z,union.coop,business,instagram,Story,Media only,https://instagram.com/p/18087762125152152,,,,0,,831,,,653,,,,98.19494584837545,,15,87,692
6aa9879d2113a9dd89e335b8,2026-07-24T07:27:24.000Z,union.coop,business,instagram,Story,Media only,https://instagram.com/p/17986925387848405,,,,0,,858,,,654,,,,97.9020979020979,,18,125,683
6aa9879d2113a9dd89e335b6,2026-07-24T07:27:23.000Z,union.coop,business,instagram,Story,Media only,https://instagram.com/p/18607186297022291,,,,0,,872,,,668,,,,97.59174311926606,,21,83,708
6aa9879d2113a9dd89e335b4,2026-07-24T07:27:22.000Z,union.coop,business,instagram,Story,Media only,https://instagram.com/p/17883165450655478,,,,0,,811,,,675,,,,98.02712700369914,,16,60,695
6aa9879d2113a9dd89e335b2,2026-07-24T07:27:20.000Z,union.coop,business,instagram,Story,Media only,https://instagram.com/p/18437484943124869,,,,0,,797,,,690,,,,97.1141781681305,,23,61,693
6aa9879d2113a9dd89e335b0,2026-07-24T07:27:19.000Z,union.coop,business,instagram,Story,Media only,https://instagram.com/p/18191529079378654,,,,0,,819,,,707,,,,97.55799755799755,,20,58,699
6aa9879d2113a9dd89e335ae,2026-07-24T07:27:18.000Z,union.coop,business,instagram,Story,Media only,https://instagram.com/p/17882491209611749,,,,0,,899,,,782,,,,91.99110122358177,,72,28,662
6aa9879d2113a9dd89e335ac,2026-07-23T13:14:36.000Z,union.coop,business,instagram,Story,Media only,https://instagram.com/p/17978379270113805,,,,0,,,,,679,,,,,,118,108,594
6aa9879d2113a9dd89e335aa,2026-07-23T13:14:35.000Z,union.coop,business,instagram,Story,Media only,https://instagram.com/p/17869527702632346,,,,0,,,,,707,,,,,,52,48,659
6aa9879d2113a9dd89e335a8,2026-07-23T12:45:43.000Z,union.coop,business,instagram,Story,📅 Until 30 July – Visit Today.,https://instagram.com/p/18122247566505222,,,,0,,,,,727,,,,,,40,49,697
6aa9879d2113a9dd89e335a6,2026-07-23T12:45:20.000Z,union.coop,business,instagram,Story,🚗 Enjoy a Complimentary Test Drive.,https://instagram.com/p/17958048356981307,,,,0,,,,,744,,,,,,29,79,714
6aa9879d2113a9dd89e335a4,2026-07-23T12:44:57.000Z,union.coop,business,instagram,Story,⚡ Experience VinFast at Etihad Mall.,https://instagram.com/p/17988223160840168,,,,0,,,,,832,,,,,,51,70,719
6aa9879d2113a9dd89e335a2,2026-07-23T12:12:29.000Z,union.coop,business,instagram,Story,Media only,https://instagram.com/p/18172341727437661,,,,0,,,,,807,,,,,,95,56,712
6aa9879d2113a9dd89e335a0,2026-07-23T05:29:58.000Z,union.coop,business,instagram,Story,Media only,https://instagram.com/p/18082536596657907,,,,0,,,,,749,,,,,,73,85,743
6aa9879d2113a9dd89e3359e,2026-07-23T05:29:57.000Z,union.coop,business,instagram,Story,Media only,https://instagram.com/p/18434151550123909,,,,0,,,,,763,,,,,,25,67,810
6aa9879d2113a9dd89e3359c,2026-07-23T05:29:56.000Z,union.coop,business,instagram,Story,Media only,https://instagram.com/p/17977094106060257,,,,0,,,,,769,,,,,,20,90,809
6aa9879d2113a9dd89e3359a,2026-07-23T05:29:55.000Z,union.coop,business,instagram,Story,Media only,https://instagram.com/p/18083059175235743,,,,0,,,,,791,,,,,,19,82,836
6aa9879d2113a9dd89e33598,2026-07-23T05:29:54.000Z,union.coop,business,instagram,Story,Media only,https://instagram.com/p/17863482342644336,,,,0,,,,,798,,,,,,19,83,843
6aa9879d2113a9dd89e33596,2026-07-23T05:29:53.000Z,union.coop,business,instagram,Story,Media only,https://instagram.com/p/18446650474136921,,,,0,,,,,816,,,,,,17,51,861
6aa9879d2113a9dd89e33594,2026-07-23T05:29:52.000Z,union.coop,business,instagram,Story,Media only,https://instagram.com/p/17927651691368190,,,,0,,,,,834,,,,,,27,85,839
6aa9879d2113a9dd89e33592,2026-07-23T05:29:51.000Z,union.coop,business,instagram,Story,Media only,https://instagram.com/p/18012344459927834,,,,0,,,,,852,,,,,,31,78,871
6aa9879d2113a9dd89e33590,2026-07-23T05:29:50.000Z,union.coop,business,instagram,Story,Media only,https://instagram.com/p/18087196589162040,,,,0,,,,,955,,,,,,94,15,808
6aa9879d2113a9dd89e3358e,2026-07-21T14:04:41.000Z,union.coop,business,instagram,Story,Media only,https://instagram.com/p/18431971129124659,,,,0,,,,,967,,,,,,249,57,676
6aa9879d2113a9dd89e3358c,2026-07-21T12:19:26.000Z,union.coop,business,instagram,Story,للتسجيل اضغط هنا 👇,https://instagram.com/p/18118938814881160,,,,0,,1336,,,1098,,,,85.47904191616766,,194,36,810
6aa9879d2113a9dd89e3358a,2026-07-20T15:05:29.000Z,union.coop,business,instagram,Story,Media only,https://instagram.com/p/18209222353348549,,,,0,,1960,,,1491,,,,84.08163265306122,,312,248,1147
6aa9879d2113a9dd89e33588,2026-07-20T15:05:28.000Z,union.coop,business,instagram,Story,Media only,https://instagram.com/p/17899779141477849,,,,0,,2165,,,1704,,,,92.0554272517321,,172,25,1256
6aa9879d2113a9dd89e33586,2026-07-18T06:10:01.000Z,union.coop,business,instagram,Story,Media only,https://instagram.com/p/17997344303794676,,,,0,,,,,851,,,,,,164,54,635
6aa9879d2113a9dd89e33584,2026-07-18T06:10:00.000Z,union.coop,business,instagram,Story,Media only,https://instagram.com/p/18095780090619291,,,,0,,,,,950,,,,,,74,25,729
6aa9879d2113a9dd89e3357e,2026-07-17T05:50:20.000Z,union.coop,business,instagram,Story,Media only,https://instagram.com/p/18432168481124765,,,,0,,,,,656,,,,,,38,75,651
6aa9879d2113a9dd89e3357c,2026-07-17T05:50:19.000Z,union.coop,business,instagram,Story,Media only,https://instagram.com/p/18123814903742966,,,,0,,,,,653,,,,,,27,76,680
6aa9879d2113a9dd89e3357a,2026-07-17T05:50:18.000Z,union.coop,business,instagram,Story,Media only,https://instagram.com/p/17890882965583774,,,,0,,,,,669,,,,,,12,84,708
6aa9879d2113a9dd89e33578,2026-07-17T05:50:17.000Z,union.coop,business,instagram,Story,Media only,https://instagram.com/p/17903626419452618,,,,0,,,,,662,,,,,,8,85,721
6aa9879d2113a9dd89e33576,2026-07-17T05:50:16.000Z,union.coop,business,instagram,Story,Media only,https://instagram.com/p/17997536381991738,,,,0,,,,,671,,,,,,10,46,719
6aa9879d2113a9dd89e33574,2026-07-17T05:50:15.000Z,union.coop,business,instagram,Story,Media only,https://instagram.com/p/17984168403035386,,,,0,,,,,662,,,,,,10,52,690
6aa9879d2113a9dd89e33572,2026-07-17T05:50:14.000Z,union.coop,business,instagram,Story,Media only,https://instagram.com/p/17898369261535985,,,,0,,,,,690,,,,,,20,59,706
6aa9879d2113a9dd89e33570,2026-07-17T05:50:13.000Z,union.coop,business,instagram,Story,Media only,https://instagram.com/p/18187034926387644,,,,0,,,,,714,,,,,,38,47,708
6aa9879d2113a9dd89e3356e,2026-07-17T05:50:12.000Z,union.coop,business,instagram,Story,Media only,https://instagram.com/p/18096807860244144,,,,0,,,,,781,,,,,,68,20,670
6aa9879d2113a9dd89e3356c,2026-07-16T10:46:17.000Z,union.coop,business,instagram,Story,Media only,https://instagram.com/p/18061854092755245,,,,0,,1111,,,887,,,,78.66786678667866,,237,9,637
6aa9879d2113a9dd89e33568,2026-07-14T08:34:17.000Z,union.coop,business,instagram,Story,Media only,https://instagram.com/p/17886803421599772,,,,0,,,,,766,,,,,,142,43,645
6aa9879d2113a9dd89e33566,2026-07-14T08:34:16.000Z,union.coop,business,instagram,Story,Media only,https://instagram.com/p/17936841270279910,,,,0,,,,,782,,,,,,25,53,762
6aa9879d2113a9dd89e33564,2026-07-14T08:34:15.000Z,union.coop,business,instagram,Story,Media only,https://instagram.com/p/17855260071695245,,,,0,,,,,803,,,,,,22,79,787
6aa9879d2113a9dd89e33562,2026-07-14T08:34:14.000Z,union.coop,business,instagram,Story,Media only,https://instagram.com/p/18079571768475231,,,,0,,,,,810,,,,,,18,87,797
6aa9879d2113a9dd89e33560,2026-07-14T08:34:13.000Z,union.coop,business,instagram,Story,Media only,https://instagram.com/p/18068845238426397,,,,0,,,,,836,,,,,,44,86,823
6aa9879d2113a9dd89e3355e,2026-07-14T08:34:12.000Z,union.coop,business,instagram,Story,Media only,https://instagram.com/p/18118816721308051,,,,0,,,,,855,,,,,,27,54,854
6aa9879d2113a9dd89e3355a,2026-07-13T12:54:03.000Z,union.coop,business,instagram,Story,Media only,https://instagram.com/p/18079784243280411,,,,0,,,,,1218,,,,,,244,203,931
6aa9879d2113a9dd89e33558,2026-07-13T12:54:02.000Z,union.coop,business,instagram,Story,Media only,https://instagram.com/p/18125843131578967,,,,0,,,,,1438,,,,,,156,26,981
6aa9879d2113a9dd89e33556,2026-07-12T14:09:00.000Z,union.coop,business,instagram,Story,Media only,https://instagram.com/p/18069221051463595,,,,0,,784,,,676,,,,80.10204081632652,,156,51,492
6aa9879d2113a9dd89e33552,2026-07-11T15:42:22.000Z,union.coop,business,instagram,Story,Media only,https://instagram.com/p/17860400301660566,,,,0,,,,,720,,,,,,185,25,551
6aa9879d2113a9dd89e33550,2026-07-11T06:01:01.000Z,union.coop,business,instagram,Story,Media only,https://instagram.com/p/17936441934305493,,,,0,,839,,,742,,,,84.38617401668654,,131,53,572
6aa9879d2113a9dd89e3354e,2026-07-11T06:01:00.000Z,union.coop,business,instagram,Story,Media only,https://instagram.com/p/17938355187277110,,,,0,,928,,,834,,,,89.97844827586206,,93,9,596
6aa9879d2113a9dd89e3354c,2026-07-10T05:06:08.000Z,union.coop,business,instagram,Story,Media only,https://instagram.com/p/17883508044656339,,,,0,,,,,568,,,,,,75,54,518
6aa9879d2113a9dd89e3354a,2026-07-10T05:06:07.000Z,union.coop,business,instagram,Story,Media only,https://instagram.com/p/17973205077002394,,,,0,,,,,585,,,,,,18,40,594
6aa9879d2113a9dd89e33548,2026-07-10T05:06:06.000Z,union.coop,business,instagram,Story,Media only,https://instagram.com/p/18134652814574864,,,,0,,,,,592,,,,,,13,61,596
6aa9879d2113a9dd89e33544,2026-07-10T05:06:04.000Z,union.coop,business,instagram,Story,Media only,https://instagram.com/p/17876965014503356,,,,0,,,,,609,,,,,,12,34,616
6aa9879d2113a9dd89e33542,2026-07-10T05:06:03.000Z,union.coop,business,instagram,Story,Media only,https://instagram.com/p/18053487011784406,,,,0,,,,,624,,,,,,22,38,619
6aa9879d2113a9dd89e33540,2026-07-10T05:06:02.000Z,union.coop,business,instagram,Story,Media only,https://instagram.com/p/18169414048445741,,,,0,,,,,642,,,,,,22,61,635
6aa9879d2113a9dd89e3353e,2026-07-10T05:06:01.000Z,union.coop,business,instagram,Story,Media only,https://instagram.com/p/17957457237169246,,,,0,,,,,661,,,,,,24,39,653
6aa9879d2113a9dd89e3353c,2026-07-10T05:06:00.000Z,union.coop,business,instagram,Story,Media only,https://instagram.com/p/18458015923116914,,,,0,,,,,728,,,,,,55,15,595
6aa9879d2113a9dd89e3353a,2026-07-09T08:21:17.000Z,union.coop,business,instagram,Story,Media only,https://instagram.com/p/17976877676892352,,,,0,,,,,643,,,,,,162,109,558
6aa9879d2113a9dd89e33538,2026-07-09T08:14:13.000Z,union.coop,business,instagram,Story,Media only,https://instagram.com/p/18108533258517102,,,,0,,871,,,667,,,,96.90011481056257,,27,99,735
6aa9879d2113a9dd89e33536,2026-07-09T08:14:12.000Z,union.coop,business,instagram,Story,Media only,https://instagram.com/p/17945970240081654,,,,0,,865,,,675,,,,98.61271676300578,,12,80,737
6aa9879d2113a9dd89e33534,2026-07-09T08:14:11.000Z,union.coop,business,instagram,Story,Media only,https://instagram.com/p/17969787507106010,,,,0,,881,,,683,,,,99.31895573212259,,6,110,738
6aa9879d2113a9dd89e33532,2026-07-09T08:14:10.000Z,union.coop,business,instagram,Story,Media only,https://instagram.com/p/18087723389566662,,,,0,,879,,,685,,,,98.40728100113766,,14,82,735
6aa9879d2113a9dd89e33530,2026-07-09T08:14:09.000Z,union.coop,business,instagram,Story,Media only,https://instagram.com/p/17980103493021293,,,,0,,892,,,704,,,,98.09417040358744,,17,90,760
6aa9879d2113a9dd89e3352e,2026-07-09T08:14:08.000Z,union.coop,business,instagram,Story,Media only,https://instagram.com/p/17854935582696357,,,,0,,918,,,716,,,,98.5838779956427,,13,91,770
6aa9879d2113a9dd89e3352c,2026-07-09T08:14:07.000Z,union.coop,business,instagram,Story,Media only,https://instagram.com/p/17883525168447039,,,,0,,905,,,726,,,,98.12154696132596,,17,69,768
6aa9879d2113a9dd89e3352a,2026-07-09T08:14:06.000Z,union.coop,business,instagram,Story,Media only,https://instagram.com/p/18208296421342980,,,,0,,918,,,746,,,,97.05882352941177,,27,77,766
6aa9879d2113a9dd89e33528,2026-07-09T08:14:05.000Z,union.coop,business,instagram,Story,Media only,https://instagram.com/p/18330811186255233,,,,0,,1006,,,840,,,,92.14711729622267,,79,12,702
6aa9879d2113a9dd89e33524,2026-07-06T13:53:13.000Z,union.coop,business,instagram,Story,Media only,https://instagram.com/p/18142636069541312,,,,0,,,,,1000,,,,,,206,164,767
6aa9879d2113a9dd89e33522,2026-07-06T13:53:12.000Z,union.coop,business,instagram,Story,Media only,https://instagram.com/p/18107971258810552,,,,0,,,,,1115,,,,,,107,71,849
6aa9879d2113a9dd89e33520,2026-07-06T09:14:29.000Z,union.coop,business,instagram,Story,Media only,https://instagram.com/p/18000489260778523,,,,0,,,,,964,,,,,,197,33,750
6aa9879d2113a9dd89e3351e,2026-07-05T11:37:51.000Z,union.coop,business,instagram,Story,Media only,https://instagram.com/p/18107949013968384,,,,0,,,,,1118,,,,,,214,6,672
6aa9879d2113a9dd89e3351c,2026-07-04T13:50:38.000Z,union.coop,business,instagram,Story,Media only,https://instagram.com/p/17890288122574540,,,,0,,682,,,611,,,,82.11143695014663,,122,19,473
6aa9879d2113a9dd89e3351a,2026-07-04T13:50:12.000Z,union.coop,business,instagram,Story,Media only,https://instagram.com/p/18100093256171380,,,,0,,691,,,627,,,,95.51374819102749,,31,43,613
6aa9879d2113a9dd89e33518,2026-07-04T13:49:42.000Z,union.coop,business,instagram,Story,Media only,https://instagram.com/p/18018732122897469,,,,0,,752,,,665,,,,93.88297872340425,,46,34,583
6aa9879d2113a9dd89e33516,2026-07-04T13:49:04.000Z,union.coop,business,instagram,Story,Media only,https://instagram.com/p/18012285575862846,,,,0,,852,,,756,,,,87.55868544600939,,106,7,542
6aa9879d2113a9dd89e33512,2026-07-03T05:28:37.000Z,union.coop,business,instagram,Story,Media only,https://instagram.com/p/18081099629658329,,,,0,,665,,,615,,,,98.34586466165413,,11,32,601
6aa9879d2113a9dd89e33510,2026-07-03T05:28:36.000Z,union.coop,business,instagram,Story,Media only,https://instagram.com/p/18103874570113536,,,,0,,677,,,628,,,,97.78434268833087,,15,28,618
6aa9879d2113a9dd89e3350e,2026-07-03T05:28:35.000Z,union.coop,business,instagram,Story,Media only,https://instagram.com/p/18070961099698016,,,,0,,700,,,635,,,,98.14285714285714,,13,43,631
6aa9879d2113a9dd89e3350c,2026-07-03T05:28:34.000Z,union.coop,business,instagram,Story,Media only,https://instagram.com/p/18146411875513484,,,,0,,728,,,640,,,,98.62637362637363,,10,46,655
6aa9879d2113a9dd89e3350a,2026-07-03T05:28:33.000Z,union.coop,business,instagram,Story,Media only,https://instagram.com/p/17908041903259476,,,,0,,764,,,654,,,,98.56020942408377,,11,68,652
6aa9879d2113a9dd89e33508,2026-07-03T05:28:32.000Z,union.coop,business,instagram,Story,Media only,https://instagram.com/p/18107131117999087,,,,0,,780,,,669,,,,97.56410256410255,,19,47,671
6aa9879d2113a9dd89e33506,2026-07-03T05:28:31.000Z,union.coop,business,instagram,Story,Media only,https://instagram.com/p/17909661603431380,,,,0,,794,,,704,,,,96.59949622166248,,27,42,678
6aa9879d2113a9dd89e33504,2026-07-03T05:28:30.000Z,union.coop,business,instagram,Story,Media only,https://instagram.com/p/18111655784487800,,,,0,,931,,,831,,,,87.54027926960258,,116,7,611
6aa9879d2113a9dd89e334fe,2026-06-29T08:20:56.000Z,union.coop,business,instagram,Story,Media only,https://instagram.com/p/18221917018325003,,,,0,,,,,730,,,,,,121,51,616
6aa9879d2113a9dd89e334fc,2026-06-29T05:14:34.000Z,union.coop,business,instagram,Story,Media only,https://instagram.com/p/18215844028334082,,,,0,,792,,,668,,,,94.31818181818183,,45,59,665
6aa9879d2113a9dd89e334fa,2026-06-29T05:14:33.000Z,union.coop,business,instagram,Story,Media only,https://instagram.com/p/18155617687486091,,,,0,,799,,,678,,,,97.74718397997498,,18,73,683
6aa9879d2113a9dd89e334f8,2026-06-29T05:14:32.000Z,union.coop,business,instagram,Story,Media only,https://instagram.com/p/18596527177010623,,,,0,,830,,,683,,,,98.43373493975903,,13,86,689
6aa9879d2113a9dd89e334f6,2026-06-29T05:14:31.000Z,union.coop,business,instagram,Story,Media only,https://instagram.com/p/18128265139622326,,,,0,,842,,,690,,,,97.62470308788599,,20,69,725
6aa9879d2113a9dd89e334f4,2026-06-29T05:14:30.000Z,union.coop,business,instagram,Story,Media only,https://instagram.com/p/18456312352116183,,,,0,,819,,,702,,,,97.68009768009767,,19,50,710
6aa9879d2113a9dd89e334f2,2026-06-29T05:14:29.000Z,union.coop,business,instagram,Story,Media only,https://instagram.com/p/18093614675615250,,,,0,,815,,,717,,,,97.54601226993866,,20,46,714
6aa9879d2113a9dd89e334f0,2026-06-29T05:14:27.000Z,union.coop,business,instagram,Story,Media only,https://instagram.com/p/17995634381793480,,,,0,,859,,,733,,,,97.67171129220024,,20,82,717
6aa9879d2113a9dd89e334ee,2026-06-29T05:14:26.000Z,union.coop,business,instagram,Story,Media only,https://instagram.com/p/18089411768386485,,,,0,,890,,,760,,,,97.30337078651685,,24,46,742
6aa9879d2113a9dd89e334ec,2026-06-29T05:14:25.000Z,union.coop,business,instagram,Story,Media only,https://instagram.com/p/18414489457198151,,,,0,,982,,,846,,,,90.63136456211812,,92,11,695
6aa9879d2113a9dd89e334e8,2026-06-27T06:23:38.000Z,union.coop,business,instagram,Story,Media only,https://instagram.com/p/17905856157441810,,,,0,,723,,,641,,,,90.31811894882435,,70,30,587
6aa9879d2113a9dd89e334e6,2026-06-27T06:23:37.000Z,union.coop,business,instagram,Story,Media only,https://instagram.com/p/18151218187494879,,,,0,,736,,,660,,,,96.60326086956522,,25,41,641
6aa9879d2113a9dd89e334e4,2026-06-27T06:23:36.000Z,union.coop,business,instagram,Story,Media only,https://instagram.com/p/18165124969444842,,,,0,,802,,,692,,,,94.88778054862843,,41,61,609
6aa9879d2113a9dd89e334e2,2026-06-27T06:23:35.000Z,union.coop,business,instagram,Story,Media only,https://instagram.com/p/18002247071954147,,,,0,,893,,,763,,,,91.0414333706607,,80,11,595
6aa9879d2113a9dd89e334e0,2026-06-26T07:38:56.000Z,union.coop,business,instagram,Story,Media only,https://instagram.com/p/18078736508658870,,,,0,,,,,555,,,,,,145,26,443
6aa9879d2113a9dd89e334de,2026-06-26T05:58:44.000Z,union.coop,business,instagram,Story,Media only,https://instagram.com/p/17997228089969270,,,,0,,662,,,542,,,,94.25981873111783,,38,50,550
6aa9879d2113a9dd89e334dc,2026-06-26T05:58:43.000Z,union.coop,business,instagram,Story,Media only,https://instagram.com/p/18004803668948036,,,,0,,669,,,559,,,,97.75784753363229,,15,49,582
6aa9879d2113a9dd89e334da,2026-06-26T05:58:42.000Z,union.coop,business,instagram,Story,Media only,https://instagram.com/p/18085036718408777,,,,0,,677,,,567,,,,97.93205317577548,,14,51,595
6aa9879d2113a9dd89e334d8,2026-06-26T05:58:40.000Z,union.coop,business,instagram,Story,Media only,https://instagram.com/p/18604697890032401,,,,0,,691,,,571,,,,98.26338639652677,,12,56,604
6aa9879d2113a9dd89e334d6,2026-06-26T05:58:39.000Z,union.coop,business,instagram,Story,Media only,https://instagram.com/p/18083118056537157,,,,0,,704,,,577,,,,98.7215909090909,,9,61,610
6aa9879d2113a9dd89e334d4,2026-06-26T05:58:38.000Z,union.coop,business,instagram,Story,Media only,https://instagram.com/p/18136252078561015,,,,0,,697,,,581,,,,99.13916786226686,,6,41,625
6aa9879d2113a9dd89e334d2,2026-06-26T05:58:37.000Z,union.coop,business,instagram,Story,Media only,https://instagram.com/p/17978269836045797,,,,0,,698,,,593,,,,97.70773638968481,,16,48,616
6aa9879d2113a9dd89e334d0,2026-06-26T05:58:36.000Z,union.coop,business,instagram,Story,Media only,https://instagram.com/p/18445134415188058,,,,0,,705,,,607,,,,97.02127659574468,,21,36,620
6aa9879d2113a9dd89e334ce,2026-06-26T05:58:35.000Z,union.coop,business,instagram,Story,Media only,https://instagram.com/p/18107045182957524,,,,0,,783,,,685,,,,91.3154533844189,,68,16,573
6aa9879d2113a9dd89e334cc,2026-06-25T09:58:21.000Z,union.coop,business,instagram,Story,Media only,https://instagram.com/p/18323136589274731,,,,0,,1007,,,828,,,,80.4369414101291,,197,59,622
6aa9879d2113a9dd89e334ca,2026-06-25T06:29:52.000Z,union.coop,business,instagram,Story,Media only,https://instagram.com/p/18076497620667808,,,,0,,,,,1044,,,,,,193,7,762
6aa9879d2113a9dd89e334c8,2026-06-23T07:31:23.000Z,union.coop,business,instagram,Story,Media only,https://instagram.com/p/18124764613732675,,,,0,,,,,605,,,,,,94,22,534
6aa9879d2113a9dd89e334c6,2026-06-23T07:31:22.000Z,union.coop,business,instagram,Story,Media only,https://instagram.com/p/17978329788043180,,,,0,,,,,615,,,,,,11,47,606
6aa9879d2113a9dd89e334c4,2026-06-23T07:31:21.000Z,union.coop,business,instagram,Story,Media only,https://instagram.com/p/17964323390942910,,,,0,,,,,620,,,,,,14,60,620
6aa9879d2113a9dd89e334c2,2026-06-23T07:31:20.000Z,union.coop,business,instagram,Story,Media only,https://instagram.com/p/18090253730120498,,,,0,,,,,620,,,,,,8,28,635
6aa9879d2113a9dd89e334c0,2026-06-23T07:31:19.000Z,union.coop,business,instagram,Story,Media only,https://instagram.com/p/18182038747402591,,,,0,,,,,628,,,,,,7,43,621
6aa9879d2113a9dd89e334be,2026-06-23T07:31:18.000Z,union.coop,business,instagram,Story,Media only,https://instagram.com/p/18167097739436806,,,,0,,,,,638,,,,,,13,70,634
6aa9879d2113a9dd89e334bc,2026-06-23T07:31:17.000Z,union.coop,business,instagram,Story,Media only,https://instagram.com/p/18084696473398771,,,,0,,,,,668,,,,,,32,33,632
6aa9879d2113a9dd89e334ba,2026-06-23T07:31:16.000Z,union.coop,business,instagram,Story,Media only,https://instagram.com/p/18205533805342479,,,,0,,,,,741,,,,,,82,17,581
6aa9879d2113a9dd89e334b8,2026-06-22T11:09:49.000Z,union.coop,business,instagram,Story,Media only,https://instagram.com/p/18602134399044340,,,,0,,,,,800,,,,,,185,75,603
6aa9879d2113a9dd89e334b2,2026-06-20T06:23:00.000Z,union.coop,business,instagram,Story,Media only,https://instagram.com/p/18123571942734521,,,,0,,,,,706,,,,,,36,59,671
6aa9879d2113a9dd89e334b0,2026-06-20T06:22:59.000Z,union.coop,business,instagram,Story,Media only,https://instagram.com/p/18083993990156779,,,,0,,,,,744,,,,,,32,61,687
6aa9879d2113a9dd89e334ae,2026-06-20T06:22:58.000Z,union.coop,business,instagram,Story,Media only,https://instagram.com/p/18085718720408349,,,,0,,,,,811,,,,,,62,24,669
6aa9879d2113a9dd89e334ac,2026-06-19T13:17:38.000Z,union.coop,business,instagram,Story,Media only,https://instagram.com/p/18411232501147362,,,,0,,702,,,551,,,,90.17094017094017,,69,61,540
6aa9879d2113a9dd89e334aa,2026-06-19T13:17:37.000Z,union.coop,business,instagram,Story,Media only,https://instagram.com/p/18122259223676570,,,,0,,688,,,568,,,,97.67441860465115,,16,69,582
6aa9879d2113a9dd89e334a8,2026-06-19T13:17:36.000Z,union.coop,business,instagram,Story,Media only,https://instagram.com/p/18464759827110441,,,,0,,687,,,580,,,,97.37991266375546,,18,49,600
6aa9879d2113a9dd89e334a6,2026-06-19T13:17:35.000Z,union.coop,business,instagram,Story,Media only,https://instagram.com/p/17932013694273529,,,,0,,679,,,585,,,,97.64359351988217,,16,59,593
6aa9879d2113a9dd89e334a4,2026-06-19T13:17:34.000Z,union.coop,business,instagram,Story,Media only,https://instagram.com/p/17906200428263436,,,,0,,736,,,605,,,,97.96195652173914,,15,82,613
6aa9879d2113a9dd89e334a2,2026-06-19T13:17:33.000Z,union.coop,business,instagram,Story,Media only,https://instagram.com/p/18035991110619719,,,,0,,750,,,611,,,,97.86666666666667,,16,68,637
6aa9879d2113a9dd89e334a0,2026-06-19T13:17:32.000Z,union.coop,business,instagram,Story,Media only,https://instagram.com/p/17974896012025622,,,,0,,778,,,619,,,,98.20051413881748,,14,98,634
6aa9879d2113a9dd89e3349e,2026-06-19T13:17:31.000Z,union.coop,business,instagram,Story,Media only,https://instagram.com/p/18134686618604383,,,,0,,777,,,632,,,,97.55469755469755,,19,42,646
6aa9879d2113a9dd89e3349c,2026-06-19T13:17:30.000Z,union.coop,business,instagram,Story,Media only,https://instagram.com/p/18086220935114240,,,,0,,753,,,661,,,,94.95351925630811,,38,40,604
6aa9879d2113a9dd89e3349a,2026-06-19T08:24:30.000Z,union.coop,business,instagram,Story,Media only,https://instagram.com/p/18137412649489359,,,,0,,,,,634,,,,,,84,52,561
6aa9879d2113a9dd89e33496,2026-06-18T14:17:15.000Z,union.coop,business,instagram,Story,Media only,https://instagram.com/p/18109539112944199,,,,0,,,,,625,,,,,,96,43,559
6aa9879d2113a9dd89e33494,2026-06-18T13:09:43.000Z,union.coop,business,instagram,Story,Media only,https://instagram.com/p/18324071365280138,,,,0,,,,,645,,,,,,27,62,645
6aa9879d2113a9dd89e33492,2026-06-18T13:09:42.000Z,union.coop,business,instagram,Story,Media only,https://instagram.com/p/17957918391149808,,,,0,,,,,653,,,,,,12,60,675
6aa9879d2113a9dd89e33490,2026-06-18T13:09:41.000Z,union.coop,business,instagram,Story,Media only,https://instagram.com/p/18127707691651048,,,,0,,,,,658,,,,,,9,84,671
6aa9879d2113a9dd89e3348e,2026-06-18T13:09:40.000Z,union.coop,business,instagram,Story,Media only,https://instagram.com/p/18007996385915695,,,,0,,,,,668,,,,,,10,56,689
6aa9879d2113a9dd89e3348c,2026-06-18T13:09:39.000Z,union.coop,business,instagram,Story,Media only,https://instagram.com/p/17878102359480011,,,,0,,,,,679,,,,,,16,62,681
6aa9879d2113a9dd89e3348a,2026-06-18T13:09:38.000Z,union.coop,business,instagram,Story,Media only,https://instagram.com/p/18149807293442478,,,,0,,,,,690,,,,,,17,83,700
6aa9879d2113a9dd89e33488,2026-06-18T13:09:37.000Z,union.coop,business,instagram,Story,Media only,https://instagram.com/p/18102045593035374,,,,0,,,,,708,,,,,,24,54,725
6aa9879d2113a9dd89e33486,2026-06-18T13:09:36.000Z,union.coop,business,instagram,Story,Media only,https://instagram.com/p/17954661663139308,,,,0,,,,,773,,,,,,66,44,663
6aa9879d2113a9dd89e33484,2026-06-18T05:33:55.000Z,union.coop,business,instagram,Story,Media only,https://instagram.com/p/18140622769547192,,,,0,,,,,926,,,,,,177,37,675
6aa9879d2113a9dd89e33482,2026-06-17T12:11:34.000Z,union.coop,business,instagram,Story,Media only,https://instagram.com/p/17863103109650776,,,,0,,,,,915,,,,,,140,86,780
6aa9879d2113a9dd89e33480,2026-06-17T12:11:33.000Z,union.coop,business,instagram,Story,Media only,https://instagram.com/p/17891987568553216,,,,0,,,,,951,,,,,,45,65,917
6aa9879d2113a9dd89e3347a,2026-06-15T08:18:49.000Z,union.coop,business,instagram,Story,Media only,https://instagram.com/p/17974802412060994,,,,0,,876,,,714,,,,84.24657534246576,,138,84,585
6aa9879d2113a9dd89e33478,2026-06-15T08:18:48.000Z,union.coop,business,instagram,Story,Media only,https://instagram.com/p/18092468894197326,,,,0,,901,,,763,,,,94.89456159822419,,46,34,666
6aa9879d2113a9dd89e33474,2026-06-15T04:43:53.000Z,union.coop,business,instagram,Story,Media only,https://instagram.com/p/17974367775106407,,,,0,,,,,852,,,,,,101,12,644
6aa9879d2113a9dd89e33472,2026-06-14T09:56:45.000Z,union.coop,business,instagram,Story,Media only,https://instagram.com/p/18068696258696179,,,,0,,,,,809,,,,,,174,46,627
6aa9879d2113a9dd89e33470,2026-06-14T09:56:44.000Z,union.coop,business,instagram,Story,Media only,https://instagram.com/p/18067473362448781,,,,0,,,,,925,,,,,,98,12,721
6aa9879d2113a9dd89e3346c,2026-06-13T10:53:35.000Z,union.coop,business,instagram,Story,Media only,https://instagram.com/p/18084105953183369,,,,0,,1055,,,869,,,,92.79620853080569,,76,90,746
6aa9879d2113a9dd89e33468,2026-06-13T05:18:43.000Z,union.coop,business,instagram,Story,Media only,https://instagram.com/p/17954458349983977,,,,0,,,,,897,,,,,,57,58,849
6aa9879d2113a9dd89e33466,2026-06-13T05:18:42.000Z,union.coop,business,instagram,Story,Media only,https://instagram.com/p/18106400962797944,,,,0,,,,,920,,,,,,40,69,878
6aa9879d2113a9dd89e3345e,2026-06-11T17:57:13.000Z,union.coop,business,instagram,Story,Media only,https://instagram.com/p/18077911649655139,,,,0,,1230,,,1056,,,,90.73170731707317,,114,6,805
6aa9879d2113a9dd89e3345c,2026-06-08T13:12:09.000Z,union.coop,business,instagram,Story,Media only,https://instagram.com/p/17905835271430953,,,,0,,,,,890,,,,,,208,68,665
6aa9879d2113a9dd89e33458,2026-06-06T07:42:44.000Z,union.coop,business,instagram,Story,Media only,https://instagram.com/p/18121216840737097,,,,0,,,,,778,,,,,,143,72,629
6aa9879d2113a9dd89e33456,2026-06-06T07:42:43.000Z,union.coop,business,instagram,Story,Media only,https://instagram.com/p/18117804379804753,,,,0,,,,,828,,,,,,40,100,777
6aa9879d2113a9dd89e33450,2026-06-05T16:32:01.000Z,union.coop,business,instagram,Story,Media only,https://instagram.com/p/18104066164929944,,,,0,,,,,797,,,,,,166,96,615
6aa9879d2113a9dd89e3344e,2026-06-05T16:32:00.000Z,union.coop,business,instagram,Story,Media only,https://instagram.com/p/18055122758743247,,,,0,,,,,936,,,,,,128,9,678
6aa9879d2113a9dd89e33448,2026-05-30T05:39:01.000Z,union.coop,business,instagram,Story,Media only,https://instagram.com/p/18118326997682507,,,,0,,,,,843,,,,,,176,48,643
6aa9879d2113a9dd89e33446,2026-05-30T05:39:00.000Z,union.coop,business,instagram,Story,Media only,https://instagram.com/p/18009927554914345,,,,0,,,,,889,,,,,,47,50,797
6aa9879d2113a9dd89e33444,2026-05-30T05:38:59.000Z,union.coop,business,instagram,Story,Media only,https://instagram.com/p/18142168930516107,,,,0,,,,,1003,,,,,,111,7,715
6aa9879d2113a9dd89e33442,2026-05-26T16:39:44.000Z,union.coop,business,instagram,Story,Media only,https://instagram.com/p/18100914281037738,,,,0,,894,,,729,,,,79.082774049217,,187,23,478
6aa9879d2113a9dd89e33440,2026-05-26T16:16:21.000Z,union.coop,business,instagram,Story,Media only,https://instagram.com/p/18128659507540538,,,,0,,991,,,888,,,,90.21190716448032,,97,7,613
6aa9879d2113a9dd89e3343e,2026-05-25T13:11:22.000Z,union.coop,business,instagram,Story,Media only,https://instagram.com/p/18078422258198815,,,,0,,729,,,626,,,,82.57887517146776,,127,24,502
6aa9879d2113a9dd89e3343c,2026-05-25T13:10:25.000Z,union.coop,business,instagram,Story,Media only,https://instagram.com/p/18063179612687884,,,,0,,703,,,643,,,,97.01280227596017,,21,31,623
6aa9879d2113a9dd89e3343a,2026-05-25T13:10:24.000Z,union.coop,business,instagram,Story,Media only,https://instagram.com/p/18074185991289288,,,,0,,737,,,666,,,,96.74355495251018,,24,37,634
6aa9879d2113a9dd89e33438,2026-05-25T13:10:23.000Z,union.coop,business,instagram,Story,Media only,https://instagram.com/p/18057047768502096,,,,0,,765,,,682,,,,96.86274509803921,,24,31,653
6aa9879d2113a9dd89e33436,2026-05-25T13:10:22.000Z,union.coop,business,instagram,Story,Media only,https://instagram.com/p/17907378351420460,,,,0,,799,,,700,,,,97.49687108886108,,20,61,666
6aa9879d2113a9dd89e33434,2026-05-25T13:10:21.000Z,union.coop,business,instagram,Story,Media only,https://instagram.com/p/18337363477222170,,,,0,,887,,,723,,,,97.74520856820745,,20,95,693
6aa9879d2113a9dd89e33430,2026-05-23T06:17:40.000Z,union.coop,business,instagram,Story,Media only,https://instagram.com/p/17915245257184353,,,,0,,759,,,682,,,,84.32147562582345,,119,36,573
6aa9879d2113a9dd89e3342e,2026-05-23T06:17:39.000Z,union.coop,business,instagram,Story,Media only,https://instagram.com/p/18089870072032938,,,,0,,812,,,718,,,,95.32019704433498,,38,61,668
6aa9879d2113a9dd89e3342c,2026-05-23T06:17:38.000Z,union.coop,business,instagram,Story,Media only,https://instagram.com/p/18093164393350037,,,,0,,911,,,757,,,,94.51152579582876,,50,88,673
6aa9879d2113a9dd89e3342a,2026-05-23T05:47:48.000Z,union.coop,business,instagram,Story,Media only,https://instagram.com/p/17975346564032242,,,,0,,1056,,,889,,,,91.09848484848484,,94,15,629
6aa9879d2113a9dd89e33426,2026-05-22T07:56:31.000Z,union.coop,business,instagram,Story,Media only,https://instagram.com/p/18143161966519424,,,,0,,624,,,577,,,,95.3525641025641,,29,19,555
6aa9879d2113a9dd89e33424,2026-05-22T07:56:30.000Z,union.coop,business,instagram,Story,Media only,https://instagram.com/p/18327997003248723,,,,0,,637,,,591,,,,94.66248037676608,,34,27,562
6aa9879d2113a9dd89e33422,2026-05-22T07:56:29.000Z,union.coop,business,instagram,Story,Media only,https://instagram.com/p/18074177024304386,,,,0,,666,,,604,,,,96.69669669669669,,22,36,589
6aa9879d2113a9dd89e33420,2026-05-22T07:56:28.000Z,union.coop,business,instagram,Story,Media only,https://instagram.com/p/18106763860746005,,,,0,,742,,,613,,,,96.22641509433963,,28,78,587
6aa9879d2113a9dd89e3341e,2026-05-22T05:44:23.000Z,union.coop,business,instagram,Story,Media only,https://instagram.com/p/18017977373814765,,,,0,,,,,743,,,,,,98,34,604
6aa9879d2113a9dd89e3341c,2026-05-21T14:33:32.000Z,union.coop,business,instagram,Story,Media only,https://instagram.com/p/17867287650545197,,,,0,,,,,910,,,,,,216,39,626
6aa9879d2113a9dd89e33418,2026-05-20T10:06:27.000Z,union.coop,business,instagram,Story,Media only,https://instagram.com/p/18069344558689585,,,,0,,815,,,689,,,,75.4601226993865,,200,17,446
6aa9879d2113a9dd89e33416,2026-05-19T12:51:45.000Z,union.coop,business,instagram,Story,Media only,https://instagram.com/p/17889901506480674,,,,0,,1305,,,979,,,,81.22605363984674,,245,52,676
6aa9879d2113a9dd89e33414,2026-05-18T13:45:09.000Z,union.coop,business,instagram,Story,Media only,https://instagram.com/p/18092482975978048,,,,0,,,,,785,,,,,,68,51,745
6aa9879d2113a9dd89e33412,2026-05-18T13:45:08.000Z,union.coop,business,instagram,Story,Media only,https://instagram.com/p/18119025916662915,,,,0,,,,,813,,,,,,24,74,821
6aa9879d2113a9dd89e33410,2026-05-18T13:45:07.000Z,union.coop,business,instagram,Story,Media only,https://instagram.com/p/18098498866869278,,,,0,,,,,826,,,,,,26,86,866
6aa9879d2113a9dd89e3340e,2026-05-18T13:45:06.000Z,union.coop,business,instagram,Story,Media only,https://instagram.com/p/18469175110100080,,,,0,,,,,844,,,,,,27,78,858
6aa9879d2113a9dd89e3340c,2026-05-18T13:45:05.000Z,union.coop,business,instagram,Story,Media only,https://instagram.com/p/17929970553269974,,,,0,,,,,863,,,,,,30,101,870
6aa9879d2113a9dd89e33408,2026-05-16T06:13:44.000Z,union.coop,business,instagram,Story,Media only,https://instagram.com/p/18351784210208703,,,,0,,,,,746,,,,,,163,39,592
6aa9879d2113a9dd89e33406,2026-05-16T06:13:43.000Z,union.coop,business,instagram,Story,Media only,https://instagram.com/p/17939322060082169,,,,0,,,,,789,,,,,,42,67,723
6aa9879d2113a9dd89e33404,2026-05-16T06:13:42.000Z,union.coop,business,instagram,Story,Media only,https://instagram.com/p/18157936132459645,,,,0,,,,,901,,,,,,91,13,672
6aa9879d2113a9dd89e33402,2026-05-15T06:33:31.000Z,union.coop,business,instagram,Story,Media only,https://instagram.com/p/18091853972220301,,,,0,,590,,,527,,,,84.91525423728814,,89,36,451
6aa9879d2113a9dd89e33400,2026-05-15T06:33:30.000Z,union.coop,business,instagram,Story,Media only,https://instagram.com/p/18083326235119280,,,,0,,628,,,537,,,,98.08917197452229,,12,64,536
6aa9879d2113a9dd89e333fe,2026-05-15T06:33:29.000Z,union.coop,business,instagram,Story,Media only,https://instagram.com/p/18020470712836191,,,,0,,649,,,541,,,,98.45916795069337,,10,59,562
6aa9879d2113a9dd89e333fc,2026-05-15T06:33:28.000Z,union.coop,business,instagram,Story,Media only,https://instagram.com/p/18008948906893037,,,,0,,658,,,544,,,,98.32826747720364,,11,64,564
6aa9879d2113a9dd89e333fa,2026-05-15T06:33:27.000Z,union.coop,business,instagram,Story,Media only,https://instagram.com/p/18121946971730734,,,,0,,676,,,553,,,,98.22485207100591,,12,72,567
6aa9879d2113a9dd89e333f8,2026-05-15T06:33:26.000Z,union.coop,business,instagram,Story,Media only,https://instagram.com/p/18130399627586690,,,,0,,666,,,559,,,,97.74774774774775,,15,43,578
6aa9879d2113a9dd89e333f6,2026-05-15T06:33:25.000Z,union.coop,business,instagram,Story,Media only,https://instagram.com/p/18202384990346262,,,,0,,644,,,565,,,,97.98136645962732,,13,46,576
6aa9879d2113a9dd89e333f4,2026-05-15T06:33:24.000Z,union.coop,business,instagram,Story,Media only,https://instagram.com/p/18169880293423410,,,,0,,665,,,578,,,,96.99248120300751,,20,43,573
6aa9879d2113a9dd89e333f2,2026-05-15T06:33:23.000Z,union.coop,business,instagram,Story,Media only,https://instagram.com/p/18593418448056443,,,,0,,739,,,644,,,,93.234100135318,,50,29,551
6aa9879d2113a9dd89e333f0,2026-05-14T14:52:52.000Z,union.coop,business,instagram,Story,Media only,https://instagram.com/p/18169440472373525,,,,0,,774,,,627,,,,84.10852713178294,,123,32,506
6aa9879d2113a9dd89e333ee,2026-05-14T12:05:06.000Z,union.coop,business,instagram,Story,Media only,https://instagram.com/p/17974009500031285,,,,0,,,,,638,,,,,,84,34,597
6aa9879d2113a9dd89e333ec,2026-05-14T12:05:05.000Z,union.coop,business,instagram,Story,Media only,https://instagram.com/p/18350897632211243,,,,0,,,,,653,,,,,,24,39,642
6aa9879d2113a9dd89e333ea,2026-05-14T12:05:04.000Z,union.coop,business,instagram,Story,Media only,https://instagram.com/p/17861494473587202,,,,0,,,,,665,,,,,,20,24,661
6aa9879d2113a9dd89e333e8,2026-05-14T12:05:03.000Z,union.coop,business,instagram,Story,Media only,https://instagram.com/p/18099288311024776,,,,0,,,,,682,,,,,,26,36,662
6aa9879d2113a9dd89e333e6,2026-05-14T12:05:02.000Z,union.coop,business,instagram,Story,Media only,https://instagram.com/p/18325855225282130,,,,0,,,,,699,,,,,,32,39,681
6aa9879d2113a9dd89e333e4,2026-05-14T12:05:00.000Z,union.coop,business,instagram,Story,Media only,https://instagram.com/p/18264068077289351,,,,0,,,,,713,,,,,,31,42,689
6aa9879d2113a9dd89e333e2,2026-05-14T12:04:59.000Z,union.coop,business,instagram,Story,Media only,https://instagram.com/p/17864376363625039,,,,0,,,,,804,,,,,,90,7,663
6aa9879d2113a9dd89e333e0,2026-05-11T17:03:30.000Z,union.coop,business,instagram,Story,Media only,https://instagram.com/p/18102182789079984,,,,0,,,,,948,,,,,,160,61,800
6aa9879d2113a9dd89e333dc,2026-05-11T17:03:28.000Z,union.coop,business,instagram,Story,Media only,https://instagram.com/p/18091945603971693,,,,0,,,,,1013,,,,,,42,66,969
6aa9879d2113a9dd89e333da,2026-05-11T17:03:27.000Z,union.coop,business,instagram,Story,Media only,https://instagram.com/p/18082619096410653,,,,0,,,,,1029,,,,,,37,103,989
6aa9879d2113a9dd89e333d6,2026-05-11T17:03:25.000Z,union.coop,business,instagram,Story,Media only,https://instagram.com/p/18322467637249782,,,,0,,,,,1232,,,,,,132,8,932
6aa9879d2113a9dd89e333d2,2026-05-08T05:44:22.000Z,union.coop,business,instagram,Story,Media only,https://instagram.com/p/18113981857745573,,,,0,,713,,,605,,,,82.18793828892007,,127,67,483
6aa9879d2113a9dd89e333d0,2026-05-08T05:44:21.000Z,union.coop,business,instagram,Story,Media only,https://instagram.com/p/18050660339512218,,,,0,,745,,,632,,,,96.64429530201343,,25,66,617
6aa9879d2113a9dd89e333ce,2026-05-08T05:44:20.000Z,union.coop,business,instagram,Story,Media only,https://instagram.com/p/18069815867673585,,,,0,,765,,,637,,,,98.43137254901961,,12,72,648
6aa9879d2113a9dd89e333cc,2026-05-08T05:44:19.000Z,union.coop,business,instagram,Story,Media only,https://instagram.com/p/17997763244764473,,,,0,,769,,,646,,,,98.17945383615084,,14,58,665
6aa9879d2113a9dd89e333ca,2026-05-08T05:44:18.000Z,union.coop,business,instagram,Story,Media only,https://instagram.com/p/18076393862199049,,,,0,,761,,,657,,,,96.97766097240473,,23,49,663
6aa9879d2113a9dd89e333c8,2026-05-08T05:44:17.000Z,union.coop,business,instagram,Story,Media only,https://instagram.com/p/18091178903244701,,,,0,,729,,,664,,,,98.21673525377228,,13,22,668
6aa9879d2113a9dd89e333c6,2026-05-08T05:44:16.000Z,union.coop,business,instagram,Story,Media only,https://instagram.com/p/17963931467923052,,,,0,,716,,,668,,,,98.46368715083798,,11,30,656
6aa9879d2113a9dd89e333c4,2026-05-08T05:44:15.000Z,union.coop,business,instagram,Story,Media only,https://instagram.com/p/17924489244323196,,,,0,,744,,,674,,,,97.98387096774194,,15,46,661
6aa9879d2113a9dd89e333c2,2026-05-08T05:44:14.000Z,union.coop,business,instagram,Story,Media only,https://instagram.com/p/17935044423083800,,,,0,,791,,,701,,,,96.3337547408344,,29,44,679
6aa9879d2113a9dd89e333c0,2026-05-08T05:44:13.000Z,union.coop,business,instagram,Story,Media only,https://instagram.com/p/18084398822530166,,,,0,,886,,,790,,,,90.51918735891647,,84,4,628
6aa9879d2113a9dd89e333be,2026-05-07T05:18:12.000Z,union.coop,business,instagram,Story,Media only,https://instagram.com/p/17971306185020975,,,,0,,918,,,754,,,,84.9673202614379,,138,52,652
6aa9879d2113a9dd89e333bc,2026-05-07T05:18:10.000Z,union.coop,business,instagram,Story,Media only,https://instagram.com/p/17902728918258960,,,,0,,907,,,778,,,,97.02315325248071,,27,71,773
6aa9879d2113a9dd89e333ba,2026-05-07T05:18:09.000Z,union.coop,business,instagram,Story,Media only,https://instagram.com/p/17909570586399909,,,,0,,926,,,782,,,,98.70410367170626,,12,68,800
6aa9879d2113a9dd89e333b8,2026-05-07T05:18:08.000Z,union.coop,business,instagram,Story,Media only,https://instagram.com/p/18324782182266115,,,,0,,954,,,789,,,,98.42767295597484,,15,98,808
6aa9879d2113a9dd89e333b6,2026-05-07T05:18:07.000Z,union.coop,business,instagram,Story,Media only,https://instagram.com/p/18105940064475566,,,,0,,992,,,820,,,,96.57258064516128,,34,67,828
6aa9879d2113a9dd89e333b4,2026-05-07T05:18:06.000Z,union.coop,business,instagram,Story,Media only,https://instagram.com/p/17854381041662535,,,,0,,948,,,832,,,,98.10126582278481,,18,49,843
6aa9879d2113a9dd89e333b2,2026-05-07T05:18:05.000Z,union.coop,business,instagram,Story,Media only,https://instagram.com/p/17937971760209220,,,,0,,998,,,847,,,,98.59719438877755,,14,102,822
6aa9879d2113a9dd89e333b0,2026-05-07T05:18:04.000Z,union.coop,business,instagram,Story,Media only,https://instagram.com/p/18549578020066272,,,,0,,1044,,,878,,,,96.0727969348659,,41,55,854
6aa9879d2113a9dd89e333ae,2026-05-07T05:18:03.000Z,union.coop,business,instagram,Story,Media only,https://instagram.com/p/18102820786968567,,,,0,,1086,,,978,,,,90.60773480662984,,102,6,778
6aa9879d2113a9dd89e333aa,2026-05-02T07:11:27.000Z,union.coop,business,instagram,Story,Media only,https://instagram.com/p/18115147798749138,,,,0,,1061,,,895,,,,91.32893496701226,,92,19,680
6aa9879d2113a9dd89e333a8,2026-05-01T11:15:50.000Z,union.coop,business,instagram,Story,Media only,https://instagram.com/p/18079682423446254,,,,0,,807,,,665,,,,88.84758364312268,,90,61,609
6aa9879d2113a9dd89e333a6,2026-05-01T11:15:49.000Z,union.coop,business,instagram,Story,Media only,https://instagram.com/p/18101687284958494,,,,0,,816,,,697,,,,97.18137254901961,,23,59,693
6aa9879d2113a9dd89e333a4,2026-05-01T11:15:48.000Z,union.coop,business,instagram,Story,Media only,https://instagram.com/p/18110063707854973,,,,0,,843,,,704,,,,98.22064056939502,,15,83,710
6aa9879d2113a9dd89e333a2,2026-05-01T11:15:47.000Z,union.coop,business,instagram,Story,Media only,https://instagram.com/p/18130032001586230,,,,0,,854,,,704,,,,98.47775175644028,,13,68,741
6aa9879d2113a9dd89e333a0,2026-05-01T11:15:46.000Z,union.coop,business,instagram,Story,Media only,https://instagram.com/p/18072645185651650,,,,0,,872,,,717,,,,97.13302752293578,,25,90,725
6aa9879d2113a9dd89e3339e,2026-05-01T11:15:45.000Z,union.coop,business,instagram,Story,Media only,https://instagram.com/p/17991928310954629,,,,0,,890,,,730,,,,97.41573033707866,,23,60,757
6aa9879d2113a9dd89e3339c,2026-05-01T11:15:44.000Z,union.coop,business,instagram,Story,Media only,https://instagram.com/p/18090120155218697,,,,0,,896,,,766,,,,94.08482142857143,,53,24,702
6aa9879d2113a9dd89e3339a,2026-05-01T05:00:38.000Z,union.coop,business,instagram,Story,Media only,https://instagram.com/p/18104781493935315,,,,0,,,,,747,,,,,,89,72,696
6aa9879d2113a9dd89e33398,2026-05-01T05:00:37.000Z,union.coop,business,instagram,Story,Media only,https://instagram.com/p/18031352015813241,,,,0,,,,,760,,,,,,11,93,797
6aa9879d2113a9dd89e33396,2026-05-01T05:00:36.000Z,union.coop,business,instagram,Story,Media only,https://instagram.com/p/18047050775759805,,,,0,,,,,770,,,,,,24,82,819
6aa9879d2113a9dd89e33394,2026-05-01T05:00:35.000Z,union.coop,business,instagram,Story,Media only,https://instagram.com/p/17887308708490230,,,,0,,,,,783,,,,,,20,92,819
6aa9879d2113a9dd89e33392,2026-05-01T05:00:34.000Z,union.coop,business,instagram,Story,Media only,https://instagram.com/p/18059616233476923,,,,0,,,,,797,,,,,,20,109,838
6aa9879d2113a9dd89e33390,2026-05-01T05:00:33.000Z,union.coop,business,instagram,Story,Media only,https://instagram.com/p/17987125922798719,,,,0,,,,,801,,,,,,21,68,855
6aa9879d2113a9dd89e3338e,2026-05-01T05:00:32.000Z,union.coop,business,instagram,Story,Media only,https://instagram.com/p/18097119020035107,,,,0,,,,,813,,,,,,18,84,853
6aa9879d2113a9dd89e3338c,2026-05-01T05:00:31.000Z,union.coop,business,instagram,Story,Media only,https://instagram.com/p/17970867798021474,,,,0,,,,,834,,,,,,18,94,872
6aa9879d2113a9dd89e3338a,2026-05-01T05:00:30.000Z,union.coop,business,instagram,Story,Media only,https://instagram.com/p/17886862833378823,,,,0,,,,,866,,,,,,38,71,872
6aa9879d2113a9dd89e33388,2026-05-01T05:00:29.000Z,union.coop,business,instagram,Story,Media only,https://instagram.com/p/17910336390200842,,,,0,,,,,969,,,,,,78,11,797
6aa9879d2113a9dd89e33386,2026-04-29T16:11:44.000Z,union.coop,business,instagram,Story,"تشرّفت تعاونية الاتحاد، فرع ندّ الشبا مول بزيارة
صاحب السمو الشيخ محمد بن راشد آل مكتوم، نائب رئيس الدولة، رئيس مجلس الوزراء، حاكم دبي، ""رعاه الله"".

HH Sheikh Mohammed bin Rashid Al Maktoum visited Union Coop at Nad Al Sheba Mall.",https://instagram.com/p/18447896518113726,,,,,,,,,,,,,,,,,
6aa9879d2113a9dd89e33384,2026-04-27T11:13:04.000Z,union.coop,business,instagram,Story,Media only,https://instagram.com/p/18228965788313605,,,,0,,,,,934,,,,,,248,12,584
6aa9879d2113a9dd89e33382,2026-04-26T06:07:49.000Z,union.coop,business,instagram,Story,Media only,https://instagram.com/p/18004886060731244,,,,0,,,,,1491,,,,,,266,13,950
6aa9879d2113a9dd89e33380,2026-04-24T11:22:38.000Z,union.coop,business,instagram,Story,Media only,https://instagram.com/p/18102117373807421,,,,0,,,,,723,,,,,,157,60,517
6aa9879d2113a9dd89e3337e,2026-04-24T05:36:27.000Z,union.coop,business,instagram,Story,Media only,https://instagram.com/p/18098984159019858,,,,0,,,,,657,,,,,,65,41,571
6aa9879d2113a9dd89e3337c,2026-04-24T05:15:59.000Z,union.coop,business,instagram,Story,Media only,https://instagram.com/p/18057089552707051,,,,0,,,,,660,,,,,,24,51,631
6aa9879d2113a9dd89e3337a,2026-04-24T05:15:58.000Z,union.coop,business,instagram,Story,Media only,https://instagram.com/p/17970025443045459,,,,0,,,,,667,,,,,,12,41,661
6aa9879d2113a9dd89e33378,2026-04-24T05:15:57.000Z,union.coop,business,instagram,Story,Media only,https://instagram.com/p/18098339504044857,,,,0,,,,,677,,,,,,10,50,667
6aa9879d2113a9dd89e33376,2026-04-24T05:15:56.000Z,union.coop,business,instagram,Story,Media only,https://instagram.com/p/18406424233176436,,,,0,,,,,690,,,,,,14,46,684
6aa9879d2113a9dd89e33374,2026-04-24T05:15:55.000Z,union.coop,business,instagram,Story,Media only,https://instagram.com/p/18102761224748749,,,,0,,,,,695,,,,,,16,48,681
6aa9879d2113a9dd89e33372,2026-04-24T05:15:54.000Z,union.coop,business,instagram,Story,Media only,https://instagram.com/p/18149835376422809,,,,0,,,,,706,,,,,,13,57,698
6aa9879d2113a9dd89e33370,2026-04-24T05:15:53.000Z,union.coop,business,instagram,Story,Media only,https://instagram.com/p/18095176982471153,,,,0,,,,,713,,,,,,17,62,700
6aa9879d2113a9dd89e3336e,2026-04-24T05:15:52.000Z,union.coop,business,instagram,Story,Media only,https://instagram.com/p/18075571076213408,,,,0,,,,,730,,,,,,24,73,701
6aa9879d2113a9dd89e3336c,2026-04-24T05:15:51.000Z,union.coop,business,instagram,Story,Media only,https://instagram.com/p/17942023926020445,,,,0,,,,,745,,,,,,31,42,718
6aa9879d2113a9dd89e3336a,2026-04-24T05:15:50.000Z,union.coop,business,instagram,Story,Media only,https://instagram.com/p/18417353428135318,,,,0,,,,,817,,,,,,89,5,647
6aa9879d2113a9dd89e33368,2026-04-23T05:03:04.000Z,union.coop,business,instagram,Story,Media only,https://instagram.com/p/17951837439158755,,,,0,,924,,,801,,,,86.7965367965368,,122,39,701
6aa9879d2113a9dd89e33366,2026-04-23T05:03:03.000Z,union.coop,business,instagram,Story,Media only,https://instagram.com/p/18083175716176984,,,,0,,937,,,816,,,,97.43863393810031,,24,78,798
6aa9879d2113a9dd89e33364,2026-04-23T05:03:02.000Z,union.coop,business,instagram,Story,Media only,https://instagram.com/p/18101010043797048,,,,0,,1036,,,855,,,,97.68339768339769,,24,100,847
6aa9879d2113a9dd89e33362,2026-04-23T05:03:01.000Z,union.coop,business,instagram,Story,Media only,https://instagram.com/p/17862533019682555,,,,0,,1048,,,873,,,,98.47328244274809,,16,67,880
6aa9879d2113a9dd89e33360,2026-04-23T05:03:00.000Z,union.coop,business,instagram,Story,Media only,https://instagram.com/p/18097577192044829,,,,0,,1014,,,879,,,,98.32347140039448,,17,65,877
6aa9879d2113a9dd89e3335e,2026-04-23T05:02:59.000Z,union.coop,business,instagram,Story,Media only,https://instagram.com/p/18069932417315146,,,,0,,1025,,,895,,,,98.53658536585365,,15,61,901
6aa9879d2113a9dd89e3335c,2026-04-23T05:02:58.000Z,union.coop,business,instagram,Story,Media only,https://instagram.com/p/17886126201480683,,,,0,,1026,,,884,,,,97.85575048732944,,22,91,859
6aa9879d2113a9dd89e3335a,2026-04-23T05:02:57.000Z,union.coop,business,instagram,Story,Media only,https://instagram.com/p/18045740678590352,,,,0,,1102,,,951,,,,96.91470054446461,,34,51,915
6aa9879d2113a9dd89e33358,2026-04-23T05:02:56.000Z,union.coop,business,instagram,Story,Media only,https://instagram.com/p/18076171346202078,,,,0,,1236,,,1091,,,,88.51132686084142,,142,9,831
6aa9879d2113a9dd89e33356,2026-04-15T11:32:35.000Z,union.coop,business,instagram,Story,Media only,https://instagram.com/p/18142727728498962,,,,0,,900,,,767,,,,89.11111111111111,,98,46,696
6aa9879d2113a9dd89e33354,2026-04-15T11:32:34.000Z,union.coop,business,instagram,Story,Media only,https://instagram.com/p/18344782204245612,,,,0,,911,,,791,,,,98.02414928649836,,18,74,786
6aa9879d2113a9dd89e33352,2026-04-15T11:32:33.000Z,union.coop,business,instagram,Story,Media only,https://instagram.com/p/18431564338136614,,,,0,,938,,,792,,,,98.8272921108742,,11,78,829
6aa9879d2113a9dd89e33350,2026-04-15T11:32:32.000Z,union.coop,business,instagram,Story,Media only,https://instagram.com/p/18121642972619052,,,,0,,949,,,803,,,,98.63013698630137,,13,74,818
6aa9879d2113a9dd89e3334e,2026-04-15T11:32:31.000Z,union.coop,business,instagram,Story,Media only,https://instagram.com/p/18064259876364495,,,,0,,943,,,810,,,,98.83351007423119,,11,59,845
6aa9879d2113a9dd89e3334c,2026-04-15T11:32:30.000Z,union.coop,business,instagram,Story,Media only,https://instagram.com/p/18156488758453293,,,,0,,932,,,820,,,,98.92703862660944,,10,55,846
6aa9879d2113a9dd89e3334a,2026-04-15T11:32:29.000Z,union.coop,business,instagram,Story,Media only,https://instagram.com/p/18404241091194759,,,,0,,971,,,831,,,,97.83728115345005,,21,84,834
6aa9879d2113a9dd89e33348,2026-04-15T11:32:28.000Z,union.coop,business,instagram,Story,Media only,https://instagram.com/p/18202413679345380,,,,0,,1006,,,846,,,,97.8131212723658,,22,74,874
6aa9879d2113a9dd89e33346,2026-04-15T11:32:27.000Z,union.coop,business,instagram,Story,Media only,https://instagram.com/p/18094960543882127,,,,0,,1015,,,881,,,,96.1576354679803,,39,52,842
6aa9879d2113a9dd89e33344,2026-04-15T10:29:54.000Z,union.coop,business,instagram,Story,Media only,https://instagram.com/p/18101257756783089,,,,0,,1089,,,917,,,,93.38842975206612,,72,102,850
6aa9879d2113a9dd89e33342,2026-04-15T10:29:14.000Z,union.coop,business,instagram,Story,Media only,https://instagram.com/p/17921155008337053,,,,0,,1194,,,997,,,,90.7035175879397,,111,44,817
6aa9879d2113a9dd89e3333e,2026-04-13T05:11:36.000Z,union.coop,business,instagram,Story,Media only,https://instagram.com/p/18098970169817691,,,,0,,1239,,,1000,,,,87.57062146892656,,154,105,921
6aa9879d2113a9dd89e3333c,2026-04-13T05:11:35.000Z,union.coop,business,instagram,Story,Media only,https://instagram.com/p/18580502767004015,,,,0,,1240,,,1033,,,,97.8225806451613,,27,118,1037
6aa9879d2113a9dd89e3333a,2026-04-13T05:11:34.000Z,union.coop,business,instagram,Story,Media only,https://instagram.com/p/17913117846360021,,,,0,,1232,,,1043,,,,97.8896103896104,,26,81,1061
6aa9879d2113a9dd89e33338,2026-04-13T05:11:33.000Z,union.coop,business,instagram,Story,Media only,https://instagram.com/p/17884908408473893,,,,0,,1254,,,1056,,,,98.00637958532695,,25,117,1080
6aa9879d2113a9dd89e33336,2026-04-13T05:11:32.000Z,union.coop,business,instagram,Story,Media only,https://instagram.com/p/18085488038037189,,,,0,,1341,,,1061,,,,98.28486204325131,,23,155,1106
6aa9879d2113a9dd89e33334,2026-04-13T05:11:31.000Z,union.coop,business,instagram,Story,Media only,https://instagram.com/p/18085868651579314,,,,0,,1340,,,1073,,,,98.2089552238806,,24,100,1157
6aa9879d2113a9dd89e33332,2026-04-13T05:11:30.000Z,union.coop,business,instagram,Story,Media only,https://instagram.com/p/17876624199574802,,,,0,,1338,,,1085,,,,98.57997010463379,,19,132,1114
6aa9879d2113a9dd89e33330,2026-04-13T05:11:29.000Z,union.coop,business,instagram,Story,Media only,https://instagram.com/p/18072331898260622,,,,0,,1423,,,1103,,,,97.61068165846802,,34,148,1148
6aa9879d2113a9dd89e3332a,2026-04-11T14:52:28.000Z,union.coop,business,instagram,Story,Media only,https://instagram.com/p/17929245819250533,,,,0,,,,,686,,,,,,53,14,626
6aa9879d2113a9dd89e33328,2026-04-11T10:59:10.000Z,union.coop,business,instagram,Story,Media only,https://instagram.com/p/18317408254282276,,,,0,,655,,,600,,,,88.2442748091603,,77,8,536
6aa9879d2113a9dd89e33326,2026-04-11T10:59:01.000Z,union.coop,business,instagram,Story,Media only,https://instagram.com/p/17881464123398176,,,,0,,679,,,630,,,,94.84536082474226,,35,22,598
6aa9879d2113a9dd89e33324,2026-04-11T10:57:01.000Z,union.coop,business,instagram,Story,Media only,https://instagram.com/p/17933592903056423,,,,0,,742,,,661,,,,94.74393530997305,,39,17,635
6aa9879d2113a9dd89e33322,2026-04-11T10:56:54.000Z,union.coop,business,instagram,Story,Media only,https://instagram.com/p/18443956999114431,,,,0,,852,,,741,,,,91.78403755868545,,70,10,603
6aa9879d2113a9dd89e33320,2026-04-10T13:16:16.000Z,union.coop,business,instagram,Story,Media only,https://instagram.com/p/18096113147038454,,,,0,,,,,759,,,,,,95,27,682
6aa9879d2113a9dd89e3331e,2026-04-10T13:16:15.000Z,union.coop,business,instagram,Story,Media only,https://instagram.com/p/18579072463059145,,,,0,,,,,775,,,,,,26,36,749
6aa9879d2113a9dd89e3331c,2026-04-10T13:05:48.000Z,union.coop,business,instagram,Story,Media only,https://instagram.com/p/17885001144472932,,,,0,,,,,801,,,,,,35,27,749
6aa9879d2113a9dd89e3331a,2026-04-10T10:59:22.000Z,union.coop,business,instagram,Story,Media only,https://instagram.com/p/18099519707071027,,,,0,,911,,,798,,,,95.38968166849617,,42,47,784
6aa9879d2113a9dd89e33316,2026-04-10T10:59:20.000Z,union.coop,business,instagram,Story,Media only,https://instagram.com/p/18100147582954384,,,,0,,996,,,819,,,,97.59036144578313,,24,99,832
6aa9879c2113a9dd89e33314,2026-04-10T10:59:19.000Z,union.coop,business,instagram,Story,Media only,https://instagram.com/p/18118559371726385,,,,0,,1019,,,834,,,,95.09322865554465,,50,57,845
6aa9879c2113a9dd89e33312,2026-04-10T10:38:11.000Z,union.coop,business,instagram,Story,Media only,https://instagram.com/p/18079884500378747,,,,0,,1042,,,896,,,,88.48368522072937,,120,18,770
6aa9879c2113a9dd89e33310,2026-04-09T17:08:59.000Z,union.coop,business,instagram,Story,Media only,https://instagram.com/p/18576302101056256,,,,0,,,,,798,,,,,,197,16,576
6aa9879c2113a9dd89e3330c,2026-04-08T17:12:24.000Z,union.coop,business,instagram,Story,Media only,https://instagram.com/p/18075493085557007,,,,0,,743,,,690,,,,86.40646029609691,,101,18,580
6aa9879c2113a9dd89e3330a,2026-04-08T17:12:19.000Z,union.coop,business,instagram,Story,Media only,https://instagram.com/p/18018425786798484,,,,0,,774,,,720,,,,95.09043927648578,,38,27,647
6aa9879c2113a9dd89e33308,2026-04-08T17:12:14.000Z,union.coop,business,instagram,Story,Media only,https://instagram.com/p/18334013611221191,,,,0,,801,,,739,,,,97.00374531835206,,24,20,684
6aa9879c2113a9dd89e33306,2026-04-08T17:12:09.000Z,union.coop,business,instagram,Story,Media only,https://instagram.com/p/18008505254850491,,,,0,,896,,,791,,,,91.85267857142857,,73,53,651
6aa9879c2113a9dd89e33304,2026-04-08T14:21:05.000Z,union.coop,business,instagram,Story,Media only,https://instagram.com/p/18099434045051408,,,,0,,,,,971,,,,,,180,12,722
6aa9879c2113a9dd89e33302,2026-04-07T04:00:24.000Z,union.coop,business,instagram,Story,Media only,https://instagram.com/p/17941580679079642,,,,0,,,,,1865,,,,,,429,24,1319
6aa9879c2113a9dd89e332fe,2026-04-05T09:40:55.000Z,union.coop,business,instagram,Story,Media only,https://instagram.com/p/18088409651258581,,,,0,,,,,709,,,,,,101,17,607
6aa9879c2113a9dd89e332fc,2026-04-05T09:40:48.000Z,union.coop,business,instagram,Story,Media only,https://instagram.com/p/18077046539417658,,,,0,,,,,737,,,,,,44,44,690
6aa9879c2113a9dd89e332fa,2026-04-05T09:40:43.000Z,union.coop,business,instagram,Story,Media only,https://instagram.com/p/18158204569439324,,,,0,,,,,749,,,,,,35,38,714
6aa9879c2113a9dd89e332f8,2026-04-05T09:40:37.000Z,union.coop,business,instagram,Story,Media only,https://instagram.com/p/18045609407759305,,,,0,,,,,764,,,,,,32,41,753
6aa9879c2113a9dd89e332f6,2026-04-05T09:40:31.000Z,union.coop,business,instagram,Story,Media only,https://instagram.com/p/18110529031833739,,,,0,,,,,778,,,,,,43,67,746
6aa9879c2113a9dd89e332f4,2026-04-05T09:40:26.000Z,union.coop,business,instagram,Story,Media only,https://instagram.com/p/17932771191234167,,,,,,,,,,,,,,,,,
6aa9879c2113a9dd89e332f2,2026-04-05T09:35:48.000Z,union.coop,business,instagram,Story,Media only,https://instagram.com/p/17949720429133720,,,,0,,,,,925,,,,,,121,8,723
6aa9879c2113a9dd89e332f0,2026-04-03T16:44:06.000Z,union.coop,business,instagram,Story,Media only,https://instagram.com/p/17933920866083103,,,,0,,,,,609,,,,,,138,14,486
6aa9879c2113a9dd89e332ee,2026-04-03T15:02:04.000Z,union.coop,business,instagram,Story,Media only,https://instagram.com/p/18403910398181015,,,,0,,667,,,609,,,,92.95352323838081,,47,21,568
6aa9879c2113a9dd89e332ec,2026-04-03T15:02:00.000Z,union.coop,business,instagram,Story,Media only,https://instagram.com/p/18125821888588616,,,,0,,685,,,631,,,,95.76642335766424,,29,12,612
6aa9879c2113a9dd89e332ea,2026-04-03T15:01:16.000Z,union.coop,business,instagram,Story,Media only,https://instagram.com/p/18075168947178982,,,,0,,696,,,649,,,,95.54597701149426,,31,22,613
6aa9879c2113a9dd89e332e8,2026-04-03T15:01:10.000Z,union.coop,business,instagram,Story,Media only,https://instagram.com/p/18104717038922423,,,,0,,746,,,667,,,,97.18498659517427,,21,45,647
6aa9879c2113a9dd89e332e6,2026-04-03T15:01:02.000Z,union.coop,business,instagram,Story,Media only,https://instagram.com/p/17882360373482999,,,,0,,780,,,679,,,,98.07692307692307,,15,41,669
6aa9879c2113a9dd89e332e4,2026-04-03T15:00:50.000Z,union.coop,business,instagram,Story,Media only,https://instagram.com/p/18005472563713064,,,,0,,857,,,727,,,,94.1656942823804,,50,78,648
6aa9879c2113a9dd89e332e2,2026-04-03T11:10:27.000Z,union.coop,business,instagram,Story,Media only,https://instagram.com/p/18002785895908807,,,,0,,,,,806,,,,,,114,52,701
6aa9879c2113a9dd89e332e0,2026-04-03T06:07:52.000Z,union.coop,business,instagram,Story,Media only,https://instagram.com/p/18105422209716378,,,,0,,,,,829,,,,,,92,61,795
6aa9879c2113a9dd89e332de,2026-04-03T06:07:51.000Z,union.coop,business,instagram,Story,Media only,https://instagram.com/p/18034065707789585,,,,0,,,,,850,,,,,,20,73,864
6aa9879c2113a9dd89e332dc,2026-04-03T06:07:50.000Z,union.coop,business,instagram,Story,Media only,https://instagram.com/p/18196087903359165,,,,0,,,,,858,,,,,,13,66,897
6aa9879c2113a9dd89e332da,2026-04-03T06:07:49.000Z,union.coop,business,instagram,Story,Media only,https://instagram.com/p/17980972292823219,,,,0,,,,,863,,,,,,12,80,903
6aa9879c2113a9dd89e332d8,2026-04-03T06:07:48.000Z,union.coop,business,instagram,Story,Media only,https://instagram.com/p/18094537996878769,,,,0,,,,,881,,,,,,17,95,923
6aa9879c2113a9dd89e332d4,2026-04-03T06:07:46.000Z,union.coop,business,instagram,Story,Media only,https://instagram.com/p/17856187857632906,,,,0,,,,,906,,,,,,17,92,955
6aa9879c2113a9dd89e332d2,2026-04-03T06:07:45.000Z,union.coop,business,instagram,Story,Media only,https://instagram.com/p/17904282837399897,,,,0,,,,,928,,,,,,30,139,957
6aa9879c2113a9dd89e332d0,2026-04-03T06:07:44.000Z,union.coop,business,instagram,Story,Media only,https://instagram.com/p/18088590998212382,,,,0,,,,,950,,,,,,45,60,981
6aa9879c2113a9dd89e332cc,2026-04-02T15:23:42.000Z,union.coop,business,instagram,Story,Congratulations to the 1st winner of the Ramadan Megadraw,https://instagram.com/p/18134805130521490,,,,,,,,,,,,,,,,,
6aa9879c2113a9dd89e332ca,2026-04-02T06:00:52.000Z,union.coop,business,instagram,Story,Media only,https://instagram.com/p/18090828452332089,,,,0,,1023,,,854,,,,90.6158357771261,,96,52,817
6aa9879c2113a9dd89e332c8,2026-04-02T06:00:51.000Z,union.coop,business,instagram,Story,Media only,https://instagram.com/p/18100637887943528,,,,0,,985,,,876,,,,97.86802030456853,,21,65,877
6aa9879c2113a9dd89e332c6,2026-04-02T06:00:50.000Z,union.coop,business,instagram,Story,Media only,https://instagram.com/p/18092851103329666,,,,0,,1021,,,887,,,,97.45347698334965,,26,71,894
6aa9879c2113a9dd89e332c4,2026-04-02T06:00:49.000Z,union.coop,business,instagram,Story,Media only,https://instagram.com/p/17895772941285889,,,,0,,1075,,,903,,,,98.04651162790698,,21,100,923
6aa9879c2113a9dd89e332c2,2026-04-02T06:00:48.000Z,union.coop,business,instagram,Story,Media only,https://instagram.com/p/18102468862937680,,,,0,,1126,,,907,,,,98.57904085257549,,16,111,944
6aa9879c2113a9dd89e332c0,2026-04-02T06:00:47.000Z,union.coop,business,instagram,Story,Media only,https://instagram.com/p/18063077975368503,,,,0,,1137,,,918,,,,98.85664028144238,,13,102,978
6aa9879c2113a9dd89e332bc,2026-04-02T06:00:45.000Z,union.coop,business,instagram,Story,Media only,https://instagram.com/p/18207432889329405,,,,0,,1173,,,971,,,,96.50468883205457,,41,75,997
6aa9879c2113a9dd89e332ba,2026-04-02T06:00:44.000Z,union.coop,business,instagram,Story,Media only,https://instagram.com/p/18133397590533359,,,,0,,1226,,,1076,,,,88.49918433931484,,141,18,879
6aa9879c2113a9dd89e332b8,2026-03-27T06:49:19.000Z,union.coop,business,instagram,Story,Media only,https://instagram.com/p/17898440478263145,,,,0,,951,,,860,,,,80.86225026288118,,182,30,701
6aa9879c2113a9dd89e332b6,2026-03-27T06:47:41.000Z,union.coop,business,instagram,Story,Media only,https://instagram.com/p/18092607476471660,,,,0,,980,,,914,,,,96.22448979591837,,37,43,850
6aa9879c2113a9dd89e332b4,2026-03-27T06:46:01.000Z,union.coop,business,instagram,Story,Media only,https://instagram.com/p/17989894844952534,,,,0,,976,,,916,,,,94.97950819672131,,49,28,842
6aa9879c2113a9dd89e332b2,2026-03-27T04:59:13.000Z,union.coop,business,instagram,Story,Media only,https://instagram.com/p/18106662343843169,,,,0,,,,,921,,,,,,34,63,882
6aa9879c2113a9dd89e332b0,2026-03-27T04:59:12.000Z,union.coop,business,instagram,Story,Media only,https://instagram.com/p/18085468484216819,,,,0,,,,,928,,,,,,11,74,937
6aa9879c2113a9dd89e332ae,2026-03-27T04:59:11.000Z,union.coop,business,instagram,Story,Media only,https://instagram.com/p/17963678427081297,,,,0,,,,,935,,,,,,12,91,960
6aa9879c2113a9dd89e332ac,2026-03-27T04:59:10.000Z,union.coop,business,instagram,Story,Media only,https://instagram.com/p/18083430785460545,,,,0,,,,,948,,,,,,21,61,973
6aa9879c2113a9dd89e332aa,2026-03-27T04:59:09.000Z,union.coop,business,instagram,Story,Media only,https://instagram.com/p/17917807755317701,,,,0,,,,,962,,,,,,19,70,967
6aa9879c2113a9dd89e332a8,2026-03-27T04:59:08.000Z,union.coop,business,instagram,Story,Media only,https://instagram.com/p/18146889652484927,,,,0,,,,,977,,,,,,26,81,972
6aa9879c2113a9dd89e332a6,2026-03-27T04:59:07.000Z,union.coop,business,instagram,Story,Media only,https://instagram.com/p/18084666875340178,,,,0,,,,,995,,,,,,21,108,988
6aa9879c2113a9dd89e332a4,2026-03-27T04:59:06.000Z,union.coop,business,instagram,Story,Media only,https://instagram.com/p/18023306852811632,,,,0,,,,,1003,,,,,,19,108,1019
6aa9879c2113a9dd89e332a2,2026-03-27T04:59:05.000Z,union.coop,business,instagram,Story,Media only,https://instagram.com/p/17972439533860650,,,,0,,,,,1034,,,,,,50,92,1007
6aa9879c2113a9dd89e332a0,2026-03-27T04:59:04.000Z,union.coop,business,instagram,Story,Media only,https://instagram.com/p/18106909138881023,,,,0,,,,,1146,,,,,,119,21,933
6aa9879c2113a9dd89e3329e,2026-03-26T06:21:18.000Z,union.coop,business,instagram,Story,Media only,https://instagram.com/p/18053622491494672,,,,0,,,,,1048,,,,,,218,74,825
6aa9879c2113a9dd89e3329c,2026-03-26T06:17:10.000Z,union.coop,business,instagram,Story,Media only,https://instagram.com/p/18085653008255569,,,,0,,,,,1118,,,,,,92,74,968
6aa9879c2113a9dd89e3329a,2026-03-26T06:15:33.000Z,union.coop,business,instagram,Story,Media only,https://instagram.com/p/17857282413586080,,,,0,,,,,1175,,,,,,88,82,1019
6aa9879c2113a9dd89e33298,2026-02-24T16:13:18.000Z,union.coop,business,instagram,Story,Media only,https://instagram.com/p/17966210196040458,,,,0,,893,,,838,,,,95.40873460246361,,41,30,780
6aa9879c2113a9dd89e33296,2026-03-26T06:14:06.000Z,union.coop,business,instagram,Story,Media only,https://instagram.com/p/18048267392721243,,,,0,,,,,1335,,,,,,174,16,953
6aa9879c2113a9dd89e33290,2026-03-23T11:01:28.000Z,union.coop,business,instagram,Story,Media only,https://instagram.com/p/17912582976167517,,,,0,,,,,1178,,,,,,208,63,937
6aa9879c2113a9dd89e3328e,2026-03-23T05:03:16.000Z,union.coop,business,instagram,Story,Media only,https://instagram.com/p/17906776095375546,,,,0,,,,,1003,,,,,,76,112,997
6aa9879c2113a9dd89e3328c,2026-03-23T05:03:14.000Z,union.coop,business,instagram,Story,Media only,https://instagram.com/p/17876785197545454,,,,0,,,,,1028,,,,,,19,125,1077
6aa9879c2113a9dd89e3328a,2026-03-23T05:03:13.000Z,union.coop,business,instagram,Story,Media only,https://instagram.com/p/18098451976992182,,,,0,,,,,1046,,,,,,19,105,1112
6aa9879c2113a9dd89e33288,2026-03-23T05:03:12.000Z,union.coop,business,instagram,Story,Media only,https://instagram.com/p/18094284317077080,,,,0,,,,,1061,,,,,,14,177,1111
6aa9879c2113a9dd89e33286,2026-03-23T05:03:11.000Z,union.coop,business,instagram,Story,Media only,https://instagram.com/p/17916620889311323,,,,0,,,,,1071,,,,,,23,130,1152
6aa9879c2113a9dd89e33284,2026-03-23T05:03:10.000Z,union.coop,business,instagram,Story,Media only,https://instagram.com/p/18071547281228152,,,,0,,,,,1090,,,,,,32,100,1141
6aa9879c2113a9dd89e33282,2026-03-23T05:03:09.000Z,union.coop,business,instagram,Story,Media only,https://instagram.com/p/18100811551747087,,,,0,,,,,1100,,,,,,25,131,1133
6aa9879c2113a9dd89e33280,2026-03-23T05:03:08.000Z,union.coop,business,instagram,Story,Media only,https://instagram.com/p/18582423493057694,,,,0,,,,,1140,,,,,,33,99,1144
6aa9879c2113a9dd89e3327e,2026-03-23T05:03:07.000Z,union.coop,business,instagram,Story,Media only,https://instagram.com/p/18113222263672897,,,,0,,,,,1275,,,,,,144,22,1019
6aa9879c2113a9dd89e33274,2026-03-18T18:02:01.000Z,union.coop,business,instagram,Story,Media only,https://instagram.com/p/18077631926111965,,,,0,,1140,,,896,,,,85.26315789473684,,168,106,762
6aa9879c2113a9dd89e33272,2026-03-18T16:43:14.000Z,union.coop,business,instagram,Story,Media only,https://instagram.com/p/18079352351624269,,,,0,,,,,961,,,,,,83,127,919
6aa9879c2113a9dd89e33270,2026-03-18T16:43:13.000Z,union.coop,business,instagram,Story,Media only,https://instagram.com/p/18127689868559921,,,,0,,,,,971,,,,,,35,113,978
6aa9879c2113a9dd89e3326e,2026-03-18T16:43:12.000Z,union.coop,business,instagram,Story,Media only,https://instagram.com/p/17901412755401169,,,,0,,,,,1010,,,,,,71,42,966
6aa9879c2113a9dd89e3326c,2026-03-18T12:20:24.000Z,union.coop,business,instagram,Story,Media only,https://instagram.com/p/18084877691255639,,,,0,,1203,,,1026,,,,89.85868661679135,,122,65,909
6aa9879c2113a9dd89e3326a,2026-03-18T11:01:18.000Z,union.coop,business,instagram,Story,Media only,https://instagram.com/p/17923043682098497,,,,0,,1295,,,1039,,,,91.66023166023166,,108,108,984
6aa9879c2113a9dd89e33268,2026-03-18T08:04:03.000Z,union.coop,business,instagram,Story,Media only,https://instagram.com/p/17851268754642218,,,,0,,,,,1059,,,,,,105,68,972
6aa9879c2113a9dd89e33264,2026-03-17T15:19:08.000Z,union.coop,business,instagram,Story,Media only,https://instagram.com/p/18116428675650344,,,,0,,1033,,,852,,,,89.54501452081315,,108,42,802
6aa9879c2113a9dd89e33262,2026-03-17T15:19:07.000Z,union.coop,business,instagram,Story,Media only,https://instagram.com/p/18050175686507941,,,,0,,985,,,843,,,,98.1725888324873,,18,38,881
6aa9879c2113a9dd89e33260,2026-03-17T15:19:06.000Z,union.coop,business,instagram,Story,Media only,https://instagram.com/p/17883843729468747,,,,0,,934,,,837,,,,98.28693790149893,,16,38,880
6aa9879c2113a9dd89e3325c,2026-03-17T15:19:04.000Z,union.coop,business,instagram,Story,Media only,https://instagram.com/p/17984641628975292,,,,0,,988,,,883,,,,97.8744939271255,,21,34,907
6aa9879c2113a9dd89e3325a,2026-03-17T15:19:03.000Z,union.coop,business,instagram,Story,Media only,https://instagram.com/p/17903628042225662,,,,0,,978,,,873,,,,98.3640081799591,,16,40,906
6aa9879c2113a9dd89e33258,2026-03-17T15:19:02.000Z,union.coop,business,instagram,Story,Media only,https://instagram.com/p/17847176955679496,,,,0,,983,,,878,,,,97.96541200406918,,20,33,918
6aa9879c2113a9dd89e33254,2026-03-17T15:19:00.000Z,union.coop,business,instagram,Story,Media only,https://instagram.com/p/17963803943902020,,,,0,,1017,,,910,,,,97.73844641101277,,23,40,934
6aa9879c2113a9dd89e33252,2026-03-17T15:18:45.000Z,union.coop,business,instagram,Story,Media only,https://instagram.com/p/18091784945151410,,,,0,,1019,,,928,,,,97.84102060843965,,22,40,955
6aa9879c2113a9dd89e33250,2026-03-17T15:18:44.000Z,union.coop,business,instagram,Story,Media only,https://instagram.com/p/18116009740646589,,,,0,,1047,,,945,,,,97.23018147086916,,29,43,958
6aa9879c2113a9dd89e3324e,2026-03-17T15:18:43.000Z,union.coop,business,instagram,Story,Media only,https://instagram.com/p/18104021728905367,,,,0,,1072,,,971,,,,97.38805970149254,,28,41,988
6aa9879c2113a9dd89e3324c,2026-03-17T15:18:42.000Z,union.coop,business,instagram,Story,Media only,https://instagram.com/p/18089554709274908,,,,0,,1110,,,982,,,,97.38738738738739,,29,55,1009
6aa9879c2113a9dd89e3324a,2026-03-17T15:18:41.000Z,union.coop,business,instagram,Story,Media only,https://instagram.com/p/18057076631450972,,,,0,,1145,,,1008,,,,97.117903930131,,33,54,1037
6aa9879c2113a9dd89e33248,2026-03-17T15:18:40.000Z,union.coop,business,instagram,Story,Media only,https://instagram.com/p/18105321961682185,,,,0,,1170,,,1029,,,,97.52136752136752,,29,59,1051
6aa9879c2113a9dd89e33246,2026-03-17T15:18:39.000Z,union.coop,business,instagram,Story,Media only,https://instagram.com/p/18121818163613306,,,,0,,1217,,,1043,,,,96.95973705834018,,37,64,1081
6aa9879c2113a9dd89e33242,2026-03-17T15:18:37.000Z,union.coop,business,instagram,Story,Media only,https://instagram.com/p/18068026592273234,,,,0,,1484,,,1127,,,,96.22641509433963,,56,138,1094
6aa9879c2113a9dd89e3323e,2026-03-17T05:13:55.000Z,union.coop,business,instagram,Story,Media only,https://instagram.com/p/17997483791914262,,,,0,,,,,1182,,,,,,234,46,949
6aa9879c2113a9dd89e3323c,2026-03-16T12:11:01.000Z,union.coop,business,instagram,Story,Media only,https://instagram.com/p/17891624658312775,,,,0,,1334,,,1119,,,,94.15292353823088,,78,35,1107
6aa9879c2113a9dd89e33234,2026-03-15T18:40:33.000Z,union.coop,business,instagram,Story,Media only,https://instagram.com/p/17945817771134515,,,,0,,,,,1232,,,,,,265,64,954
6aa9879c2113a9dd89e33232,2026-03-15T09:08:26.000Z,union.coop,business,instagram,Story,Media only,https://instagram.com/p/18075994490130412,,,,0,,1567,,,1279,,,,84.93937460114869,,236,80,980
6aa9879c2113a9dd89e3322e,2026-03-14T12:31:39.000Z,union.coop,business,instagram,Story,Media only,https://instagram.com/p/18088389385904379,,,,0,,1182,,,967,,,,87.1404399323181,,152,64,908
6aa9879c2113a9dd89e3322c,2026-03-14T12:31:38.000Z,union.coop,business,instagram,Story,Media only,https://instagram.com/p/18078134948082420,,,,0,,1156,,,1000,,,,96.7128027681661,,38,74,1014
6aa9879c2113a9dd89e33228,2026-03-14T12:31:36.000Z,union.coop,business,instagram,Story,Media only,https://instagram.com/p/18061886933661037,,,,0,,1192,,,1028,,,,97.98657718120806,,24,85,1056
6aa9879c2113a9dd89e33226,2026-03-14T12:31:35.000Z,union.coop,business,instagram,Story,Media only,https://instagram.com/p/18077728442118357,,,,0,,1248,,,1029,,,,98.63782051282051,,17,108,1073
6aa9879c2113a9dd89e33224,2026-03-14T12:31:34.000Z,union.coop,business,instagram,Story,Media only,https://instagram.com/p/18123598450598673,,,,0,,1265,,,1044,,,,98.41897233201581,,20,85,1120
6aa9879c2113a9dd89e33222,2026-03-14T12:31:33.000Z,union.coop,business,instagram,Story,Media only,https://instagram.com/p/17862099480610979,,,,0,,1253,,,1049,,,,97.6855546687949,,29,92,1116
6aa9879c2113a9dd89e33220,2026-03-14T12:31:31.000Z,union.coop,business,instagram,Story,Media only,https://instagram.com/p/17971895514007201,,,,0,,1327,,,1066,,,,97.96533534287867,,27,136,1115
6aa9879c2113a9dd89e3321e,2026-03-14T12:31:30.000Z,union.coop,business,instagram,Story,Media only,https://instagram.com/p/18100098611303251,,,,0,,1372,,,1085,,,,97.81341107871721,,30,106,1147
6aa9879c2113a9dd89e3321c,2026-03-14T12:31:29.000Z,union.coop,business,instagram,Story,Media only,https://instagram.com/p/17951527488091602,,,,0,,1400,,,1145,,,,92.71428571428572,,102,64,1057
6aa9879c2113a9dd89e33218,2026-03-13T15:00:23.000Z,union.coop,business,instagram,Story,Media only,https://instagram.com/p/18400808773180258,,,,0,,1274,,,1026,,,,83.90894819466249,,205,71,853
6aa9879c2113a9dd89e33216,2026-03-13T11:29:59.000Z,union.coop,business,instagram,Story,Media only,https://instagram.com/p/17982385031967176,,,,0,,,,,1033,,,,,,103,118,985
6aa9879c2113a9dd89e33214,2026-03-13T11:29:58.000Z,union.coop,business,instagram,Story,Media only,https://instagram.com/p/17888449947332724,,,,0,,,,,1059,,,,,,32,157,1103
6aa9879c2113a9dd89e33212,2026-03-13T11:29:57.000Z,union.coop,business,instagram,Story,Media only,https://instagram.com/p/18102073930907890,,,,0,,,,,1079,,,,,,51,186,1133
6aa9879c2113a9dd89e33210,2026-03-13T11:29:56.000Z,union.coop,business,instagram,Story,Media only,https://instagram.com/p/18347183395208559,,,,0,,,,,1148,,,,,,82,140,1120
6aa9879c2113a9dd89e3320c,2026-03-12T13:30:17.000Z,union.coop,business,instagram,Story,Media only,https://instagram.com/p/18100622042493270,,,,0,,1595,,,1262,,,,82.13166144200628,,285,47,880
6aa9879c2113a9dd89e3320a,2026-03-12T10:28:15.000Z,union.coop,business,instagram,Story,Media only,https://instagram.com/p/18157847314426503,,,,0,,,,,1242,,,,,,248,12,973
6aa9879c2113a9dd89e33208,2026-03-11T12:31:41.000Z,union.coop,business,instagram,Story,Media only,https://instagram.com/p/18169474957402084,,,,0,,,,,1251,,,,,,349,32,883
6aa9879c2113a9dd89e33204,2026-03-07T09:23:46.000Z,union.coop,business,instagram,Story,Available in-store and online,https://instagram.com/p/18164702845411022,,,,0,,2193,,,1936,,,,79.75376196990425,,444,36,1252
6aa9879c2113a9dd89e33200,2026-03-04T05:04:38.000Z,union.coop,business,instagram,Story,Media only,https://instagram.com/p/18091968380099214,,,,0,,,,,1601,,,,,,342,39,1153
6aa9879c2113a9dd89e331fe,2026-03-03T18:08:52.000Z,union.coop,business,instagram,Story,Media only,https://instagram.com/p/18018362621648938,,,,0,,1977,,,1725,,,,84.0161861406171,,316,102,1339
6aa9879c2113a9dd89e331fa,2026-03-01T07:24:21.000Z,union.coop,business,instagram,Story,Media only,https://instagram.com/p/17926635141072558,,,,0,,,,,1765,,,,,,353,116,1415
6aa9879c2113a9dd89e331f6,2026-02-27T15:04:56.000Z,union.coop,business,instagram,Story,Media only,https://instagram.com/p/17948386766963468,,,,0,,,,,879,,,,,,105,127,797
6aa9879c2113a9dd89e331f4,2026-02-27T15:04:55.000Z,union.coop,business,instagram,Story,Media only,https://instagram.com/p/18017688191810579,,,,0,,,,,996,,,,,,105,130,853
6aa9879c2113a9dd89e331f2,2026-02-27T08:27:26.000Z,union.coop,business,instagram,Story,Media only,https://instagram.com/p/18350672485231774,,,,0,,,,,840,,,,,,119,112,580
6aa9879c2113a9dd89e331f0,2026-02-27T07:25:13.000Z,union.coop,business,instagram,Story,Media only,https://instagram.com/p/18118254340611290,,,,0,,,,,841,,,,,,43,73,843
6aa9879c2113a9dd89e331ee,2026-02-27T07:25:12.000Z,union.coop,business,instagram,Story,Media only,https://instagram.com/p/18127566694544087,,,,0,,,,,843,,,,,,21,51,869
6aa9879c2113a9dd89e331ec,2026-02-27T07:25:11.000Z,union.coop,business,instagram,Story,Media only,https://instagram.com/p/18056238986428443,,,,0,,,,,849,,,,,,10,80,869
6aa9879c2113a9dd89e331ea,2026-02-27T07:25:10.000Z,union.coop,business,instagram,Story,Media only,https://instagram.com/p/18127920586558966,,,,0,,,,,857,,,,,,15,47,889
6aa9879c2113a9dd89e331e8,2026-02-27T07:25:09.000Z,union.coop,business,instagram,Story,Media only,https://instagram.com/p/18456799927096204,,,,0,,,,,861,,,,,,9,71,882
6aa9879c2113a9dd89e331e6,2026-02-27T07:25:08.000Z,union.coop,business,instagram,Story,Media only,https://instagram.com/p/18058317443383112,,,,0,,,,,866,,,,,,8,82,912
6aa9879c2113a9dd89e331e4,2026-02-27T07:25:07.000Z,union.coop,business,instagram,Story,Media only,https://instagram.com/p/18092010608024158,,,,0,,,,,875,,,,,,24,81,900
6aa9879c2113a9dd89e331e2,2026-02-27T07:25:06.000Z,union.coop,business,instagram,Story,Media only,https://instagram.com/p/18087298403134103,,,,0,,,,,895,,,,,,26,69,926
6aa9879c2113a9dd89e331e0,2026-02-27T07:25:05.000Z,union.coop,business,instagram,Story,Media only,https://instagram.com/p/18408790714192475,,,,0,,,,,928,,,,,,29,56,905
6aa9879c2113a9dd89e331dc,2026-02-26T14:12:24.000Z,union.coop,business,instagram,Story,Media only,https://instagram.com/p/17937594285014903,,,,0,,1340,,,1145,,,,82.3134328358209,,237,74,876
6aa9879c2113a9dd89e331da,2026-02-26T14:10:40.000Z,union.coop,business,instagram,Story,"إفطاركم، سحورهم 📍 تعاونية الاتحاد: الاتحاد مول

📍 تعاونية الاتحاد: البرشاء جنوب 🗓 استلام الوجبات: من 4:00 مساءً إلى 5:15 مساءً

توزيع الوجبات: من 8:30 مساءً إلى 10:30 مساءً من الجمعة إلى الثلاثاء خلال شهر رمضان",https://instagram.com/p/17999984717891052,,,,0,,1550,,,1337,,,,87.61290322580645,,192,19,1032
6aa9879c2113a9dd89e331d8,2026-02-24T16:14:09.000Z,union.coop,business,instagram,Story,Media only,https://instagram.com/p/18134206099501832,,,,0,,769,,,730,,,,82.83485045513655,,132,7,572
6aa9879c2113a9dd89e331d6,2026-02-24T16:13:56.000Z,union.coop,business,instagram,Story,Media only,https://instagram.com/p/18105868798693583,,,,0,,782,,,754,,,,95.2685421994885,,37,16,692
6aa9879c2113a9dd89e331d4,2026-02-24T16:13:45.000Z,union.coop,business,instagram,Story,Media only,https://instagram.com/p/18072017060165340,,,,0,,820,,,782,,,,95.48780487804878,,37,15,724
6aa9879c2113a9dd89e331d2,2026-02-24T16:13:31.000Z,union.coop,business,instagram,Story,Media only,https://instagram.com/p/18081207236198068,,,,0,,856,,,806,,,,95.21028037383178,,41,21,749
6aa9879c2113a9dd89e331d0,2026-02-24T16:13:08.000Z,union.coop,business,instagram,Story,Media only,https://instagram.com/p/18069194651200989,,,,0,,1068,,,887,,,,94.19475655430712,,62,121,786
6aa9879c2113a9dd89e331ce,2026-02-24T16:07:35.000Z,union.coop,business,instagram,Story,Media only,https://instagram.com/p/17987096672944937,,,,0,,1197,,,979,,,,94.48621553884712,,66,15,555
6aa9879c2113a9dd89e331cc,2026-02-22T06:46:29.000Z,union.coop,business,instagram,Story,Media only,https://instagram.com/p/18155655991432583,,,,0,,,,,1069,,,,,,181,122,830
6aa9879c2113a9dd89e331ca,2026-02-21T14:21:07.000Z,union.coop,business,instagram,Story,Visit Al Khawaneej Mall,https://instagram.com/p/17980556306798010,,,,0,,,,,823,,,,,,129,38,693
6aa9879c2113a9dd89e331c8,2026-02-21T14:20:13.000Z,union.coop,business,instagram,Story,Media only,https://instagram.com/p/17901824031221162,,,,0,,,,,847,,,,,,36,36,791
6aa9879c2113a9dd89e331c6,2026-02-21T14:19:59.000Z,union.coop,business,instagram,Story,Media only,https://instagram.com/p/18092871701005359,,,,0,,,,,855,,,,,,40,42,810
6aa9879c2113a9dd89e331c4,2026-02-21T14:19:46.000Z,union.coop,business,instagram,Story,Media only,https://instagram.com/p/17934072678187631,,,,0,,,,,875,,,,,,41,75,852
6aa9879c2113a9dd89e331c2,2026-02-21T14:19:31.000Z,union.coop,business,instagram,Story,زوروا فرع الخوانيج مول,https://instagram.com/p/18157691080425911,,,,0,,,,,886,,,,,,33,57,825
6aa9879c2113a9dd89e331c0,2026-02-21T14:18:01.000Z,union.coop,business,instagram,Story,Media only,https://instagram.com/p/18303609739287852,,,,0,,,,,912,,,,,,29,42,869
6aa9879c2113a9dd89e331be,2026-02-21T14:17:33.000Z,union.coop,business,instagram,Story,Media only,https://instagram.com/p/17865371292588444,,,,0,,,,,912,,,,,,33,45,876
6aa9879c2113a9dd89e331bc,2026-02-21T14:17:24.000Z,union.coop,business,instagram,Story,Media only,https://instagram.com/p/18128424148538699,,,,0,,,,,977,,,,,,76,70,861
6aa9879c2113a9dd89e331ba,2026-02-21T09:17:42.000Z,union.coop,business,instagram,Story,Media only,https://instagram.com/p/18108232684779120,,,,0,,,,,1096,,,,,,170,92,924
6aa9879c2113a9dd89e331b8,2026-02-20T20:26:09.000Z,union.coop,business,instagram,Story,Media only,https://instagram.com/p/18391912648195763,,,,0,,,,,1069,,,,,,153,82,846
6aa9879c2113a9dd89e331b6,2026-02-20T17:51:28.000Z,union.coop,business,instagram,Story,Media only,https://instagram.com/p/18083196467194631,,,,0,,,,,1061,,,,,,137,157,976
6aa9879c2113a9dd89e331b4,2026-02-20T17:03:20.000Z,union.coop,business,instagram,Story,Media only,https://instagram.com/p/17871635862549424,,,,0,,1360,,,1051,,,,95.29411764705881,,64,78,1110
6aa9879c2113a9dd89e331b2,2026-02-20T17:00:10.000Z,union.coop,business,instagram,Story,Media only,https://instagram.com/p/18094057357825583,,,,0,,,,,1023,,,,,,36,74,986
6aa9879c2113a9dd89e331b0,2026-02-20T16:59:58.000Z,union.coop,business,instagram,Story,Thank you,https://instagram.com/p/18083276507349898,,,,0,,,,,1063,,,,,,83,101,1003
6aa9879c2113a9dd89e331ae,2026-02-20T16:58:52.000Z,union.coop,business,instagram,Story,Thank you,https://instagram.com/p/17854661223586223,,,,0,,,,,1157,,,,,,79,49,945
6aa9879c2113a9dd89e331ac,2026-02-20T08:28:41.000Z,union.coop,business,instagram,Story,Media only,https://instagram.com/p/18084611690230322,,,,0,,1037,,,878,,,,90.93539054966249,,94,53,862
6aa9879c2113a9dd89e331aa,2026-02-20T08:28:23.000Z,union.coop,business,instagram,Story,Media only,https://instagram.com/p/17866666365569869,,,,0,,1039,,,895,,,,96.92011549566891,,32,67,926
6aa9879c2113a9dd89e331a8,2026-02-20T08:28:22.000Z,union.coop,business,instagram,Story,Media only,https://instagram.com/p/17864236731583757,,,,0,,1062,,,904,,,,97.83427495291902,,23,71,943
6aa9879c2113a9dd89e331a6,2026-02-20T08:28:21.000Z,union.coop,business,instagram,Story,Media only,https://instagram.com/p/18020979272805473,,,,0,,1087,,,923,,,,98.4360625574977,,17,83,967
6aa9879c2113a9dd89e331a4,2026-02-20T08:28:20.000Z,union.coop,business,instagram,Story,Media only,https://instagram.com/p/18313810093283282,,,,0,,1111,,,936,,,,97.83978397839785,,24,69,978
6aa9879c2113a9dd89e331a2,2026-02-20T08:28:18.000Z,union.coop,business,instagram,Story,Media only,https://instagram.com/p/17943878972984824,,,,0,,1090,,,943,,,,97.98165137614679,,22,54,994
6aa9879c2113a9dd89e331a0,2026-02-20T08:28:17.000Z,union.coop,business,instagram,Story,Media only,https://instagram.com/p/17934306570179934,,,,0,,1092,,,956,,,,98.62637362637363,,15,63,990
6aa9879c2113a9dd89e3319e,2026-02-20T08:28:16.000Z,union.coop,business,instagram,Story,Media only,https://instagram.com/p/18091699457097405,,,,0,,1160,,,972,,,,98.44827586206897,,18,101,1008
6aa9879c2113a9dd89e3319c,2026-02-20T08:28:15.000Z,union.coop,business,instagram,Story,Media only,https://instagram.com/p/18033026201589982,,,,0,,1232,,,998,,,,97.24025974025975,,34,112,1030
6aa9879c2113a9dd89e33198,2026-02-20T08:28:13.000Z,union.coop,business,instagram,Story,Media only,https://instagram.com/p/17852036247630596,,,,0,,1323,,,1127,,,,91.60997732426304,,111,11,961
6aa9879c2113a9dd89e33196,2026-02-19T08:59:31.000Z,union.coop,business,instagram,Story,Media only,https://instagram.com/p/17943774788983581,,,,0,,,,,795,,,,,,233,34,561
6aa9879c2113a9dd89e33194,2026-02-19T08:59:30.000Z,union.coop,business,instagram,Story,Media only,https://instagram.com/p/18035813453563738,,,,0,,,,,906,,,,,,104,5,757
6aa9879c2113a9dd89e33192,2026-02-17T05:13:51.000Z,union.coop,business,instagram,Story,Media only,https://instagram.com/p/17874864897417026,,,,0,,1260,,,1112,,,,85,,189,59,922
6aa9879c2113a9dd89e33190,2026-02-16T06:29:08.000Z,union.coop,business,instagram,Story,Media only,https://instagram.com/p/18092163686015876,,,,0,,,,,1545,,,,,,290,180,1308
6aa9879c2113a9dd89e3318e,2026-02-14T08:19:20.000Z,union.coop,business,instagram,Story,"Last day at Etihad Mall!

See you tomorrow at Al Barsha Mall",https://instagram.com/p/18010092065677243,,,,0,,1456,,,1245,,,,80.01373626373626,,291,15,868
6aa9879c2113a9dd89e3318c,2026-02-13T10:24:11.000Z,union.coop,business,instagram,Story,Media only,https://instagram.com/p/17914891563280235,,,,0,,,,,905,,,,,,172,57,723
6aa9879c2113a9dd89e3318a,2026-02-13T09:37:15.000Z,union.coop,business,instagram,Story,Media only,https://instagram.com/p/18408589423123171,,,,0,,,,,914,,,,,,78,56,777
6aa9879c2113a9dd89e33188,2026-02-13T05:03:12.000Z,union.coop,business,instagram,Story,Media only,https://instagram.com/p/17941263636135492,,,,0,,1091,,,943,,,,92.30064161319889,,84,64,894
6aa9879c2113a9dd89e33186,2026-02-13T05:03:11.000Z,union.coop,business,instagram,Story,Media only,https://instagram.com/p/18106495252692920,,,,0,,1086,,,953,,,,98.34254143646409,,18,81,963
6aa9879c2113a9dd89e33184,2026-02-13T05:03:10.000Z,union.coop,business,instagram,Story,Media only,https://instagram.com/p/18120793810510820,,,,0,,1124,,,955,,,,98.57651245551602,,16,88,997
6aa9879c2113a9dd89e33182,2026-02-13T05:03:09.000Z,union.coop,business,instagram,Story,Media only,https://instagram.com/p/18048310940497120,,,,0,,1160,,,977,,,,98.53448275862068,,17,95,1013
6aa9879c2113a9dd89e33180,2026-02-13T05:03:08.000Z,union.coop,business,instagram,Story,Media only,https://instagram.com/p/18099631312726504,,,,0,,1144,,,982,,,,98.86363636363636,,13,67,1010
6aa9879c2113a9dd89e3317e,2026-02-13T05:03:07.000Z,union.coop,business,instagram,Story,Media only,https://instagram.com/p/18112198585731702,,,,0,,1138,,,982,,,,97.97891036906854,,23,78,1009
6aa9879c2113a9dd89e3317c,2026-02-13T05:03:06.000Z,union.coop,business,instagram,Story,Media only,https://instagram.com/p/17851487439652906,,,,0,,1187,,,1021,,,,97.80960404380792,,26,79,1035
6aa9879c2113a9dd89e3317a,2026-02-13T05:03:05.000Z,union.coop,business,instagram,Story,Media only,https://instagram.com/p/17937441636153097,,,,0,,1216,,,1041,,,,98.10855263157895,,23,87,1043
6aa9879c2113a9dd89e33178,2026-02-13T05:03:04.000Z,union.coop,business,instagram,Story,Media only,https://instagram.com/p/18090806762105791,,,,0,,1258,,,1068,,,,97.05882352941177,,37,80,1045
6aa9879c2113a9dd89e33176,2026-02-13T05:03:03.000Z,union.coop,business,instagram,Story,Media only,https://instagram.com/p/18105230224647305,,,,0,,1353,,,1140,,,,93.27420546932743,,91,43,958
6aa9879c2113a9dd89e33174,2026-02-10T15:20:24.000Z,union.coop,business,instagram,Story,Media only,https://instagram.com/p/18144765076414670,,,,0,,2188,,,1756,,,,82.44972577696527,,384,14,1117
6aa9879c2113a9dd89e33172,2026-02-09T15:11:32.000Z,union.coop,business,instagram,Story,Media only,https://instagram.com/p/18099603344503417,,,,0,,,,,1212,,,,,,290,188,947
6aa9879c2113a9dd89e3316e,2026-02-06T14:10:52.000Z,union.coop,business,instagram,Story,Media only,https://instagram.com/p/18104155927877005,,,,0,,1560,,,1233,,,,82.75641025641025,,269,110,943
6aa9879c2113a9dd89e3316c,2026-02-06T11:50:58.000Z,union.coop,business,instagram,Story,Media only,https://instagram.com/p/18160715080418407,,,,0,,,,,1136,,,,,,141,77,977
6aa9879c2113a9dd89e3316a,2026-02-06T07:58:17.000Z,union.coop,business,instagram,Story,Media only,https://instagram.com/p/18358566736206604,,,,0,,1242,,,1013,,,,87.43961352657004,,156,84,921
6aa9879c2113a9dd89e33168,2026-02-06T04:56:51.000Z,union.coop,business,instagram,Story,Media only,https://instagram.com/p/18107246662667441,,,,0,,,,,950,,,,,,73,89,946
6aa9879c2113a9dd89e33166,2026-02-06T04:56:50.000Z,union.coop,business,instagram,Story,Media only,https://instagram.com/p/18037570928753486,,,,0,,,,,958,,,,,,29,114,978
6aa9879c2113a9dd89e33164,2026-02-06T04:56:49.000Z,union.coop,business,instagram,Story,Media only,https://instagram.com/p/18336150046208389,,,,0,,,,,966,,,,,,27,97,1017
6aa9879c2113a9dd89e33162,2026-02-06T04:56:48.000Z,union.coop,business,instagram,Story,Media only,https://instagram.com/p/18143818006463551,,,,0,,,,,977,,,,,,25,143,1025
6aa9879c2113a9dd89e33160,2026-02-06T04:56:47.000Z,union.coop,business,instagram,Story,Media only,https://instagram.com/p/18407017921121248,,,,0,,,,,993,,,,,,20,89,1069
6aa9879c2113a9dd89e3315e,2026-02-06T04:56:46.000Z,union.coop,business,instagram,Story,Media only,https://instagram.com/p/18082609693982623,,,,0,,,,,1005,,,,,,27,65,1054
6aa9879c2113a9dd89e3315c,2026-02-06T04:56:45.000Z,union.coop,business,instagram,Story,Media only,https://instagram.com/p/17911218897301986,,,,0,,,,,1023,,,,,,28,87,1045
6aa9879c2113a9dd89e33158,2026-02-06T04:56:43.000Z,union.coop,business,instagram,Story,Media only,https://instagram.com/p/17971940426844314,,,,0,,,,,1076,,,,,,48,84,1075
6aa9879c2113a9dd89e33156,2026-02-06T04:56:42.000Z,union.coop,business,instagram,Story,Media only,https://instagram.com/p/18074975603100126,,,,0,,,,,1171,,,,,,107,27,982
6aa9879c2113a9dd89e33154,2026-02-05T09:41:31.000Z,union.coop,business,instagram,Story,Media only,https://instagram.com/p/18094312840942879,,,,0,,,,,1033,,,,,,250,54,763
6aa9879c2113a9dd89e3314c,2026-01-30T04:49:17.000Z,union.coop,business,instagram,Story,Media only,https://instagram.com/p/18375678109089182,,,,0,,1216,,,1031,,,,85.19736842105263,,180,88,888
6aa9879c2113a9dd89e3314a,2026-01-30T04:49:16.000Z,union.coop,business,instagram,Story,Media only,https://instagram.com/p/18038026421741221,,,,0,,1237,,,1069,,,,97.57477768795472,,30,98,1078
6aa9879c2113a9dd89e33148,2026-01-30T04:49:15.000Z,union.coop,business,instagram,Story,Media only,https://instagram.com/p/18035682839770151,,,,0,,1257,,,1079,,,,98.40891010342084,,20,98,1078
6aa9879c2113a9dd89e33146,2026-01-30T04:49:14.000Z,union.coop,business,instagram,Story,Media only,https://instagram.com/p/17914801239123249,,,,0,,1319,,,1099,,,,97.87717968157695,,28,132,1130
6aa9879c2113a9dd89e33144,2026-01-30T04:49:13.000Z,union.coop,business,instagram,Story,Media only,https://instagram.com/p/18026559401608793,,,,0,,1369,,,1116,,,,98.31994156318481,,23,130,1167
6aa9879c2113a9dd89e33142,2026-01-30T04:49:12.000Z,union.coop,business,instagram,Story,Media only,https://instagram.com/p/17865225810564050,,,,0,,1374,,,1128,,,,98.68995633187772,,18,125,1177
6aa9879c2113a9dd89e33140,2026-01-30T04:49:11.000Z,union.coop,business,instagram,Story,Media only,https://instagram.com/p/17847957093637589,,,,0,,1349,,,1141,,,,98.66567828020756,,18,92,1181
6aa9879c2113a9dd89e3313e,2026-01-30T04:49:10.000Z,union.coop,business,instagram,Story,Media only,https://instagram.com/p/17902288119203789,,,,0,,1380,,,1169,,,,98.33333333333333,,23,126,1183
6aa9879c2113a9dd89e3313c,2026-01-30T04:49:09.000Z,union.coop,business,instagram,Story,Media only,https://instagram.com/p/17910517005312587,,,,0,,1458,,,1203,,,,97.599451303155,,35,122,1212
6aa9879c2113a9dd89e3313a,2026-01-30T04:49:08.000Z,union.coop,business,instagram,Story,Media only,https://instagram.com/p/18080856545247658,,,,0,,1547,,,1301,,,,93.08338720103426,,107,39,1133
6aa9879c2113a9dd89e33132,2026-01-26T05:14:47.000Z,union.coop,business,instagram,Story,Media only,https://instagram.com/p/18323660866219820,,,,0,,,,,951,,,,,,282,8,588
6aa9879c2113a9dd89e33130,2026-01-23T05:30:05.000Z,union.coop,business,instagram,Story,Media only,https://instagram.com/p/18116572162594879,,,,0,,1177,,,982,,,,85.13169073916738,,175,95,817
6aa9879c2113a9dd89e3312e,2026-01-23T05:30:04.000Z,union.coop,business,instagram,Story,Media only,https://instagram.com/p/18119559652583851,,,,0,,1205,,,1026,,,,97.01244813278008,,36,101,1009
6aa9879c2113a9dd89e3312c,2026-01-23T05:30:03.000Z,union.coop,business,instagram,Story,Media only,https://instagram.com/p/18057035783356327,,,,0,,1264,,,1036,,,,98.89240506329115,,14,147,1031
6aa9879c2113a9dd89e3312a,2026-01-23T05:30:02.000Z,union.coop,business,instagram,Story,Media only,https://instagram.com/p/18079705673224081,,,,0,,1309,,,1053,,,,97.0970206264324,,38,111,1075
6aa9879c2113a9dd89e33128,2026-01-23T05:30:01.000Z,union.coop,business,instagram,Story,Media only,https://instagram.com/p/18140454814466054,,,,0,,1317,,,1066,,,,98.17767653758543,,24,145,1077
6aa9879c2113a9dd89e33126,2026-01-23T05:30:00.000Z,union.coop,business,instagram,Story,Media only,https://instagram.com/p/18045337157709944,,,,0,,1353,,,1086,,,,97.63488543976348,,32,123,1086
6aa9879c2113a9dd89e33124,2026-01-23T05:29:59.000Z,union.coop,business,instagram,Story,Media only,https://instagram.com/p/17981401454793459,,,,0,,1337,,,1102,,,,98.05534779356769,,26,111,1117
6aa9879c2113a9dd89e33122,2026-01-23T05:29:58.000Z,union.coop,business,instagram,Story,Media only,https://instagram.com/p/17867392662549804,,,,0,,1337,,,1127,,,,97.38219895287958,,35,94,1093
6aa9879c2113a9dd89e33120,2026-01-23T05:29:57.000Z,union.coop,business,instagram,Story,Media only,https://instagram.com/p/18056026253688919,,,,0,,1402,,,1187,,,,96.29101283880172,,52,80,1072
6aa9879c2113a9dd89e3311e,2026-01-23T05:29:56.000Z,union.coop,business,instagram,Story,Media only,https://instagram.com/p/18307130392267006,,,,,,,,,,,,,,,,,
6aa9879c2113a9dd89e3311c,2026-01-16T06:59:20.000Z,union.coop,business,instagram,Story,Media only,https://instagram.com/p/18090598991083558,,,,0,,1078,,,910,,,,85.2504638218924,,159,81,776
6aa9879c2113a9dd89e3311a,2026-01-16T06:59:19.000Z,union.coop,business,instagram,Story,Media only,https://instagram.com/p/17983246136944451,,,,0,,1130,,,950,,,,97.34513274336283,,30,121,934
6aa9879c2113a9dd89e33118,2026-01-16T06:59:18.000Z,union.coop,business,instagram,Story,Media only,https://instagram.com/p/18059964953322437,,,,0,,1150,,,956,,,,98.78260869565217,,14,101,999
6aa9879c2113a9dd89e33116,2026-01-16T06:59:17.000Z,union.coop,business,instagram,Story,Media only,https://instagram.com/p/18380933917157023,,,,0,,1142,,,964,,,,98.51138353765324,,17,100,990
6aa9879c2113a9dd89e33114,2026-01-16T06:59:16.000Z,union.coop,business,instagram,Story,Media only,https://instagram.com/p/18103688134747722,,,,0,,1135,,,976,,,,97.97356828193833,,23,81,996
6aa9879c2113a9dd89e33112,2026-01-16T06:59:15.000Z,union.coop,business,instagram,Story,Media only,https://instagram.com/p/18080698502225632,,,,0,,1147,,,995,,,,97.7332170880558,,26,93,1002
6aa9879c2113a9dd89e33110,2026-01-16T06:59:14.000Z,union.coop,business,instagram,Story,Media only,https://instagram.com/p/18078021893022644,,,,0,,1203,,,1005,,,,98.25436408977556,,21,122,1018
6aa9879c2113a9dd89e3310e,2026-01-16T06:59:13.000Z,union.coop,business,instagram,Story,Media only,https://instagram.com/p/18080630759261489,,,,0,,1236,,,1021,,,,98.05825242718447,,24,103,1046
6aa9879c2113a9dd89e3310c,2026-01-16T06:59:12.000Z,union.coop,business,instagram,Story,Media only,https://instagram.com/p/17917047813257027,,,,0,,1213,,,1026,,,,97.69167353668591,,28,73,1060
6aa9879c2113a9dd89e3310a,2026-01-02T09:06:36.000Z,union.coop,business,instagram,Story,Media only,https://instagram.com/p/17970702320834758,,,,0,,,,,895,,,,,,26,78,898
6aa9879c2113a9dd89e33108,2026-01-02T10:00:54.000Z,union.coop,business,instagram,Story,Media only,https://instagram.com/p/17858701980580058,,,,0,,933,,,832,,,,98.07073954983923,,18,52,853
6aa9879c2113a9dd89e33106,2026-01-02T09:04:36.000Z,union.coop,business,instagram,Story,Media only,https://instagram.com/p/18107284207578283,,,,0,,,,,948,,,,,,17,112,1055
6aa9879c2113a9dd89e33104,2026-01-02T09:06:37.000Z,union.coop,business,instagram,Story,Media only,https://instagram.com/p/18106978243672614,,,,0,,,,,887,,,,,,17,49,887
6aa9879c2113a9dd89e33102,2026-01-09T05:04:09.000Z,union.coop,business,instagram,Story,Media only,https://instagram.com/p/17927688078190073,,,,0,,,,,1000,,,,,,33,60,986
6aa9879c2113a9dd89e33100,2026-01-02T09:04:37.000Z,union.coop,business,instagram,Story,Media only,https://instagram.com/p/18108200686647202,,,,0,,,,,936,,,,,,20,164,1009
6aa9879c2113a9dd89e330fe,2026-01-02T09:06:34.000Z,union.coop,business,instagram,Story,Media only,https://instagram.com/p/18435136480104209,,,,0,,,,,914,,,,,,17,85,948
6aa9879c2113a9dd89e330f8,2026-01-02T10:00:50.000Z,union.coop,business,instagram,Story,Media only,https://instagram.com/p/17910281382269657,,,,0,,994,,,850,,,,98.28973843058351,,17,83,890
6aa9879c2113a9dd89e330f6,2026-01-02T10:00:49.000Z,union.coop,business,instagram,Story,Media only,https://instagram.com/p/18065031707199023,,,,0,,969,,,855,,,,98.55521155830753,,14,39,905
6aa9879c2113a9dd89e330f4,2026-01-01T11:03:02.000Z,union.coop,business,instagram,Story,Winner of the last draw on December 31,https://instagram.com/p/18138721342420653,,,,0,,,,,942,,,,,,204,23,728
6aa9879c2113a9dd89e330f2,2026-01-02T09:04:35.000Z,union.coop,business,instagram,Story,Media only,https://instagram.com/p/18076428443459435,,,,0,,,,,956,,,,,,16,67,1014
6aa9879c2113a9dd89e330f0,2026-01-09T05:04:12.000Z,union.coop,business,instagram,Story,Media only,https://instagram.com/p/18075345587358414,,,,0,,,,,953,,,,,,27,40,985
6aa9879c2113a9dd89e330ee,2026-01-02T09:04:33.000Z,union.coop,business,instagram,Story,Media only,https://instagram.com/p/18013796621805348,,,,0,,,,,993,,,,,,30,68,990
6aa9879c2113a9dd89e330ec,2026-01-13T06:37:56.000Z,union.coop,business,instagram,Story,Media only,https://instagram.com/p/18066054023230051,,,,0,,,,,1052,,,,,,43,58,1047
6aa9879c2113a9dd89e330e6,2026-01-02T09:06:38.000Z,union.coop,business,instagram,Story,Media only,https://instagram.com/p/18119562184565220,,,,0,,,,,878,,,,,,30,30,852
6aa9879c2113a9dd89e330da,2026-01-02T09:06:35.000Z,union.coop,business,instagram,Story,Media only,https://instagram.com/p/18085380896115132,,,,0,,,,,900,,,,,,11,82,940
6aa9879c2113a9dd89e330d6,2026-01-16T06:59:11.000Z,union.coop,business,instagram,Story,Media only,https://instagram.com/p/18069779357402402,,,,0,,1275,,,1090,,,,94.74509803921569,,67,85,1007
6aa9879c2113a9dd89e330d2,2026-01-09T05:04:14.000Z,union.coop,business,instagram,Story,Media only,https://instagram.com/p/17869242309433771,,,,0,,,,,921,,,,,,20,100,943
6aa9879c2113a9dd89e330d0,2026-01-13T06:38:03.000Z,union.coop,business,instagram,Story,Media only,https://instagram.com/p/18033346805560718,,,,0,,,,,906,,,,,,138,83,825
6aa9879c2113a9dd89e330cc,2026-01-09T05:04:08.000Z,union.coop,business,instagram,Story,Media only,https://instagram.com/p/18060075365305833,,,,0,,,,,1107,,,,,,102,16,936
6aa9879c2113a9dd89e330c6,2026-01-02T10:00:48.000Z,union.coop,business,instagram,Story,Media only,https://instagram.com/p/18046710341492848,,,,0,,941,,,884,,,,96.70563230605738,,31,18,857
6aa9879c2113a9dd89e330c0,2026-01-13T06:37:59.000Z,union.coop,business,instagram,Story,Media only,https://instagram.com/p/18439885870107693,,,,0,,,,,973,,,,,,13,67,1003
6aa9879c2113a9dd89e330b6,2026-01-13T06:37:57.000Z,union.coop,business,instagram,Story,Media only,https://instagram.com/p/18081683143958582,,,,0,,,,,1003,,,,,,24,124,1013
6aa9879c2113a9dd89e330b2,2026-01-13T06:37:55.000Z,union.coop,business,instagram,Story,Media only,https://instagram.com/p/18075708926583875,,,,0,,,,,1147,,,,,,132,7,904
6aa9879c2113a9dd89e330b0,2026-01-13T06:37:58.000Z,union.coop,business,instagram,Story,Media only,https://instagram.com/p/18096996811919303,,,,0,,,,,989,,,,,,21,83,975
6aa9879c2113a9dd89e330ae,2026-01-09T05:04:11.000Z,union.coop,business,instagram,Story,Media only,https://instagram.com/p/17982899912782277,,,,0,,,,,964,,,,,,18,50,957
6aa9879c2113a9dd89e330a8,2026-01-09T05:04:13.000Z,union.coop,business,instagram,Story,Media only,https://instagram.com/p/17997743000717920,,,,0,,,,,934,,,,,,19,114,974
6aa9879c2113a9dd89e330a0,2026-01-02T09:04:32.000Z,union.coop,business,instagram,Story,Media only,https://instagram.com/p/18084150101158670,,,,0,,,,,1078,,,,,,92,15,911
6aa9879c2113a9dd89e3309a,2026-01-02T10:00:56.000Z,union.coop,business,instagram,Story,Media only,https://instagram.com/p/18574928005009119,,,,0,,849,,,810,,,,84.33451118963487,,133,21,687
6aa9879c2113a9dd89e33096,2026-01-13T06:38:02.000Z,union.coop,business,instagram,Story,Media only,https://instagram.com/p/18036423413729841,,,,0,,,,,936,,,,,,16,141,946
6aa9879c2113a9dd89e33094,2026-01-02T10:00:52.000Z,union.coop,business,instagram,Story,Media only,https://instagram.com/p/17916811227246473,,,,0,,984,,,847,,,,98.6788617886179,,13,94,873
6aa9879c2113a9dd89e33092,2026-01-09T05:04:10.000Z,union.coop,business,instagram,Story,Media only,https://instagram.com/p/18087327887079218,,,,0,,,,,977,,,,,,22,61,977
6aa9879c2113a9dd89e3308e,2026-01-09T05:04:15.000Z,union.coop,business,instagram,Story,Media only,https://instagram.com/p/18082900552906749,,,,0,,,,,904,,,,,,21,85,908
6aa9879c2113a9dd89e3308c,2026-01-02T10:00:55.000Z,union.coop,business,instagram,Story,Media only,https://instagram.com/p/18073468805604820,,,,0,,885,,,823,,,,96.72316384180792,,29,68,790
6aa9879c2113a9dd89e33088,2026-01-02T10:00:51.000Z,union.coop,business,instagram,Story,Media only,https://instagram.com/p/17946622695086258,,,,0,,998,,,850,,,,98.79759519038076,,12,72,897
6aa9879c2113a9dd89e3307c,2026-01-02T10:00:53.000Z,union.coop,business,instagram,Story,Media only,https://instagram.com/p/18079993933950530,,,,0,,943,,,843,,,,98.83351007423119,,11,68,860
6aa8e20cab74196214b9adad,2026-09-15T05:00:43.000Z,union.coop,business,instagram,Story,Media only,https://www.instagram.com/stories/union.coop/3986505567041639439,,,,0,0.00,,,,509,,,,0.9155206286836935,,43,,
6aa80de5c2e5d6b1e2969773,2026-09-14T13:35:17.000Z,union.coop,business,instagram,Story,Media only,https://www.instagram.com/stories/union.coop/3986039859736220691,,,,0,0.00,,,,662,,,,0.9368421052631579,,42,,
6aa80de5c2e5d6b1e2969770,2026-09-14T13:35:19.000Z,union.coop,business,instagram,Story,Media only,https://www.instagram.com/stories/union.coop/3986039879399299271,,,,0,0.00,,,,596,,,,0.9865771812080537,,8,,
6aa80de5c2e5d6b1e296976e,2026-09-14T13:35:21.000Z,union.coop,business,instagram,Story,Media only,https://www.instagram.com/stories/union.coop/3986039895840930838,,,,0,0.00,,,,582,,,,0.979381443298969,,12,,
6aa80de5c2e5d6b1e296976c,2026-09-14T13:35:20.000Z,union.coop,business,instagram,Story,Media only,https://www.instagram.com/stories/union.coop/3986039886705832693,,,,0,0.00,,,,588,,,,0.9812925170068028,,11,,
6aa80de5c2e5d6b1e296976a,2026-09-14T13:35:24.000Z,union.coop,business,instagram,Story,Media only,https://www.instagram.com/stories/union.coop/3986039963754974173,,,,0,0.00,,,,566,,,,0.9823321554770318,,10,,
6aa80de5c2e5d6b1e2969768,2026-09-14T13:35:22.000Z,union.coop,business,instagram,Story,Media only,https://www.instagram.com/stories/union.coop/3986039958436759316,,,,0,0.00,,,,574,,,,0.9895470383275261,,6,,
6aa80de5c2e5d6b1e296975d,2026-09-14T13:35:18.000Z,union.coop,business,instagram,Story,Media only,https://www.instagram.com/stories/union.coop/3986039867202313515,,,,0,0.00,,,,612,,,,0.9689542483660131,,19,,
6aa80de5c2e5d6b1e296975a,2026-09-14T13:35:23.000Z,union.coop,business,instagram,Story,Media only,https://www.instagram.com/stories/union.coop/3986039962421422867,,,,0,0.00,,,,569,,,,0.9824253075571178,,10,,
6aa80de5c2e5d6b1e2969754,2026-09-14T13:35:25.000Z,union.coop,business,instagram,Story,Media only,https://www.instagram.com/stories/union.coop/3986039968855426858,,,,0,0.00,,,,562,,,,0.9857651245551602,,8,,
6aa78ddd814e24d506f54d65,2026-09-14T04:46:02.000Z,union.coop,business,instagram,Story,Media only,https://www.instagram.com/stories/union.coop/3985773450808627715,,,,0,0.00,,,,549,,,,0.9781420765027322,,12,,
6aa78ddd814e24d506f54d63,2026-09-14T04:45:58.000Z,union.coop,business,instagram,Story,Media only,https://www.instagram.com/stories/union.coop/3985773425307325078,,,,0,0.00,,,,595,,,,0.9498327759197325,,30,,
6aa78ddd814e24d506f54d51,2026-09-14T04:46:03.000Z,union.coop,business,instagram,Story,Media only,https://www.instagram.com/stories/union.coop/3985773457796306712,,,,0,0.00,,,,546,,,,0.9871794871794872,,7,,
6aa78ddd814e24d506f54d4f,2026-09-14T04:46:05.000Z,union.coop,business,instagram,Story,Media only,https://www.instagram.com/stories/union.coop/3985773522304784151,,,,0,0.00,,,,533,,,,0.975609756097561,,13,,
6aa78ddd814e24d506f54d4d,2026-09-14T04:46:04.000Z,union.coop,business,instagram,Story,Media only,https://www.instagram.com/stories/union.coop/3985773466419791728,,,,0,0.00,,,,538,,,,0.9795539033457249,,11,,
6aa78ddd814e24d506f54d4b,2026-09-14T04:45:59.000Z,union.coop,business,instagram,Story,Media only,https://www.instagram.com/stories/union.coop/3985773433662310629,,,,0,0.00,,,,580,,,,0.9742710120068611,,15,,
6aa78ddd814e24d506f54d49,2026-09-14T04:46:01.000Z,union.coop,business,instagram,Story,Media only,https://www.instagram.com/stories/union.coop/3985773442948600329,,,,0,0.00,,,,567,,,,0.9682539682539683,,18,,
6aa78ddd814e24d506f54d47,2026-09-14T05:38:21.000Z,union.coop,business,instagram,Story,Media only,https://www.instagram.com/stories/union.coop/3985799749203741288,,,,0,0.00,,,,542,,,,0.8579335793357934,,77,,
6aa78ddd814e24d506f54d43,2026-09-14T04:45:57.000Z,union.coop,business,instagram,Story,Media only,https://www.instagram.com/stories/union.coop/3985773426917818530,,,,0,0.00,,,,650,,,,0.9079939668174962,,61,,
6aa78ddd814e24d506f54d41,2026-09-14T04:46:00.000Z,union.coop,business,instagram,Story,Media only,https://www.instagram.com/stories/union.coop/3985773435465970462,,,,0,0.00,,,,571,,,,0.9825479930191972,,10,,
6aa6e407fdbc8b9eeda193be,2026-09-13T15:33:08.000Z,union.coop,business,instagram,Story,Media only,https://www.instagram.com/stories/union.coop/3985374321578110507,,,,0,0.00,,,,559,,,,0.8226950354609929,,100,,
6aa6b99a0067adab3715ef13,2026-09-13T14:03:02.000Z,union.coop,business,instagram,Story,Media only,https://www.instagram.com/stories/union.coop/3985328965373068238,,,,0,0.00,,,,584,,,,0.8886986301369864,,65,,
6aa53bc6f31d60b2171ba1aa,2026-09-12T11:31:21.000Z,union.coop,business,instagram,Story,Media only,https://www.instagram.com/stories/union.coop/3984527854347528923,,,,0,0.00,,,,646,,,,0.7693498452012384,,149,,
6aa4e6ea1bcc4ee67996d00f,2026-09-12T04:04:13.000Z,union.coop,business,instagram,Story,Media only,https://www.instagram.com/stories/union.coop/3984302815586733375,,,,0,0.00,,,,572,,,,0.9230769230769231,,44,,
6aa4e6ea1bcc4ee67996d00d,2026-09-12T04:04:14.000Z,union.coop,business,instagram,Story,Media only,https://www.instagram.com/stories/union.coop/3984302816702293824,,,,0,0.00,,,,525,,,,0.8361904761904762,,86,,
6aa43d2f988bca41d777d75d,2026-09-11T15:28:24.000Z,union.coop,business,instagram,Story,Media only,https://www.instagram.com/stories/union.coop/3983922456569617618,,,,0,0.00,,,,585,,,,0.811965811965812,,110,,
6aa3935891d71cc2bb8dad3f,2026-09-11T04:57:54.000Z,union.coop,business,instagram,Story,Media only,https://www.instagram.com/stories/union.coop/3983605101773257339,,,,0,0.00,,,,477,,,,0.9853249475890985,,7,,
6aa3935891d71cc2bb8dad2e,2026-09-11T04:57:57.000Z,union.coop,business,instagram,Story,Media only,https://www.instagram.com/stories/union.coop/3983605119498331789,,,,0,0.00,,,,456,,,,0.9627192982456141,,17,,
6aa3935891d71cc2bb8dad2b,2026-09-11T04:46:50.000Z,union.coop,business,instagram,Story,Media only,https://www.instagram.com/stories/union.coop/3983599782127531040,,7,,1,1.17,705,,,614,,,,86.066763425254,7,101,9,463
6aa3935891d71cc2bb8dad29,2026-09-11T04:57:56.000Z,union.coop,business,instagram,Story,Media only,https://www.instagram.com/stories/union.coop/3983605113442008996,,,,0,0.00,,,,466,,,,0.9806866952789699,,9,,
6aa3935891d71cc2bb8dad26,2026-09-11T04:57:51.000Z,union.coop,business,instagram,Story,Media only,https://www.instagram.com/stories/union.coop/3983605087294461171,,,,0,0.00,,,,500,,,,0.974,,13,,
6aa3935891d71cc2bb8dad24,2026-09-11T04:57:53.000Z,union.coop,business,instagram,Story,Media only,https://www.instagram.com/stories/union.coop/3983605093862799317,,,,0,0.00,,,,481,,,,0.9854469854469854,,7,,
6aa3935891d71cc2bb8dad22,2026-09-11T04:57:50.000Z,union.coop,business,instagram,Story,Media only,https://www.instagram.com/stories/union.coop/3983605086170496554,,,,0,0.00,,,,528,,,,0.9318181818181819,,36,,
6aa3935891d71cc2bb8dad20,2026-09-11T04:57:52.000Z,union.coop,business,instagram,Story,Media only,https://www.instagram.com/stories/union.coop/3983605094743770181,,,,0,0.00,,,,489,,,,0.9734151329243353,,13,,
6aa3935891d71cc2bb8dad1e,2026-09-11T04:57:58.000Z,union.coop,business,instagram,Story,Media only,https://www.instagram.com/stories/union.coop/3983605125966028200,,,,0,0.00,,,,451,,,,0.8603104212860311,,63,,
6aa3935891d71cc2bb8dad1c,2026-09-11T04:57:55.000Z,union.coop,business,instagram,Story,Media only,https://www.instagram.com/stories/union.coop/3983605107007728624,,,,0,0.00,,,,461,,,,0.9783080260303688,,10,,
6aa26a5acb28d41bd8a1c914,2026-09-10T06:58:33.000Z,union.coop,business,instagram,Story,Media only,https://www.instagram.com/stories/union.coop/3982940995340888410,,,,0,0.00,,,,521,,,,0.7792706333973128,,115,,
6aa23fea12b5e58076ac5c92,2026-09-10T05:02:05.000Z,union.coop,business,instagram,Story,Media only,https://www.instagram.com/stories/union.coop/3982882375756567860,,,,0,0.00,,,,561,,,,0.9322638146167558,,38,,
6aa16adaae6874f36d09ed5c,2026-09-09T12:20:36.000Z,union.coop,business,instagram,Story,Media only,https://www.instagram.com/stories/union.coop/3982378314250584153,,,,0,0.00,,,,478,,,,0.8117154811715481,,90,,
6aa140499f1d9bc5ec04e3b4,2026-09-09T10:11:33.000Z,union.coop,business,instagram,Story,Media only,https://www.instagram.com/stories/union.coop/3982313431981677386,,,,0,0.00,,,,548,,,,0.8686131386861313,,72,,
6aa140499f1d9bc5ec04e3ae,2026-09-09T10:49:24.000Z,union.coop,business,instagram,Story,Media only,https://www.instagram.com/stories/union.coop/3982332414372379965,,,,0,0.00,,,,499,,,,0.9258517034068137,,37,,
6aa140499f1d9bc5ec04e3a9,2026-09-09T10:54:28.000Z,union.coop,business,instagram,Story,Media only,https://www.instagram.com/stories/union.coop/3982334987251062258,,,,0,0.00,,,,459,,,,0.9019607843137255,,45,,
6aa115dbf4035a4be0d2e218,2026-09-09T05:45:15.000Z,union.coop,business,instagram,Story,Media only,https://www.instagram.com/stories/union.coop/3982179331955975717,,,,0,0.00,,,,563,,,,0.9484902309058615,,29,,
6aa115dbf4035a4be0d2e215,2026-09-09T06:17:11.000Z,union.coop,business,instagram,Story,Media only,https://www.instagram.com/stories/union.coop/3982195401005622976,,,,0,0.00,,,,522,,,,0.8984674329501916,,53,,
6aa115dbf4035a4be0d2e210,2026-09-09T06:15:39.000Z,union.coop,business,instagram,Story,Media only,https://www.instagram.com/stories/union.coop/3982194624782555680,,,,0,0.00,,,,611,,,,0.9607201309328969,,24,,
6aa041ba2acdcbe35425c309,2026-09-08T16:01:58.000Z,union.coop,business,instagram,Story,"من أرشيفنا في الثمانينات

From our 80’s archives",https://www.instagram.com/stories/union.coop/3981764953007968553,,,,0,0.00,,,,617,,,,0.9594813614262561,,25,,
6aa041ba2acdcbe35425c307,2026-09-08T16:02:11.000Z,union.coop,business,instagram,Story,Media only,https://www.instagram.com/stories/union.coop/3981765082964153350,,,,0,0.00,,,,577,,,,0.8588640275387264,,82,,
6aa041ba2acdcbe35425c303,2026-09-08T14:33:22.000Z,union.coop,business,instagram,Story,Media only,https://www.instagram.com/stories/union.coop/3981720357817217689,,3,,0,0.41,852,,,726,,,,86.26760563380282,3,117,3,573
6aa041ba2acdcbe35425c300,2026-09-08T15:41:19.000Z,union.coop,business,instagram,Story,Media only,https://www.instagram.com/stories/union.coop/3981754555110167350,,,,0,0.00,,,,634,,,,0.9088050314465409,,58,,
6aa041ba2acdcbe35425c2fe,2026-09-08T16:02:09.000Z,union.coop,business,instagram,Story,Media only,https://www.instagram.com/stories/union.coop/3981765065213938271,,,,0,0.00,,,,597,,,,0.9717607973421927,,17,,
6aa041ba2acdcbe35425c2fc,2026-09-08T14:41:00.000Z,union.coop,business,instagram,Story,Media only,https://www.instagram.com/stories/union.coop/3981724202517539016,,,,0,0.00,,,,667,,,,0.9090909090909091,,61,,
6aa041ba2acdcbe35425c2fa,2026-09-08T16:02:10.000Z,union.coop,business,instagram,Story,Media only,https://www.instagram.com/stories/union.coop/3981765072444741543,,,,0,0.00,,,,585,,,,0.979557069846678,,12,,
6a9ec19c66ef6862ce2d63d2,2026-09-07T11:50:01.000Z,union.coop,business,instagram,Story,Media only,https://www.instagram.com/stories/union.coop/3980913458125259350,,,,0,0.00,,,,568,,,,0.9534482758620689,,27,,
6a9ec19c66ef6862ce2d63d0,2026-09-07T11:50:02.000Z,union.coop,business,instagram,Story,Media only,https://www.instagram.com/stories/union.coop/3980913465113012193,,,,0,0.00,,,,559,,,,0.9787234042553191,,12,,
6a9ec19c66ef6862ce2d63ba,2026-09-07T11:50:05.000Z,union.coop,business,instagram,Story,Media only,https://www.instagram.com/stories/union.coop/3980913485088378504,,,,0,0.00,,,,546,,,,0.9908759124087592,,5,,
6a9ec19c66ef6862ce2d63b8,2026-09-07T11:50:07.000Z,union.coop,business,instagram,Story,Media only,https://www.instagram.com/stories/union.coop/3980913509975445596,,,,0,0.00,,,,539,,,,0.9853211009174312,,8,,
6a9ec19c66ef6862ce2d63b6,2026-09-07T11:50:04.000Z,union.coop,business,instagram,Story,Media only,https://www.instagram.com/stories/union.coop/3980913484584019439,,,,0,0.00,,,,550,,,,0.9873646209386282,,7,,
6a9ec19c66ef6862ce2d63b4,2026-09-07T11:50:08.000Z,union.coop,business,instagram,Story,Media only,https://www.instagram.com/stories/union.coop/3980913523146569192,,,,0,0.00,,,,527,,,,0.975609756097561,,13,,
6a9ec19c66ef6862ce2d63b2,2026-09-07T11:50:06.000Z,union.coop,business,instagram,Story,Media only,https://www.instagram.com/stories/union.coop/3980913489993754272,,,,0,0.00,,,,546,,,,0.9872727272727273,,7,,
6a9ec19c66ef6862ce2d63b0,2026-09-07T11:50:03.000Z,union.coop,business,instagram,Story,Media only,https://www.instagram.com/stories/union.coop/3980913480480969191,,,,0,0.00,,,,555,,,,0.9946236559139785,,3,,
6a9ec19c66ef6862ce2d63ac,2026-09-07T11:50:10.000Z,union.coop,business,instagram,Story,Media only,https://www.instagram.com/stories/union.coop/3980913527088008967,,,,0,0.00,,,,512,,,,0.9825918762088974,,9,,
6a9ec19c66ef6862ce2d63a9,2026-09-07T11:50:09.000Z,union.coop,business,instagram,Story,Media only,https://www.instagram.com/stories/union.coop/3980913523237744168,,,,0,0.00,,,,524,,,,0.9848484848484849,,8,,
6a9ec19c66ef6862ce2d63a7,2026-09-07T11:50:22.000Z,union.coop,business,instagram,Story,Media only,https://www.instagram.com/stories/union.coop/3980913681430022298,,,,0,0.00,,,,488,,,,0.8121212121212121,,93,,
6a9e96be607e920c7f347a72,2026-09-07T08:10:04.000Z,union.coop,business,instagram,Story,Media only,https://www.instagram.com/stories/union.coop/3980802755358998767,,2,,0,0.52,451,,,385,,,,87.58314855875831,2,56,16,324
6a9d98311d159f3b95069e1f,2026-09-06T14:39:55.000Z,union.coop,business,instagram,Story,Media only,https://www.instagram.com/stories/union.coop/3980274107643460795,,,,0,0.00,,,,525,,,,0.800376647834275,,106,,
6a9d43531d159f3b95fd175a,2026-09-06T08:27:10.000Z,union.coop,business,instagram,Story,Media only,https://www.instagram.com/stories/union.coop/3980086565711407298,,,,0,0.00,,,,489,,,,0.8793456032719836,,59,,
6a9d43531d159f3b95fd1758,2026-09-06T08:13:50.000Z,union.coop,business,instagram,Story,Media only,https://www.instagram.com/stories/union.coop/3980079890661128167,,,,0,0.00,,,,497,,,,0.9195171026156942,,40,,
6a9d18ed89adfcc12ce0effa,2026-09-06T05:28:42.000Z,union.coop,business,instagram,Story,Media only,https://www.instagram.com/stories/union.coop/3979996678942970505,,,,0,0.00,,,,619,,,,0.8562197092084006,,89,,
6a9d18ed89adfcc12ce0eff8,2026-09-06T07:37:03.000Z,union.coop,business,instagram,Story,Media only,https://www.instagram.com/stories/union.coop/3980061276669447862,,,,0,0.00,,,,514,,,,0.9396887159533074,,31,,
6a9d18ed89adfcc12ce0eff6,2026-09-06T07:37:02.000Z,union.coop,business,instagram,Story,Media only,https://www.instagram.com/stories/union.coop/3980061271048559779,,,,0,0.00,,,,557,,,,0.8994614003590664,,56,,
6a9c1a6508070d5ab9a2c571,2026-09-05T11:19:07.000Z,union.coop,business,instagram,Story,Media only,https://www.instagram.com/stories/union.coop/3979448265004506417,,,,0,0.00,,,,514,,,,0.7996108949416343,,103,,
6a9bc58c922f6e94f2a620e3,2026-09-05T07:04:22.000Z,union.coop,business,instagram,Story,Media only,https://www.instagram.com/stories/union.coop/3979320164667127085,,,,0,0.00,,,,486,,,,0.8436213991769548,,76,,
6a9b9b1ff09ae2f5232f5219,2026-09-05T04:13:20.000Z,union.coop,business,instagram,Story,Media only,https://www.instagram.com/stories/union.coop/3979233974020045039,,,,0,0.00,,,,542,,,,0.8988970588235294,,55,,
6a9b9b1ff09ae2f5232f520b,2026-09-05T04:13:21.000Z,union.coop,business,instagram,Story,Media only,https://www.instagram.com/stories/union.coop/3979233979380520711,,,,0,0.00,,,,491,,,,0.9103869653767821,,44,,
6a9af1417260bc5b6be76a8f,2026-09-04T13:35:48.000Z,union.coop,business,instagram,Story,Media only,https://www.instagram.com/stories/union.coop/3978792394883124802,,,,0,0.00,,,,478,,,,0.897489539748954,,49,,
6a9af1417260bc5b6be76a86,2026-09-04T13:40:02.000Z,union.coop,business,instagram,Story,Media only,https://www.instagram.com/stories/union.coop/3978794737200552988,,,,0,0.00,,,,431,,,,0.9559164733178654,,19,,
6a9af1417260bc5b6be76a82,2026-09-04T13:35:56.000Z,union.coop,business,instagram,Story,Media only,https://www.instagram.com/stories/union.coop/3978792558158995087,,,,0,0.00,,,,438,,,,0.952054794520548,,21,,
6a9af1417260bc5b6be76a7f,2026-09-04T13:40:27.000Z,union.coop,business,instagram,Story,Media only,https://www.instagram.com/stories/union.coop/3978795312944262190,,,,0,0.00,,,,411,,,,0.851581508515815,,61,,
6a9ac6ca7acd71b7753a7ec1,2026-09-04T10:34:32.000Z,union.coop,business,instagram,Story,Media only,https://www.instagram.com/stories/union.coop/3978701156481802516,,,,0,0.00,,,,444,,,,0.8806306306306306,,53,,
6a9a71f77d7bcdb16fd9a62e,2026-09-04T07:06:47.000Z,union.coop,business,instagram,Story,Media only,https://www.instagram.com/stories/union.coop/3978596560859819052,,,,0,0.00,,,,461,,,,0.9575371549893843,,20,,
6a9a71f77d7bcdb16fd9a623,2026-09-04T06:13:37.000Z,union.coop,business,instagram,Story,Media only,https://www.instagram.com/stories/union.coop/3978569740047275267,,,,0,0.00,,,,557,,,,0.8710247349823321,,73,,
6a9a71f77d7bcdb16fd9a620,2026-09-04T07:06:51.000Z,union.coop,business,instagram,Story,Media only,https://www.instagram.com/stories/union.coop/3978596588366060070,,,,0,0.00,,,,436,,,,0.9796839729119639,,9,,
6a9a71f77d7bcdb16fd9a61e,2026-09-04T07:06:52.000Z,union.coop,business,instagram,Story,Media only,https://www.instagram.com/stories/union.coop/3978596595747866289,,,,0,0.00,,,,430,,,,0.9633867276887872,,16,,
6a9a71f77d7bcdb16fd9a61c,2026-09-04T07:06:54.000Z,union.coop,business,instagram,Story,Media only,https://www.instagram.com/stories/union.coop/3978596660306577213,,,,0,0.00,,,,419,,,,0.9341176470588235,,28,,
6a9a71f77d7bcdb16fd9a618,2026-09-04T07:06:50.000Z,union.coop,business,instagram,Story,Media only,https://www.instagram.com/stories/union.coop/3978596581579637516,,,,0,0.00,,,,443,,,,0.9688888888888889,,14,,
6a9a71f77d7bcdb16fd9a616,2026-09-04T07:06:48.000Z,union.coop,business,instagram,Story,Media only,https://www.instagram.com/stories/union.coop/3978596568661039132,,,,0,0.00,,,,448,,,,0.975929978118162,,11,,
6a9a71f77d7bcdb16fd9a614,2026-09-04T07:06:49.000Z,union.coop,business,instagram,Story,Media only,https://www.instagram.com/stories/union.coop/3978596574969390868,,,,0,0.00,,,,449,,,,0.9803921568627451,,9,,
6a9a71f77d7bcdb16fd9a612,2026-09-04T07:06:53.000Z,union.coop,business,instagram,Story,Media only,https://www.instagram.com/stories/union.coop/3978596640165639809,,,,0,0.00,,,,420,,,,0.9836065573770492,,7,,
6a9a71f77d7bcdb16fd9a610,2026-09-04T07:06:46.000Z,union.coop,business,instagram,Story,Media only,https://www.instagram.com/stories/union.coop/3978596551229471967,,,,0,0.00,,,,479,,,,0.9488752556237219,,25,,
6a991dcfd7f25d0e1b97902a,2026-09-03T06:21:26.000Z,union.coop,business,instagram,Story,Media only,https://www.instagram.com/stories/union.coop/3977849082778677927,,,,0,0.00,,,,494,,,,0.9898785425101214,,5,,
6a991dcfd7f25d0e1b979026,2026-09-03T06:21:19.000Z,union.coop,business,instagram,Story,Media only,https://www.instagram.com/stories/union.coop/3977848905082662780,,,,0,0.00,,,,611,,,,0.8903436988543372,,67,,
6a991dcfd7f25d0e1b979024,2026-09-03T06:21:25.000Z,union.coop,business,instagram,Story,Media only,https://www.instagram.com/stories/union.coop/3977849082669481024,,,,0,0.00,,,,503,,,,0.9761431411530815,,12,,
6a991dcfd7f25d0e1b979021,2026-09-03T06:21:21.000Z,union.coop,business,instagram,Story,Media only,https://www.instagram.com/stories/union.coop/3977848977140777324,,,,0,0.00,,,,527,,,,0.9867172675521821,,7,,
6a991dcfd7f25d0e1b97901f,2026-09-03T06:21:22.000Z,union.coop,business,instagram,Story,Media only,https://www.instagram.com/stories/union.coop/3977848988247267282,,,,0,0.00,,,,523,,,,0.982791586998088,,9,,
6a991dcfd7f25d0e1b97901d,2026-09-03T06:21:23.000Z,union.coop,business,instagram,Story,Media only,https://www.instagram.com/stories/union.coop/3977849008094857278,,,,0,0.00,,,,519,,,,0.9807321772639692,,10,,
6a991dcfd7f25d0e1b97901b,2026-09-03T06:21:24.000Z,union.coop,business,instagram,Story,Media only,https://www.instagram.com/stories/union.coop/3977849053754041582,,,,0,0.00,,,,513,,,,0.9746588693957114,,13,,
6a991dcfd7f25d0e1b979019,2026-09-03T06:21:27.000Z,union.coop,business,instagram,Story,Media only,https://www.instagram.com/stories/union.coop/3977849084657692570,,,,0,0.00,,,,476,,,,0.8427672955974843,,75,,
6a981e17a5ec97601af63eac,2026-09-02T10:39:54.000Z,union.coop,business,instagram,Story,Media only,https://www.instagram.com/stories/union.coop/3977254312358733357,,,,0,0.00,,,,555,,,,0.8936936936936937,,59,,
6a981e17a5ec97601af63eaa,2026-09-02T12:30:56.000Z,union.coop,business,instagram,Story,Media only,https://www.instagram.com/stories/union.coop/3977310083240544785,,,,0,0.00,,,,546,,,,0.822992700729927,,97,,
6a97f38527a139371e190f23,2026-09-02T09:43:32.000Z,union.coop,business,instagram,Story,Media only,https://www.instagram.com/stories/union.coop/3977225828095237748,,,,0,0.00,,,,581,,,,0.9122203098106713,,51,,
6a97f38527a139371e190f21,2026-09-02T09:43:08.000Z,union.coop,business,instagram,Story,Media only,https://www.instagram.com/stories/union.coop/3977225679699231358,,,,0,0.00,,,,625,,,,0.9136,,54,,
6a97c8d5a6937c072f8257f0,2026-09-02T05:54:53.000Z,union.coop,business,instagram,Story,Media only,https://www.instagram.com/stories/union.coop/3977110746795520133,,,,0,0.00,,,,645,,,,0.8620155038759689,,89,,
6a95c9f41ff2a3413c2b830d,2026-08-31T17:05:54.000Z,union.coop,business,instagram,Story,Media only,https://www.instagram.com/stories/union.coop/3975999244825268586,,,,0,0.00,,,,482,,,,0.9273858921161826,,35,,
6a95c9f41ff2a3413c2b8309,2026-08-31T17:07:22.000Z,union.coop,business,instagram,Story,Media only,https://www.instagram.com/stories/union.coop/3975999943931865983,,,,0,0.00,,,,455,,,,0.756043956043956,,111,,
6a959f88d1b59e81369ee720,2026-08-31T13:24:56.000Z,union.coop,business,instagram,Story,Media only,https://www.instagram.com/stories/union.coop/3975887784889274658,,,,0,0.00,,,,525,,,,0.9771428571428571,,12,,
6a959f88d1b59e81369ee715,2026-08-31T15:31:10.000Z,union.coop,business,instagram,Story,Media only,https://www.instagram.com/stories/union.coop/3975951534936382152,,,,0,0.00,,,,489,,,,0.9652351738241309,,17,,
6a959f88d1b59e81369ee70c,2026-08-31T13:24:59.000Z,union.coop,business,instagram,Story,Media only,https://www.instagram.com/stories/union.coop/3975887804610706955,,,,0,0.00,,,,498,,,,0.9899598393574297,,5,,
6a959f88d1b59e81369ee70a,2026-08-31T13:24:55.000Z,union.coop,business,instagram,Story,Media only,https://www.instagram.com/stories/union.coop/3975887785308614545,,,,0,0.00,,,,538,,,,0.9572490706319703,,23,,
6a959f88d1b59e81369ee708,2026-08-31T13:25:02.000Z,union.coop,business,instagram,Story,Media only,https://www.instagram.com/stories/union.coop/3975887869261652637,,,,0,0.00,,,,487,,,,0.9774127310061602,,11,,
6a959f88d1b59e81369ee706,2026-08-31T13:24:58.000Z,union.coop,business,instagram,Story,Media only,https://www.instagram.com/stories/union.coop/3975887799242156224,,,,0,0.00,,,,506,,,,0.9802371541501976,,10,,
6a959f88d1b59e81369ee704,2026-08-31T15:31:01.000Z,union.coop,business,instagram,Story,Media only,https://www.instagram.com/stories/union.coop/3975951369034880720,,,,0,0.00,,,,504,,,,0.9563492063492064,,22,,
6a959f88d1b59e81369ee702,2026-08-31T13:25:04.000Z,union.coop,business,instagram,Story,Media only,https://www.instagram.com/stories/union.coop/3975887927000691095,,,,0,0.00,,,,480,,,,0.9791666666666666,,10,,
6a959f88d1b59e81369ee700,2026-08-31T15:31:41.000Z,union.coop,business,instagram,Story,Media only,https://www.instagram.com/stories/union.coop/3975951655530708040,,2,,0,0.48,529,,,480,,,,91.45299145299145,2,44,19,375
6a959f88d1b59e81369ee6fc,2026-08-31T13:25:00.000Z,union.coop,business,instagram,Story,Media only,https://www.instagram.com/stories/union.coop/3975887811564875706,,,,0,0.00,,,,497,,,,0.9919517102615694,,4,,
6a959f88d1b59e81369ee6f7,2026-08-31T13:24:57.000Z,union.coop,business,instagram,Story,Media only,https://www.instagram.com/stories/union.coop/3975887791314863925,,,,0,0.00,,,,512,,,,0.986328125,,7,,
6a959f88d1b59e81369ee6f4,2026-08-31T13:25:03.000Z,union.coop,business,instagram,Story,Media only,https://www.instagram.com/stories/union.coop/3975887877398630733,,,,0,0.00,,,,483,,,,0.9958592132505176,,2,,
6a959f88d1b59e81369ee6f2,2026-08-31T13:25:01.000Z,union.coop,business,instagram,Story,Media only,https://www.instagram.com/stories/union.coop/3975887820221851032,,,,0,0.00,,,,494,,,,0.9817813765182186,,9,,
6a9574608ca8cb1a848e39b1,2026-08-31T11:26:50.000Z,union.coop,business,instagram,Story,Media only,https://www.instagram.com/stories/union.coop/3975828413063156339,,,,0,0.00,,,,583,,,,0.8987993138936535,,59,,
6a951f8519f6cdce80acfe2d,2026-08-31T05:07:18.000Z,union.coop,business,instagram,Story,Media only,https://www.instagram.com/stories/union.coop/3975637244521779344,,6,,0,0.97,708,,,621,,,,81.02710413694722,6,134,22,447
6a944b6766b4f6c25873ea75,2026-08-30T13:35:41.000Z,union.coop,business,instagram,Story,Media only,https://www.instagram.com/stories/union.coop/3975168360570402011,,,,0,0.00,,,,597,,,,0.9246231155778895,,45,,
6a944b6766b4f6c25873ea71,2026-08-30T13:35:42.000Z,union.coop,business,instagram,Story,Media only,https://www.instagram.com/stories/union.coop/3975168359739274036,,4,,0,0.75,617,,,548,,,,85.61872909698997,4,89,21,430
6a93f694a5baffa3dded5c50,2026-08-30T07:34:06.000Z,union.coop,business,instagram,Story,Media only,https://www.instagram.com/stories/union.coop/3974986470338878794,,,,0,0.00,,,,583,,,,0.8542024013722127,,85,,
6a93f694a5baffa3dded5c4d,2026-08-30T06:37:39.000Z,union.coop,business,instagram,Story,Media only,https://www.instagram.com/stories/union.coop/3974957947654021921,,,,0,0.00,,,,656,,,,0.8536953242835595,,97,,
6a92cda290d9c22fbd889c24,2026-08-29T10:15:35.000Z,union.coop,business,instagram,Story,Media only,https://www.instagram.com/stories/union.coop/3974342968156389628,,,,0,0.00,,,,444,,,,0.7740492170022372,,101,,
6a92a335d34ae0462ac6ba82,2026-08-29T08:14:21.000Z,union.coop,business,instagram,Story,Media only,https://www.instagram.com/stories/union.coop/3974281848533712884,,,,0,0.00,,,,466,,,,0.9463519313304721,,25,,
6a92a335d34ae0462ac6ba80,2026-08-29T08:14:22.000Z,union.coop,business,instagram,Story,Media only,https://www.instagram.com/stories/union.coop/3974281851754895131,,,,0,0.00,,,,449,,,,0.9131403118040089,,39,,
6a92a335d34ae0462ac6ba7d,2026-08-29T06:47:01.000Z,union.coop,business,instagram,Story,Media only,https://www.instagram.com/stories/union.coop/3974237895935541524,,,,0,0.00,,,,477,,,,0.9685534591194969,,15,,
6a92a335d34ae0462ac6ba7b,2026-08-29T06:47:02.000Z,union.coop,business,instagram,Story,Media only,https://www.instagram.com/stories/union.coop/3974237900515668193,,,,0,0.00,,,,465,,,,0.9311827956989247,,32,,
6a9278c78c057744c4d3d2e5,2026-08-29T05:46:11.000Z,union.coop,business,instagram,Story,Media only,https://www.instagram.com/stories/union.coop/3974207264680083358,,,,0,0.00,,,,510,,,,0.9098039215686274,,46,,
6a9278c78c057744c4d3d2e1,2026-08-29T05:46:21.000Z,union.coop,business,instagram,Story,Media only,https://www.instagram.com/stories/union.coop/3974207348576307244,,,,0,0.00,,,,477,,,,0.9287211740041929,,34,,
6a9179c699ca6296824ee3aa,2026-08-28T10:41:30.000Z,union.coop,business,instagram,Story,Media only,https://www.instagram.com/stories/union.coop/3973631199173343776,,,,0,0.00,,,,470,,,,0.9765957446808511,,11,,
6a9179c699ca6296824ee3a4,2026-08-28T10:41:29.000Z,union.coop,business,instagram,Story,Media only,https://www.instagram.com/stories/union.coop/3973631194668623887,,,,0,0.00,,,,486,,,,0.9691358024691358,,15,,
6a9179c699ca6296824ee394,2026-08-28T10:41:35.000Z,union.coop,business,instagram,Story,Media only,https://www.instagram.com/stories/union.coop/3973631227962980078,,,,0,0.00,,,,453,,,,0.9801324503311258,,9,,
6a9179c699ca6296824ee392,2026-08-28T10:41:34.000Z,union.coop,business,instagram,Story,Media only,https://www.instagram.com/stories/union.coop/3973631221210118105,,,,0,0.00,,,,460,,,,0.9739130434782609,,12,,
6a9179c699ca6296824ee390,2026-08-28T10:41:36.000Z,union.coop,business,instagram,Story,Media only,https://www.instagram.com/stories/union.coop/3973631235395318689,,,,0,0.00,,,,448,,,,0.9642857142857143,,16,,
6a9179c699ca6296824ee38e,2026-08-28T10:41:37.000Z,union.coop,business,instagram,Story,Media only,https://www.instagram.com/stories/union.coop/3973631294342146074,,,,0,0.00,,,,437,,,,0.9748283752860412,,11,,
6a9179c699ca6296824ee388,2026-08-28T10:41:33.000Z,union.coop,business,instagram,Story,Media only,https://www.instagram.com/stories/union.coop/3973631214499166814,,,,0,0.00,,,,460,,,,0.991304347826087,,4,,
6a9179c699ca6296824ee386,2026-08-28T10:41:31.000Z,union.coop,business,instagram,Story,Media only,https://www.instagram.com/stories/union.coop/3973631207268334010,,,,0,0.00,,,,466,,,,0.9742489270386266,,12,,
6a9179c699ca6296824ee384,2026-08-28T10:41:38.000Z,union.coop,business,instagram,Story,Media only,https://www.instagram.com/stories/union.coop/3973631302965434804,,,,0,0.00,,,,432,,,,0.9652777777777778,,15,,
6a9179c699ca6296824ee382,2026-08-28T10:46:59.000Z,union.coop,business,instagram,Story,Media only,https://www.instagram.com/stories/union.coop/3973633987301645786,,,,0,0.00,,,,418,,,,0.8014354066985646,,83,,
6a914f5cd0681140d5a56933,2026-08-28T08:04:16.000Z,union.coop,business,instagram,Story,Media only,https://www.instagram.com/stories/union.coop/3973551993953324256,,,,0,0.00,,,,475,,,,0.9410526315789474,,28,,
6a914f5cd0681140d5a56930,2026-08-28T08:04:15.000Z,union.coop,business,instagram,Story,Media only,https://www.instagram.com/stories/union.coop/3973551994507065853,,,,0,0.00,,,,491,,,,0.9327902240325866,,33,,
6a914f5cd0681140d5a5692e,2026-08-28T09:03:31.000Z,union.coop,business,instagram,Story,Media only,https://www.instagram.com/stories/union.coop/3973581855315730224,,,,0,0.00,,,,479,,,,0.9206680584551148,,38,,
6a914f5cd0681140d5a5692c,2026-08-28T07:41:01.000Z,union.coop,business,instagram,Story,Media only,https://www.instagram.com/stories/union.coop/3973540285333927648,,,,0,0.00,,,,506,,,,0.9150197628458498,,43,,
6a914f5cd0681140d5a5692a,2026-08-28T07:35:54.000Z,union.coop,business,instagram,Story,Media only,https://www.instagram.com/stories/union.coop/3973537773289747817,,,,0,0.00,,,,543,,,,0.9097605893186004,,49,,
6a907b314aef8ab75f4989a1,2026-08-27T16:17:39.000Z,union.coop,business,instagram,Story,Media only,https://www.instagram.com/stories/union.coop/3973075607864483351,,,,0,0.00,,,,635,,,,0.7826771653543307,,138,,
6a8ffbe31fb9d6a742119802,2026-08-27T06:37:05.000Z,union.coop,business,instagram,Story,Media only,https://www.instagram.com/stories/union.coop/3972783390428027507,,,,0,0.00,,,,674,,,,0.7967359050445104,,137,,
6a8f50b0f5e9f7b19ab377ec,2026-08-26T17:56:58.000Z,union.coop,business,instagram,Story,Media only,https://www.instagram.com/stories/union.coop/3972400772169317179,,,,0,0.00,,,,686,,,,0.8994169096209913,,69,,
6a8f50b0f5e9f7b19ab377ea,2026-08-26T17:56:59.000Z,union.coop,business,instagram,Story,Media only,https://www.instagram.com/stories/union.coop/3972400771632277784,,,,0,0.00,,,,616,,,,0.836038961038961,,101,,
6a8dfb2631323979be8c3e15,2026-08-25T18:57:47.000Z,union.coop,business,instagram,Story,Media only,https://www.instagram.com/stories/union.coop/3971706964937868692,,,,0,0.00,,,,706,,,,0.8541076487252125,,103,,
6a8d2690d6042a1904f9e9fe,2026-08-25T03:59:10.000Z,union.coop,business,instagram,Story,Media only,https://www.instagram.com/stories/union.coop/3971254293874462493,,,,0,0.00,,,,714,,,,0.7631935047361299,,175,,
6a8c50fcbb72a2e3bc168f49,2026-08-24T13:03:21.000Z,union.coop,business,instagram,Story,Media only,https://www.instagram.com/stories/union.coop/3970803568027439917,,,,0,0.00,,,,476,,,,0.9748427672955975,,12,,
6a8c50fcbb72a2e3bc168f46,2026-08-24T13:03:22.000Z,union.coop,business,instagram,Story,Media only,https://www.instagram.com/stories/union.coop/3970803568547582643,,,,0,0.00,,,,469,,,,0.9745222929936306,,12,,
6a8c50fcbb72a2e3bc168f44,2026-08-24T13:03:16.000Z,union.coop,business,instagram,Story,Media only,https://www.instagram.com/stories/union.coop/3970803444312419279,,,,0,0.00,,,,497,,,,0.9879518072289156,,6,,
6a8c50fcbb72a2e3bc168f41,2026-08-24T11:17:32.000Z,union.coop,business,instagram,Story,Media only,https://www.instagram.com/stories/union.coop/3970750253296570892,,,,0,0.00,,,,511,,,,0.9129593810444874,,45,,
6a8c50fcbb72a2e3bc168f33,2026-08-24T13:03:14.000Z,union.coop,business,instagram,Story,Media only,https://www.instagram.com/stories/union.coop/3970803440394767509,,,,0,0.00,,,,508,,,,0.9766081871345029,,12,,
6a8c50fcbb72a2e3bc168f31,2026-08-24T13:03:15.000Z,union.coop,business,instagram,Story,Media only,https://www.instagram.com/stories/union.coop/3970803439119837110,,,,0,0.00,,,,499,,,,0.9860834990059643,,7,,
6a8c50fcbb72a2e3bc168f2c,2026-08-24T13:43:21.000Z,union.coop,business,instagram,Story,Media only,https://www.instagram.com/stories/union.coop/3970823613208617194,,1,,0,0.24,544,,,453,,,,80.20408163265307,1,98,31,323
6a8c50fcbb72a2e3bc168f29,2026-08-24T13:03:20.000Z,union.coop,business,instagram,Story,Media only,https://www.instagram.com/stories/union.coop/3970803552911752191,,,,0,0.00,,,,484,,,,0.9752066115702479,,12,,
6a8c50fcbb72a2e3bc168f26,2026-08-24T13:03:17.000Z,union.coop,business,instagram,Story,Media only,https://www.instagram.com/stories/union.coop/3970803452810086617,,,,0,0.00,,,,494,,,,0.9919517102615694,,4,,
6a8c50fcbb72a2e3bc168f24,2026-08-24T13:03:13.000Z,union.coop,business,instagram,Story,Media only,https://www.instagram.com/stories/union.coop/3970803427535061057,,,,0,0.00,,,,521,,,,0.9733333333333334,,14,,
6a8c50fcbb72a2e3bc168f1d,2026-08-24T13:03:19.000Z,union.coop,business,instagram,Story,Media only,https://www.instagram.com/stories/union.coop/3970803466097600566,,,,0,0.00,,,,488,,,,0.9856850715746421,,7,,
6a8c50fcbb72a2e3bc168f1b,2026-08-24T13:03:18.000Z,union.coop,business,instagram,Story,Media only,https://www.instagram.com/stories/union.coop/3970803459587973172,,,,0,0.00,,,,492,,,,0.9898785425101214,,5,,
6a8c267110fb18b2bca8b420,2026-08-24T08:38:38.000Z,union.coop,business,instagram,Story,Media only,https://www.instagram.com/stories/union.coop/3970670179536433004,,,,0,0.00,,,,522,,,,0.9157088122605364,,44,,
6a8c267110fb18b2bca8b416,2026-08-24T09:46:29.000Z,union.coop,business,instagram,Story,Media only,https://www.instagram.com/stories/union.coop/3970704338250319806,,,,0,0.00,,,,516,,,,0.9190751445086706,,42,,
6a8c267110fb18b2bca8b413,2026-08-24T08:26:01.000Z,union.coop,business,instagram,Story,Media only,https://www.instagram.com/stories/union.coop/3970663834309398359,,,,0,0.00,,,,539,,,,0.9461966604823747,,29,,
6a8c267110fb18b2bca8b40b,2026-08-24T08:11:23.000Z,union.coop,business,instagram,Story,Media only,https://www.instagram.com/stories/union.coop/3970656475084310237,,,,0,0.00,,,,546,,,,0.9379562043795621,,34,,
6a8bfb87e7a4bb9097da8c71,2026-08-24T06:39:14.000Z,union.coop,business,instagram,Story,Media only,https://www.instagram.com/stories/union.coop/3970610150441562722,,,,0,0.00,,,,588,,,,0.9713322091062394,,17,,
6a8bfb87e7a4bb9097da8c6f,2026-08-24T06:39:13.000Z,union.coop,business,instagram,Story,Media only,https://www.instagram.com/stories/union.coop/3970610149577542749,,,,0,0.00,,,,619,,,,0.9499192245557351,,31,,
6a8bfb87e7a4bb9097da8c6b,2026-08-24T06:39:15.000Z,union.coop,business,instagram,Story,Media only,https://www.instagram.com/stories/union.coop/3970610155323904085,,,,0,0.00,,,,583,,,,0.9897260273972602,,6,,
6a8bfb87e7a4bb9097da8c68,2026-08-24T06:39:18.000Z,union.coop,business,instagram,Story,Media only,https://www.instagram.com/stories/union.coop/3970610175347400456,,,,0,0.00,,,,559,,,,0.983957219251337,,9,,
6a8bfb87e7a4bb9097da8c66,2026-08-24T06:39:19.000Z,union.coop,business,instagram,Story,Media only,https://www.instagram.com/stories/union.coop/3970610183299843474,,,,0,0.00,,,,553,,,,0.9802513464991023,,11,,
6a8bfb87e7a4bb9097da8c63,2026-08-24T06:39:17.000Z,union.coop,business,instagram,Story,Media only,https://www.instagram.com/stories/union.coop/3970610169332645152,,,,0,0.00,,,,560,,,,0.9822380106571936,,10,,
6a8bfb87e7a4bb9097da8c60,2026-08-24T06:39:20.000Z,union.coop,business,instagram,Story,Media only,https://www.instagram.com/stories/union.coop/3970610248974196899,,,,0,0.00,,,,547,,,,0.9727767695099818,,15,,
6a8bfb87e7a4bb9097da8c5e,2026-08-24T06:39:16.000Z,union.coop,business,instagram,Story,Media only,https://www.instagram.com/stories/union.coop/3970610161766210655,,,,0,0.00,,,,575,,,,0.9791666666666666,,12,,
6a8bfb87e7a4bb9097da8c5c,2026-08-24T06:39:21.000Z,union.coop,business,instagram,Story,Media only,https://www.instagram.com/stories/union.coop/3970610250484201372,,,,0,0.00,,,,537,,,,0.9404096834264432,,32,,
6a8afd02b627333e2ec8c636,2026-08-23T13:20:23.000Z,union.coop,business,instagram,Story,Media only,https://www.instagram.com/stories/union.coop/3970087219198213989,,,,0,0.00,,,,593,,,,0.9614740368509213,,23,,
6a8afd02b627333e2ec8c634,2026-08-23T13:25:08.000Z,union.coop,business,instagram,Story,Media only,https://www.instagram.com/stories/union.coop/3970089621980785823,,,,0,0.00,,,,547,,,,0.9725776965265083,,15,,
6a8afd02b627333e2ec8c632,2026-08-23T13:21:28.000Z,union.coop,business,instagram,Story,Media only,https://www.instagram.com/stories/union.coop/3970087771135051073,,,,0,0.00,,,,577,,,,0.9568965517241379,,25,,
6a8afd02b627333e2ec8c630,2026-08-23T13:23:54.000Z,union.coop,business,instagram,Story,Media only,https://www.instagram.com/stories/union.coop/3970088995544722285,,,,0,0.00,,,,563,,,,0.9540636042402827,,26,,
6a8afd02b627333e2ec8c62e,2026-08-23T13:19:54.000Z,union.coop,business,instagram,Story,Media only,https://www.instagram.com/stories/union.coop/3970086971650353227,,,,0,0.00,,,,621,,,,0.9420289855072463,,36,,
6a89d40ce64ba0eadc73f4d4,2026-08-22T16:33:49.000Z,union.coop,business,instagram,Story,Media only,https://www.instagram.com/stories/union.coop/3969459871367568721,,,,0,0.00,,,,585,,,,0.7726495726495727,,133,,
6a8954cce64ba0eadc64bb62,2026-08-22T06:13:59.000Z,union.coop,business,instagram,Story,Media only,https://www.instagram.com/stories/union.coop/3969147905285597841,,,,0,0.00,,,,612,,,,0.8643790849673203,,83,,
6a88016416637c6fb7666d30,2026-08-21T06:05:46.000Z,union.coop,business,instagram,Story,Media only,https://www.instagram.com/stories/union.coop/3968418968168996463,,,,0,0.00,,,,516,,,,0.9806201550387597,,10,,
6a88016416637c6fb7666d2e,2026-08-21T06:05:41.000Z,union.coop,business,instagram,Story,Media only,https://www.instagram.com/stories/union.coop/3968418942768363953,,,,0,0.00,,,,548,,,,0.9835766423357665,,9,,
6a88016416637c6fb7666d2a,2026-08-21T06:05:44.000Z,union.coop,business,instagram,Story,Media only,https://www.instagram.com/stories/union.coop/3968418954998803820,,,,0,0.00,,,,531,,,,0.9792843691148776,,11,,
6a88016416637c6fb7666d24,2026-08-21T06:05:39.000Z,union.coop,business,instagram,Story,Media only,https://www.instagram.com/stories/union.coop/3968418935688162133,,,,0,0.00,,,,609,,,,0.9278688524590164,,44,,
6a88016416637c6fb7666d22,2026-08-21T06:05:48.000Z,union.coop,business,instagram,Story,Media only,https://www.instagram.com/stories/union.coop/3968419039748856435,,,,0,0.00,,,,515,,,,0.941747572815534,,30,,
6a88016416637c6fb7666d20,2026-08-21T06:05:43.000Z,union.coop,business,instagram,Story,Media only,https://www.instagram.com/stories/union.coop/3968418948313017343,,,,0,0.00,,,,541,,,,0.9759704251386322,,13,,
6a88016416637c6fb7666d1d,2026-08-21T06:05:47.000Z,union.coop,business,instagram,Story,Media only,https://www.instagram.com/stories/union.coop/3968419035814632086,,,,0,0.00,,,,514,,,,0.980544747081712,,10,,
6a872d16c1a762e81673257f,2026-08-20T14:34:46.000Z,union.coop,business,instagram,Story,Media only,https://www.instagram.com/stories/union.coop/3967950330085270991,,,,0,0.00,,,,606,,,,0.900990099009901,,60,,
6a8702aab94add20e5f9dd2a,2026-08-20T13:25:51.000Z,union.coop,business,instagram,Story,"10 أيام متبقية للمشاركة ⏳

Last 10 days to enter ⏳",https://www.instagram.com/stories/union.coop/3967915659824211964,,,,0,0.00,,,,713,,,,0.8485273492286115,,108,,
6a8602d8b9178876e7e9736f,2026-08-19T16:30:24.000Z,union.coop,business,instagram,Story,Media only,https://www.instagram.com/stories/union.coop/3967284125796859366,,,,0,0.00,,,,556,,,,0.9442446043165468,,31,,
6a8602d8b9178876e7e9736d,2026-08-19T16:30:29.000Z,union.coop,business,instagram,Story,Media only,https://www.instagram.com/stories/union.coop/3967284128816226030,,,,0,0.00,,,,503,,,,0.9701789264413518,,15,,
6a8602d8b9178876e7e97369,2026-08-19T16:30:30.000Z,union.coop,business,instagram,Story,Media only,https://www.instagram.com/stories/union.coop/3967284130452027982,,,,0,0.00,,,,495,,,,0.9676767676767677,,16,,
6a8602d8b9178876e7e97367,2026-08-19T16:30:25.000Z,union.coop,business,instagram,Story,Media only,https://www.instagram.com/stories/union.coop/3967284126869951878,,,,0,0.00,,,,530,,,,0.9660377358490566,,18,,
6a8602d8b9178876e7e97365,2026-08-19T16:30:26.000Z,union.coop,business,instagram,Story,Media only,https://www.instagram.com/stories/union.coop/3967284127658437215,,,,0,0.00,,,,519,,,,0.9614643545279383,,20,,
6a8602d8b9178876e7e97363,2026-08-19T16:30:31.000Z,union.coop,business,instagram,Story,Media only,https://www.instagram.com/stories/union.coop/3967284130904846233,,,,0,0.00,,,,481,,,,0.8295218295218295,,82,,
6a8602d8b9178876e7e9735f,2026-08-19T16:30:28.000Z,union.coop,business,instagram,Story,Media only,https://www.instagram.com/stories/union.coop/3967284129646510772,,,,0,0.00,,,,508,,,,0.9704724409448819,,15,,
6a85d84ef3c5fb7c06746f3b,2026-08-19T14:27:58.000Z,union.coop,business,instagram,Story,Media only,https://www.instagram.com/stories/union.coop/3967222218396049408,,,,0,0.00,,,,583,,,,0.8610634648370498,,81,,
6a85ad299bd212bfe556ce81,2026-08-19T12:55:29.000Z,union.coop,business,instagram,Story,Media only,https://www.instagram.com/stories/union.coop/3967175578249042247,,,,0,0.00,,,,654,,,,0.9357798165137614,,42,,
6a85ad299bd212bfe556ce7f,2026-08-19T12:55:46.000Z,union.coop,business,instagram,Story,Media only,https://www.instagram.com/stories/union.coop/3967175719999648639,,,,0,0.00,,,,620,,,,0.8870967741935484,,70,,
6a85ad299bd212bfe556ce7d,2026-08-19T12:55:11.000Z,union.coop,business,instagram,Story,Media only,https://www.instagram.com/stories/union.coop/3967175428789208440,,,,0,0.00,,,,746,,,,0.8615179760319573,,104,,
6a83303144e51413e18db2c2,2026-08-17T13:09:23.000Z,union.coop,business,instagram,Story,Media only,https://www.instagram.com/stories/union.coop/3965733112895371181,,,,0,0.00,,,,788,,,,0.929471032745592,,56,,
6a83303144e51413e18db2a6,2026-08-17T13:09:25.000Z,union.coop,business,instagram,Story,Media only,https://www.instagram.com/stories/union.coop/3965733118675051661,,,,0,0.00,,,,704,,,,0.9858557284299858,,10,,
6a83303144e51413e18db2a4,2026-08-17T13:09:43.000Z,union.coop,business,instagram,Story,Media only,https://www.instagram.com/stories/union.coop/3965733295431561671,,,,0,0.00,,,,628,,,,0.7587301587301587,,152,,
6a83303144e51413e18db2a2,2026-08-17T13:09:28.000Z,union.coop,business,instagram,Story,Media only,https://www.instagram.com/stories/union.coop/3965733136509409510,,,,0,0.00,,,,671,,,,0.9822485207100592,,12,,
6a83303144e51413e18db2a0,2026-08-17T13:09:27.000Z,union.coop,business,instagram,Story,Media only,https://www.instagram.com/stories/union.coop/3965733129957928576,,,,0,0.00,,,,685,,,,0.9854651162790697,,10,,
6a83303144e51413e18db29e,2026-08-17T13:09:31.000Z,union.coop,business,instagram,Story,Media only,https://www.instagram.com/stories/union.coop/3965733225277571293,,,,0,0.00,,,,658,,,,0.9803921568627451,,13,,
6a83303144e51413e18db29c,2026-08-17T13:09:26.000Z,union.coop,business,instagram,Story,Media only,https://www.instagram.com/stories/union.coop/3965733122366045724,,,,0,0.00,,,,696,,,,0.99,,7,,
6a83303144e51413e18db29a,2026-08-17T13:09:24.000Z,union.coop,business,instagram,Story,Media only,https://www.instagram.com/stories/union.coop/3965733113273967333,,,,0,0.00,,,,727,,,,0.9687074829931973,,23,,
6a83303144e51413e18db298,2026-08-17T13:09:32.000Z,union.coop,business,instagram,Story,Media only,https://www.instagram.com/stories/union.coop/3965733271884607108,,,,0,0.00,,,,646,,,,0.9707692307692307,,19,,
6a83303144e51413e18db296,2026-08-17T13:09:30.000Z,union.coop,business,instagram,Story,Media only,https://www.instagram.com/stories/union.coop/3965733219724415483,,,,0,0.00,,,,661,,,,0.990990990990991,,6,,
6a83303144e51413e18db294,2026-08-17T13:09:29.000Z,union.coop,business,instagram,Story,Media only,https://www.instagram.com/stories/union.coop/3965733148899303984,,,,0,0.00,,,,668,,,,0.9822485207100592,,12,,
6a81dcbd8b5f74c46570c5ae,2026-08-16T14:39:30.000Z,union.coop,business,instagram,Story,Media only,https://www.instagram.com/stories/union.coop/3965053818383170419,,12,,1,1.57,932,,,799,,,,81.46067415730337,12,169,11,463
6a80896689095256480ff95a,2026-08-15T14:09:59.000Z,union.coop,business,instagram,Story,Media only,https://www.instagram.com/stories/union.coop/3964314125626558742,,,,0,0.00,,,,653,,,,0.8196969696969697,,119,,
6a80348f27a10afdc9ae081d,2026-08-15T08:01:29.000Z,union.coop,business,instagram,Story,Media only,https://www.instagram.com/stories/union.coop/3964128600756090290,,,,0,0.00,,,,806,,,,0.9072289156626506,,77,,
6a80348f27a10afdc9ae081b,2026-08-15T08:51:13.000Z,union.coop,business,instagram,Story,Media only,https://www.instagram.com/stories/union.coop/3964153547337745508,,,,0,0.00,,,,631,,,,0.8553459119496856,,92,,
6a7f0b56316c6a822c7cc8d9,2026-08-14T09:44:14.000Z,union.coop,business,instagram,Story,Media only,https://www.instagram.com/stories/union.coop/3963455512768479481,,,,0,0.00,,,,529,,,,0.9792060491493384,,11,,
6a7f0b56316c6a822c7cc8d7,2026-08-14T09:44:18.000Z,union.coop,business,instagram,Story,Media only,https://www.instagram.com/stories/union.coop/3963455543831672221,,,,0,0.00,,,,510,,,,0.9725490196078431,,14,,
6a7f0b56316c6a822c7cc8d3,2026-08-14T09:44:20.000Z,union.coop,business,instagram,Story,Media only,https://www.instagram.com/stories/union.coop/3963455601452931628,,,,0,0.00,,,,496,,,,0.8629032258064516,,68,,
6a7f0b56316c6a822c7cc8cc,2026-08-14T09:44:15.000Z,union.coop,business,instagram,Story,Media only,https://www.instagram.com/stories/union.coop/3963455521719077443,,,,0,0.00,,,,523,,,,0.9770554493307839,,12,,
6a7f0b56316c6a822c7cc8c8,2026-08-14T09:44:12.000Z,union.coop,business,instagram,Story,Media only,https://www.instagram.com/stories/union.coop/3963455502266080444,,,,0,0.00,,,,566,,,,0.9452296819787986,,31,,
6a7f0b56316c6a822c7cc8c5,2026-08-14T09:44:19.000Z,union.coop,business,instagram,Story,Media only,https://www.instagram.com/stories/union.coop/3963455593517374558,,,,0,0.00,,,,505,,,,0.9742574257425742,,13,,
6a7f0b56316c6a822c7cc8c3,2026-08-14T09:44:17.000Z,union.coop,business,instagram,Story,Media only,https://www.instagram.com/stories/union.coop/3963455536952926885,,,,0,0.00,,,,511,,,,0.9784735812133072,,11,,
6a7f0b56316c6a822c7cc8c0,2026-08-14T09:44:16.000Z,union.coop,business,instagram,Story,Media only,https://www.instagram.com/stories/union.coop/3963455529134816159,,,,0,0.00,,,,517,,,,0.97678916827853,,12,,
6a7f0b56316c6a822c7cc8bd,2026-08-14T09:44:13.000Z,union.coop,business,instagram,Story,Media only,https://www.instagram.com/stories/union.coop/3963455508322540063,,,,0,0.00,,,,544,,,,0.9705882352941176,,16,,
6a7ee0e2b3ef27b5a857d34a,2026-08-14T07:36:28.000Z,union.coop,business,instagram,Story,Media only,https://www.instagram.com/stories/union.coop/3963391267850726678,,,,0,0.00,,,,573,,,,0.9808027923211169,,11,,
6a7ee0e2b3ef27b5a857d33d,2026-08-14T07:36:30.000Z,union.coop,business,instagram,Story,Media only,https://www.instagram.com/stories/union.coop/3963391273764751165,,,,0,0.00,,,,566,,,,0.9346289752650176,,37,,
6a7ee0e2b3ef27b5a857d33b,2026-08-14T07:36:25.000Z,union.coop,business,instagram,Story,Media only,https://www.instagram.com/stories/union.coop/3963391178814154398,,,,0,0.00,,,,595,,,,0.9831932773109243,,10,,
6a7ee0e2b3ef27b5a857d336,2026-08-14T07:36:22.000Z,union.coop,business,instagram,Story,Media only,https://www.instagram.com/stories/union.coop/3963391164587081363,,,,0,0.00,,,,637,,,,0.9466248037676609,,34,,
6a7ee0e2b3ef27b5a857d334,2026-08-14T07:36:26.000Z,union.coop,business,instagram,Story,Media only,https://www.instagram.com/stories/union.coop/3963391186716076751,,,,0,0.00,,,,587,,,,0.989778534923339,,6,,
6a7ee0e2b3ef27b5a857d332,2026-08-14T07:36:24.000Z,union.coop,business,instagram,Story,Media only,https://www.instagram.com/stories/union.coop/3963391173252594686,,,,0,0.00,,,,601,,,,0.9767054908485857,,14,,
6a7ee0e2b3ef27b5a857d330,2026-08-14T07:36:27.000Z,union.coop,business,instagram,Story,Media only,https://www.instagram.com/stories/union.coop/3963391198661687191,,,,0,0.00,,,,582,,,,0.9879725085910653,,7,,
6a7ee0e2b3ef27b5a857d32d,2026-08-14T07:36:23.000Z,union.coop,business,instagram,Story,Media only,https://www.instagram.com/stories/union.coop/3963391170853420135,,,,0,0.00,,,,608,,,,0.9851973684210527,,9,,
6a7ee0e2b3ef27b5a857d32a,2026-08-14T07:36:29.000Z,union.coop,business,instagram,Story,Media only,https://www.instagram.com/stories/union.coop/3963391270132464941,,,,0,0.00,,,,569,,,,0.9947275922671354,,3,,
6a7eb5b138e1489b1d22cf7d,2026-08-14T04:20:19.000Z,union.coop,business,instagram,Story,Media only,https://www.instagram.com/stories/union.coop/3963292455895443155,,,,0,0.00,,,,740,,,,0.8663967611336032,,99,,
6a7db6968ac265479f74e4e5,2026-08-13T10:34:06.000Z,union.coop,business,instagram,Story,Media only,https://www.instagram.com/stories/union.coop/3962755787803780573,,,,0,0.00,,,,640,,,,0.8234375,,113,,
6a7db6968ac265479f74e4e3,2026-08-13T10:34:05.000Z,union.coop,business,instagram,Story,Media only,https://www.instagram.com/stories/union.coop/3962755788197867537,,,,0,0.00,,,,681,,,,0.9104258443465492,,61,,
6a7d8c20e306d52f955d8877,2026-08-13T06:32:30.000Z,union.coop,business,instagram,Story,Media only,https://www.instagram.com/stories/union.coop/3962634224760254474,,,,0,0.00,,,,656,,,,0.9740853658536586,,17,,
6a7d8c20e306d52f955d8875,2026-08-13T06:32:28.000Z,union.coop,business,instagram,Story,Media only,https://www.instagram.com/stories/union.coop/3962634212110068199,,,,0,0.00,,,,685,,,,0.9605839416058394,,27,,
6a7d8c20e306d52f955d8873,2026-08-13T06:32:31.000Z,union.coop,business,instagram,Story,Media only,https://www.instagram.com/stories/union.coop/3962634232754581731,,,,0,0.00,,,,640,,,,0.971875,,18,,
6a7d8c20e306d52f955d8871,2026-08-13T06:32:33.000Z,union.coop,business,instagram,Story,Media only,https://www.instagram.com/stories/union.coop/3962634298051372843,,,,0,0.00,,,,627,,,,0.9760765550239234,,15,,
6a7d8c20e306d52f955d886f,2026-08-13T06:32:27.000Z,union.coop,business,instagram,Story,Media only,https://www.instagram.com/stories/union.coop/3962634208771370305,,,,0,0.00,,,,756,,,,0.8994708994708995,,76,,
6a7d8c20e306d52f955d886d,2026-08-13T06:32:34.000Z,union.coop,business,instagram,Story,Media only,https://www.instagram.com/stories/union.coop/3962634298194046955,,,,0,0.00,,,,616,,,,0.9383116883116883,,38,,
6a7d8c20e306d52f955d886b,2026-08-13T06:32:32.000Z,union.coop,business,instagram,Story,Media only,https://www.instagram.com/stories/union.coop/3962634239414998070,,,,0,0.00,,,,633,,,,0.9715639810426541,,18,,
6a7d8c20e306d52f955d8869,2026-08-13T06:32:29.000Z,union.coop,business,instagram,Story,Media only,https://www.instagram.com/stories/union.coop/3962634218527445236,,,,0,0.00,,,,663,,,,0.9773755656108597,,15,,
6a7a0aecdfdf2c45a3096b84,2026-08-10T16:18:29.000Z,union.coop,business,instagram,Story,Media only,https://www.instagram.com/stories/union.coop/3960754961549636038,,,,0,0.00,,,,850,,,,0.8710407239819005,,114,,
6a79df4e15daf0e7dbded45b,2026-08-10T13:44:46.000Z,union.coop,business,instagram,Story,Media only,https://www.instagram.com/stories/union.coop/3960677473513537333,,,,0,0.00,,,,706,,,,0.9943661971830986,,4,,
6a79df4e15daf0e7dbded459,2026-08-10T13:44:49.000Z,union.coop,business,instagram,Story,Media only,https://www.instagram.com/stories/union.coop/3960677560687351589,,,,0,0.00,,,,692,,,,0.9814020028612304,,13,,
6a79df4e15daf0e7dbded457,2026-08-10T13:33:11.000Z,union.coop,business,instagram,Story,Media only,https://www.instagram.com/stories/union.coop/3960671641650395609,,,,0,0.00,,,,810,,,,0.8982843137254902,,83,,
6a79df4e15daf0e7dbded455,2026-08-10T13:45:04.000Z,union.coop,business,instagram,Story,Media only,https://www.instagram.com/stories/union.coop/3960677639355810869,,,,0,0.00,,,,671,,,,0.9310850439882699,,47,,
6a79df4e15daf0e7dbded452,2026-08-10T13:44:40.000Z,union.coop,business,instagram,Story,Media only,https://www.instagram.com/stories/union.coop/3960677443632789613,,,,0,0.00,,,,764,,,,0.9568062827225131,,33,,
6a79df4e15daf0e7dbded450,2026-08-10T13:44:43.000Z,union.coop,business,instagram,Story,Media only,https://www.instagram.com/stories/union.coop/3960677453095021580,,,,0,0.00,,,,727,,,,0.9821917808219178,,13,,
6a79df4e15daf0e7dbded44e,2026-08-10T13:44:42.000Z,union.coop,business,instagram,Story,Media only,https://www.instagram.com/stories/union.coop/3960677447877401336,,,,0,0.00,,,,734,,,,0.9823129251700681,,13,,
6a79df4e15daf0e7dbded44c,2026-08-10T13:44:48.000Z,union.coop,business,instagram,Story,Media only,https://www.instagram.com/stories/union.coop/3960677548280719536,,,,0,0.00,,,,697,,,,0.9743954480796586,,18,,
6a79df4e15daf0e7dbded44a,2026-08-10T13:44:47.000Z,union.coop,business,instagram,Story,Media only,https://www.instagram.com/stories/union.coop/3960677481666654534,,,,0,0.00,,,,704,,,,0.9901129943502824,,7,,
6a79df4e15daf0e7dbded448,2026-08-10T13:44:41.000Z,union.coop,business,instagram,Story,Media only,https://www.instagram.com/stories/union.coop/3960677442013773394,,,,0,0.00,,,,743,,,,0.9825033647375505,,13,,
6a79df4e15daf0e7dbded446,2026-08-10T13:44:45.000Z,union.coop,business,instagram,Story,Media only,https://www.instagram.com/stories/union.coop/3960677466332380768,,,,0,0.00,,,,711,,,,0.9915848527349229,,6,,
6a79df4e15daf0e7dbded443,2026-08-10T13:44:44.000Z,union.coop,business,instagram,Story,Media only,https://www.instagram.com/stories/union.coop/3960677460225490905,,,,0,0.00,,,,718,,,,0.9888579387186629,,8,,
6a79b33cbeeb3ab14d62a917,2026-08-10T07:05:58.000Z,union.coop,business,instagram,Story,Media only,https://www.instagram.com/stories/union.coop/3960476695829508416,,,,0,0.00,,,,890,,,,0.8599137931034483,,130,,
6a7909cef7cd0f6bde82f237,2026-08-09T20:01:49.000Z,union.coop,business,instagram,Story,Media only,https://www.instagram.com/stories/union.coop/3960142429667306638,,,,0,0.00,,,,869,,,,0.8665158371040724,,118,,
6a7760a8d3a2bb07a528ab63,2026-08-08T11:26:57.000Z,union.coop,business,instagram,Story,Media only,https://www.instagram.com/stories/union.coop/3959158495680967665,,,,0,0.00,,,,561,,,,0.7720848056537102,,129,,
6a770b8d0d656badca43f03a,2026-08-08T06:12:00.000Z,union.coop,business,instagram,Story,Media only,https://www.instagram.com/stories/union.coop/3959000039531530161,,,,0,0.00,,,,636,,,,0.782608695652174,,140,,
6a75b8e00fd11bd9e74118eb,2026-08-07T05:58:45.000Z,union.coop,business,instagram,Story,Media only,https://www.instagram.com/stories/union.coop/3958268608406102759,,,,0,0.00,,,,631,,,,0.9750778816199377,,16,,
6a75b8e00fd11bd9e74118e9,2026-08-07T05:58:44.000Z,union.coop,business,instagram,Story,Media only,https://www.instagram.com/stories/union.coop/3958268597517861404,,,,0,0.00,,,,638,,,,0.9829984544049459,,11,,
6a75b8e00fd11bd9e74118e7,2026-08-07T05:58:46.000Z,union.coop,business,instagram,Story,Media only,https://www.instagram.com/stories/union.coop/3958268616987806894,,,,0,0.00,,,,628,,,,0.9687010954616588,,20,,
6a75b8e00fd11bd9e74118e5,2026-08-07T05:58:42.000Z,union.coop,business,instagram,Story,Media only,https://www.instagram.com/stories/union.coop/3958268583592644006,,,,0,0.00,,,,676,,,,0.9546783625730995,,31,,
6a75b8e00fd11bd9e74118e3,2026-08-07T05:58:41.000Z,union.coop,business,instagram,Story,Media only,https://www.instagram.com/stories/union.coop/3958268574944007924,,,,0,0.00,,,,714,,,,0.9201101928374655,,58,,
6a75b8e00fd11bd9e74118e1,2026-08-07T05:58:47.000Z,union.coop,business,instagram,Story,Media only,https://www.instagram.com/stories/union.coop/3958268676270123951,,,,0,0.00,,,,619,,,,0.9760383386581469,,15,,
6a75b8e00fd11bd9e74118df,2026-08-07T05:58:43.000Z,union.coop,business,instagram,Story,Media only,https://www.instagram.com/stories/union.coop/3958268586830641130,,,,0,0.00,,,,650,,,,0.9847560975609756,,10,,
6a75b8e00fd11bd9e74118dc,2026-08-07T05:58:48.000Z,union.coop,business,instagram,Story,Media only,https://www.instagram.com/stories/union.coop/3958268677922686763,,,,0,0.00,,,,613,,,,0.9726688102893891,,17,,
6a75b8e00fd11bd9e74118da,2026-08-07T05:58:50.000Z,union.coop,business,instagram,Story,Media only,https://www.instagram.com/stories/union.coop/3958268679768079639,,,,0,0.00,,,,589,,,,0.8973063973063973,,61,,
6a756442ede21b10aa95ba59,2026-08-07T01:39:55.000Z,union.coop,business,instagram,Story,Media only,https://www.instagram.com/stories/union.coop/3958138255905432059,,,,0,0.00,,,,893,,,,0.8300438596491229,,155,,
69aebb42cd6cfca3490547fa,2026-03-09T12:22:21.554Z,union.coop,business,instagram,Story,Media only,https://www.instagram.com/stories/union.coop/3849019367048711790,,,,0,0.00,,,,1378,,,,0.7148040638606676,,393,,
69a148c28aa5bddf40030e5c,2026-02-28T10:01:35.640Z,union.coop,business,instagram,Story,Media only,https://www.instagram.com/stories/union.coop/3842425668907215170,,,,0,0.00,,,,1418,,,,0.760495526496903,,348,,
6992afdbddd3a169820fa3a0,2026-02-17T05:00:57.365Z,union.coop,business,instagram,Story,Media only,https://www.instagram.com/stories/union.coop/3834301821800295053,,,,0,0.00,,,,1203,,,,0.9012345679012346,,120,,